Date,Close,High,Low,Open,Volume
2017-09-01,1195.9122314453125,1207.6617804063417,1188.430956234426,1194.137833182155,582556
2017-09-04,1192.507568359375,1213.3210124108577,1171.1185424139583,1198.358341919542,575724
2017-09-05,1221.761474609375,1230.0101152521086,1193.2268518457256,1195.193032912189,807491
2017-09-06,1213.1290283203125,1227.3723361616114,1206.7985652056375,1213.3208108641802,394360
2017-09-07,1249.8643798828125,1263.9639104417147,1214.280051091359,1214.280051091359,1224101
2017-09-08,1237.443359375,1256.3865100824194,1223.247938846983,1251.686666996565,707341
2017-09-11,1252.358154296875,1279.9816339191873,1246.8910633907408,1256.482533109131,1218914
2017-09-12,1266.937255859375,1273.747175928463,1241.5677482574642,1246.8910607733449,828715
2017-09-13,1236.3404541015625,1276.6246271599532,1227.708131303336,1264.05982517032,770855
2017-09-14,1238.642333984375,1250.9193440930899,1222.384723728068,1243.1982817737482,898093
2017-09-15,1235.525146484375,1245.5961892916653,1222.9123408852383,1233.4629571595424,408293
2017-09-18,1260.319091796875,1269.6227703748136,1230.6814276370328,1238.3546032339698,708650
2017-09-19,1244.8768310546875,1263.1965141068379,1236.6281908257124,1263.1965141068379,464644
2017-09-20,1245.404296875,1255.2355530057794,1239.2178459480026,1244.972727585532,281371
2017-09-21,1224.063232421875,1246.4114021251828,1201.0437067189089,1245.8838244944782,551477
2017-09-22,1198.0223388671875,1233.2709832226928,1193.2266049412683,1212.3615364723464,570362
2017-09-25,1189.39013671875,1197.8305590222537,1156.7311385845733,1197.8305590222537,517472
2017-09-26,1206.3670654296875,1213.320880754168,1175.0988985597319,1175.0988985597319,384614
2017-09-27,1169.727783203125,1217.061664743072,1159.8485221640362,1208.477228751167,468284
2017-09-28,1168.14501953125,1188.3829954725036,1153.9495987406879,1169.0082751480231,534402
2017-09-29,1172.509033203125,1195.0969886093,1168.432659044546,1174.9549045316153,394413
2017-10-03,1178.407958984375,1189.2942538163186,1167.3777686884187,1189.2942538163186,317436
2017-10-04,1186.5126953125,1197.9744537007123,1175.4345020097862,1180.5659144036017,257765
2017-10-05,1223.6317138671875,1231.5446761555702,1187.423916729436,1190.3013575615753,728561
2017-10-06,1235.2373046875,1241.9034458544122,1227.5641295313612,1235.3812001383499,565437
2017-10-09,1231.5447998046875,1249.4808026258122,1225.7899175626094,1235.6211747261593,507308
2017-10-10,1236.3404541015625,1246.7471753916393,1227.7561354855634,1231.544719213659,454422
2017-10-11,1224.255126953125,1263.7240453169338,1217.1574164742701,1234.4220606795789,810193
2017-10-12,1237.4912109375,1243.054309464433,1226.1733484315869,1227.7079599648719,636005
2017-10-13,1237.01171875,1245.068576183033,1230.5854813083909,1239.2178034687772,309042
2017-10-16,1235.716796875,1248.5693878330285,1231.0169539842507,1237.2994125635544,229432
2017-10-17,1252.789794921875,1263.196515769514,1230.5855199182129,1236.6760795502387,451225
2017-10-18,1287.8466796875,1293.8893528536744,1258.68870343074,1261.8538184026675,1100696
2017-10-19,1265.402587890625,1292.5463756804156,1252.6458869254957,1290.052617086364,146358
2017-10-23,1273.8428955078125,1278.254947557637,1252.6937779238633,1273.5072175302937,363858
2017-10-24,1279.453857421875,1288.134183001428,1265.0666550800868,1273.8428719252481,372398
2017-10-25,1310.24267578125,1313.8873637684874,1263.2444774587527,1280.940691014185,891141
2017-10-26,1294.3206787109375,1314.0311934459696,1288.9494797310413,1314.0311934459696,547685
2017-10-27,1293.6494140625,1327.459343141798,1288.3261017996476,1294.8483477177942,534795
2017-10-30,1296.286865234375,1305.0150774622732,1292.9778556969711,1296.8144427934842,215252
2017-10-31,1304.0560302734375,1315.4218969981519,1290.1005138941546,1295.8073908026895,464224
2017-11-01,1307.0294189453125,1324.581853849215,1300.1236081771258,1304.05608700577,378454
2017-11-02,1311.1539306640625,1327.5553207180212,1299.740058107006,1305.3990487445421,436907
2017-11-03,1354.123779296875,1360.070443854143,1305.0153827243316,1311.8253029969123,898925
2017-11-06,1315.326171875,1354.2196282821822,1307.0295271805537,1354.2196282821822,1231364
2017-11-07,1278.01513671875,1328.3703448965314,1268.9512460800902,1315.9494403793528,608775
2017-11-08,1268.9033203125,1290.0525558873426,1255.52326814612,1277.5836464252345,368535
2017-11-09,1286.2159423828125,1290.0525298321274,1268.2799428906085,1278.5427674841828,219435
2017-11-10,1290.38818359375,1306.3580019684048,1273.9387917969334,1281.4201840159976,388655
2017-11-13,1263.244384765625,1297.3899886451004,1256.7701436350355,1291.0116387812561,250905
2017-11-14,1242.0472412109375,1266.0739180805847,1235.621003763116,1257.4415959118535,467553
2017-11-15,1208.90869140625,1238.354452338126,1197.5428248549133,1234.517865007153,505334
2017-11-16,1239.6014404296875,1246.6031423432403,1209.8678874063175,1214.2799395995653,368701
2017-11-17,1261.51806640625,1280.4612192756842,1253.7009950966194,1257.4416917381438,580800
2017-11-20,1266.02587890625,1272.0205469132748,1247.226623452892,1247.226623452892,343454
2017-11-21,1283.3865966796875,1291.1076592171298,1266.9372034114656,1267.5126681528643,576162
2017-11-22,1274.1304931640625,1289.572731538221,1266.792997530015,1286.2157181054329,262860
2017-11-23,1272.4520263671875,1282.4750628119073,1250.1997520931739,1275.9529353307364,298665
2017-11-24,1279.31005859375,1289.381100071846,1273.6030648394853,1280.460987929335,248861
2017-11-27,1298.2532958984375,1304.4397463917314,1269.9104589872445,1271.8287527319383,614858
2017-11-28,1299.8358154296875,1309.8589706565697,1290.9637067181077,1302.521473548699,481109
2017-11-29,1294.36865234375,1307.65281257655,1287.4628419730345,1299.8357424636204,267800
2017-11-30,1258.3048095703125,1296.7185716897256,1251.7346768888422,1285.2568133591574,455662
2017-12-01,1244.2532958984375,1275.473573821775,1236.3403341014346,1262.2372999825352,431283
2017-12-04,1236.244384765625,1256.482359661052,1222.2887514184906,1245.9317444272567,418825
2017-12-05,1240.41650390625,1252.0221558789233,1221.281573548069,1240.1287130549963,655759
2017-12-06,1213.896240234375,1246.7950243016232,1210.635117500057,1244.9726218545022,370319
2017-12-07,1234.61376953125,1240.1768680542398,1217.1573438212145,1217.1573438212145,279476
2017-12-08,1266.7451171875,1269.6225575540195,1238.5462952622859,1238.5462952622859,514148
2017-12-11,1312.0172119140625,1327.4594552821,1268.711701209825,1268.711701209825,1248882
2017-12-12,1328.6102294921875,1337.914024605298,1305.54281696309,1314.990390443477,957706
2017-12-13,1272.404052734375,1337.050566979161,1255.906775498816,1334.173126734586,1862425
2017-12-14,1264.9708251953125,1281.6600041382749,1242.286978319056,1273.6990382895171,641552
2017-12-15,1276.4805908203125,1287.0792105862317,1259.9353072830334,1275.6653393960169,419546
2017-12-18,1279.5020751953125,1294.1770708671083,1221.377791447942,1266.074017434642,624500
2017-12-19,1300.603271484375,1303.2889297927638,1277.871535475407,1282.2835880534442,661315
2017-12-20,1329.0418701171875,1342.8056041429818,1287.223090433406,1287.223090433406,659168
2017-12-21,1334.22119140625,1345.682948733542,1311.8730243266587,1339.2567120625945,854218
2017-12-22,1367.35986328125,1375.4167210471537,1331.2959615156549,1331.2959615156549,1085072
2017-12-26,1374.5054931640625,1381.1715171949581,1348.560523038966,1366.7363097131527,642888
2017-12-27,1372.2994384765625,1385.0081350062248,1361.9886092166478,1373.4983721114363,372925
2017-12-28,1364.8179931640625,1384.4805040182364,1362.0844479985685,1366.8801823532451,503626
2017-12-29,1378.677734375,1390.6670702501767,1367.7434366401671,1367.7434366401671,368882
2018-01-01,1359.1591796875,1386.9264359811634,1352.3971471185619,1368.4628579088,459843
2018-01-02,1349.088134765625,1369.1822157216802,1335.9477518323238,1361.988613887766,349581
2018-01-03,1351.7735595703125,1365.8250840270082,1341.2229444549353,1356.2336157403017,436771
2018-01-04,1378.0540771484375,1381.9865553613556,1351.6295376577564,1355.2743420990028,543466
2018-01-05,1376.375732421875,1395.0310918572472,1367.6475194866027,1379.7327464033917,592765
2018-01-08,1377.286865234375,1386.3987602618088,1372.0595617625052,1376.3757225649738,278811
2018-01-09,1390.1875,1411.0968315641953,1369.8056289655058,1377.3349084956944,728822
2018-01-10,1379.8287353515625,1400.9299675863056,1372.5392421780514,1395.5587682523164,412221
2018-01-11,1377.622802734375,1399.82696082505,1373.8341020549115,1381.1715995944303,347963
2018-01-12,1372.2994384765625,1387.6937931816872,1347.5534014194218,1379.2532535588305,420805
2018-01-15,1368.606689453125,1384.3367215059993,1361.9885526468315,1371.5800213274429,725302
2018-01-16,1359.7344970703125,1391.1465550621701,1347.2655885544607,1368.6066050527456,609673
2018-01-17,1358.58349609375,1370.524944514148,1337.818060652896,1362.8517697861896,402964
2018-01-18,1327.363525390625,1376.6156992615888,1314.2231415507165,1364.8661487888808,423433
2018-01-19,1351.8216552734375,1357.5285324570846,1321.7044193973481,1341.8465041632005,514662
2018-01-22,1357.9600830078125,1363.9067463201725,1336.9067405484304,1348.7521800832753,404414
2018-01-23,1366.6885986328125,1380.0207654949957,1357.288911096874,1366.4966989806937,522845
2018-01-24,1363.3792724609375,1385.2958721221187,1355.1306327899658,1370.3330872731951,500559
2018-01-25,1341.70263671875,1371.6280906741154,1330.432660483563,1369.565901393132,867473
2018-01-29,1349.8072509765625,1380.2121557323255,1342.8054329570923,1360.9333297186815,1228914
2018-01-30,1340.5037841796875,1350.5269402835893,1329.761384930409,1345.2995190380032,490491
2018-01-31,1331.5357666015625,1347.793260732664,1320.3616811060785,1333.214273780783,428050
2018-02-01,1326.59619140625,1340.6957225469525,1282.0438601190554,1340.6957225469525,791779
2018-02-02,1240.656494140625,1312.9761925926298,1214.2799548372873,1309.2354963293028,1072610
2018-02-05,1196.0081787109375,1226.7008794747348,1139.0828336797547,1179.9424681548874,1448322
2018-02-06,1210.0596923828125,1229.6263123453864,1105.0811121598365,1141.384798510928,1135785
2018-02-07,1174.5234375,1245.7879852129313,1163.397239279198,1227.8039800069373,667171
2018-02-08,1216.677978515625,1222.4808647419743,1166.6105515779734,1172.077642685135,562983
2018-02-09,1210.7789306640625,1217.1572802538512,1170.1590873992895,1170.1590873992895,546864
2018-02-12,1228.2353515625,1232.45550336911,1204.1606757641664,1214.279720266388,454445
2018-02-14,1223.104248046875,1246.795249980984,1216.1984362516678,1222.9124654738773,559095
2018-02-15,1199.0775146484375,1236.3403481164223,1184.7381983128191,1235.3812012210644,583978
2018-02-16,1146.9957275390625,1212.889185831605,1134.91050074706,1203.729286657562,967047
2018-02-19,1138.4114990234375,1150.7845176674482,1126.613945112863,1141.3848310489932,663905
2018-02-20,1148.098876953125,1162.7258676578326,1131.8413832982878,1131.8413832982878,690785
2018-02-21,1123.4010009765625,1158.7455469395968,1114.5288906166622,1155.820218638524,720044
2018-02-22,1102.0599365234375,1125.079465223666,1098.2713525915426,1117.1184980481526,712359
2018-02-23,1145.8927001953125,1149.9211872340768,1104.0260336646252,1111.6512043242749,583553
2018-02-26,1169.6317138671875,1177.1131069906367,1147.8591247024194,1154.8129401643728,509724
2018-02-27,1160.4718017578125,1176.873189540111,1156.7311056115516,1176.873189540111,252158
2018-02-28,1170.3990478515625,1175.8182514529203,1140.185919388277,1152.8946162815637,322842
2018-03-01,1173.0848388671875,1188.8627609058824,1165.3636583304938,1165.3636583304938,466853
2018-03-05,1159.0330810546875,1171.1183079907462,1149.057930362747,1165.3634268703986,597752
2018-03-06,1131.313720703125,1173.8998646786931,1122.2018255384962,1164.404287353619,479926
2018-03-07,1117.741943359375,1135.5820543075129,1110.7881275451334,1126.9018441273467,416527
2018-03-08,1123.448974609375,1130.8343599828665,1088.1523167095522,1122.2020366242186,433691
2018-03-09,1087.96044921875,1131.2179539230156,1081.3901988418893,1127.9568308253838,500864
2018-03-12,1137.7879638671875,1141.3847645959563,1100.141449572741,1100.141449572741,709577
2018-03-13,1164.9798583984375,1170.1592753288617,1124.839582083543,1149.6335072465836,813347
2018-03-14,1160.61572265625,1171.0703299246234,1155.915879553175,1162.5819034995259,423896
2018-03-15,1148.146728515625,1177.6883798276335,1145.221283930202,1160.375850266136,470639
2018-03-16,1135.5340576171875,1157.9301146959806,1123.5926082593085,1150.9762995528488,513059
2018-03-19,1112.994140625,1147.4275394361746,1097.9354633083035,1140.4257198902967,517004
2018-03-20,1107.8148193359375,1119.8041572075385,1091.269533073128,1103.4986577021612,293994
2018-03-21,1107.3349609375,1128.9157635542986,1101.5320760671998,1117.4060021586727,372541
2018-03-22,1102.923095703125,1116.7827222279302,1091.5092236385615,1115.4878972685826,310217
2018-03-23,1080.6708984375,1096.0172507267816,1070.456076361648,1088.0564007267426,461057
2018-03-26,1097.3599853515625,1102.9230844101128,1057.987073904234,1081.917743108618,696222
2018-03-27,1108.0064697265625,1123.161037821721,1093.6192659969931,1102.0598056850192,538204
2018-03-28,1095.921142578125,1107.81458666549,1080.574793325616,1102.059705695799,555849
2018-04-02,1133.232177734375,1139.4666332191598,1097.264165322154,1100.0936021318992,312227
2018-04-03,1149.968994140625,1154.1413763332944,1115.056144739242,1126.0383286237409,411792
2018-04-04,1118.4134521484375,1167.2819469735084,1112.850352486453,1152.8947413822164,544943
2018-04-05,1152.2232666015625,1161.5269450922412,1131.745385752607,1131.7933899329848,410178
2018-04-06,1165.698974609375,1175.2425549843317,1141.3846280092089,1155.5320425160455,475683
2018-04-09,1154.3333740234375,1178.7916216658118,1146.5163028308673,1169.2001520021356,491969
2018-04-10,1160.9991455078125,1172.0293332164524,1150.016961970374,1161.5267230576505,390850
2018-04-11,1160.0401611328125,1165.8430466599393,1139.7062938656297,1162.006459093802,496036
2018-04-12,1151.69580078125,1164.5483944502419,1144.4541938430489,1161.5270578772381,334040
2018-04-13,1167.1378173828125,1173.0365939086726,1150.592534271672,1162.1981877039748,544038
2018-04-16,1178.216064453125,1184.5464105177623,1157.162719943299,1163.4451789133973,599643
2018-04-17,1178.31201171875,1192.219642300697,1166.9940310325087,1179.750732123779,497803
2018-04-18,1171.789794921875,1189.342231134056,1167.2818510404404,1174.9550267251761,423982
2018-04-19,1188.4788818359375,1191.2604312192245,1170.1591997483524,1184.546403023947,462967
2018-04-20,1175.7701416015625,1188.3829460844242,1160.6156916351645,1177.880334919684,586310
2018-04-23,1189.29443359375,1194.1381734196916,1163.4454653478604,1163.4454653478604,457842
2018-04-24,1175.0509033203125,1200.8519796544826,1167.5696273712078,1187.903495848304,566893
2018-04-25,1181.525146484375,1199.3173692333485,1165.5074392589102,1176.8733071953457,731768
2018-04-26,1170.6866455078125,1185.4574122070248,1163.540931769111,1177.3526687746644,431178
2018-04-27,1198.6937255859375,1206.1271133621256,1177.2568178028912,1187.2798551322817,644189
2018-04-30,1210.9710693359375,1213.3209326092233,1199.3174100843207,1206.606903733125,551880
2018-05-02,1097.1680908203125,1221.9530709609576,1086.905149409168,1209.9637354923454,2259551
2018-05-03,1039.5714111328125,1103.0190060727123,1014.2979121059942,1102.05985911091,2096852
2018-05-04,1067.770263671875,1085.9460502062223,1029.9798532004788,1038.7560705651388,1524539
2018-05-07,1056.3564453125,1071.0793272347228,1040.866199014839,1071.0793272347228,454181
2018-05-08,1066.9068603515625,1082.6848945859144,1056.9797149391745,1056.9797149391745,442580
2018-05-09,1055.781005859375,1074.2445846581877,1052.1842047946714,1064.5572238739258,282766
2018-05-10,1030.1236572265625,1057.411336694988,1026.3350742218713,1056.0206206763924,492435
2018-05-11,1062.9747314453125,1072.5662020651664,1019.189644649003,1040.2908800126816,765459
2018-05-14,1034.87158203125,1059.7135121049455,1031.1788895935022,1051.2730889734319,368905
2018-05-15,1036.502197265625,1059.8574025846397,1025.3281116407056,1043.5519040833374,546668
2018-05-16,1019.81298828125,1034.9195526503352,1008.0634382164061,1030.1238179299905,473521
2018-05-17,1026.9583740234375,1038.70792166096,1007.5836565891863,1025.7594405910372,455851
2018-05-18,1022.6423950195312,1042.5926977059435,1015.4009060536526,1025.3280532177125,565883
2018-05-21,965.8129272460938,993.6761313839987,888.7934473037196,959.1468449652497,5708881
2018-05-22,957.0368041992188,973.5820888999657,947.6371759036527,968.738408565475,1104426
2018-05-23,898.09716796875,968.6904142711674,890.2322102959156,954.3511565424201,1641049
2018-05-24,911.6212158203125,915.985322664987,879.5377391453331,894.4045166336131,1542535
2018-05-25,911.7171020507812,932.0030830246636,905.4347013714241,912.9160357125548,1038564
2018-05-28,912.2926635742188,929.3175222850388,904.0439645104442,914.2589031536103,915333
2018-05-29,911.8129272460938,922.6512743588522,896.9461518720275,905.4345776205503,540875
2018-05-30,924.6177368164062,932.7704865704928,900.1594875541466,900.1594875541466,818515
2018-05-31,908.4558715820312,930.372351497019,904.8110670830353,924.6174709722952,1060932
2018-06-01,875.98876953125,918.3351245933025,868.4115448601392,910.1344310792589,957838
2018-06-04,887.4027099609375,892.5820680163922,855.6069672975365,876.0367842454698,1164555
2018-06-05,864.574951171875,890.855538434814,846.2072664877187,890.855538434814,721896
2018-06-06,868.0758666992188,880.4968304271976,853.6886635876632,857.8609876150219,650970
2018-06-07,883.0866088867188,898.5288513705251,868.0279900580381,869.5146561227289,702907
2018-06-08,905.2428588867188,908.2641951264204,875.557249758466,880.4968798540589,725200
2018-06-11,892.72607421875,912.1488010550968,888.1701259484959,909.2713600423047,640043
2018-06-12,895.4595336914062,902.4613529828588,887.2588393015484,895.7473245983724,450462
2018-06-13,892.8699340820312,910.6620985933123,889.3210785994308,898.7207071580618,533795
2018-06-14,883.9976196289062,893.4451916364123,878.0988437392758,889.1290312903427,458442
2018-06-15,876.276611328125,891.0474974583159,868.5075446162595,885.2926158816206,362312
2018-06-18,881.26416015625,887.2108826455618,866.1096508420998,872.9195704165447,393844
2018-06-19,860.2589111328125,884.3334758326239,854.8397075225879,878.5785942111535,587187
2018-06-20,862.4169921875,877.4755522714664,858.6762957149336,863.1363523905563,571198
2018-06-21,861.4578247070312,874.7419860566798,858.6762752382047,865.2464081861024,477862
2018-06-22,872.0084228515625,878.5306100280718,854.6478289301273,862.2251128159581,631966
2018-06-25,840.1167602539062,880.4968197472103,833.4506778514059,875.653139800074,804666
2018-06-26,866.733154296875,870.8095287850517,835.512874618787,835.512874618787,1054462
2018-06-27,857.0457153320312,865.6300919410573,835.6567508073641,865.6300919410573,747628
2018-06-28,858.4844360351562,864.8148408100253,838.438300602276,845.0084335646244,797039
2018-06-29,852.393798828125,869.4666006797449,847.2623281668403,862.2729994606627,665452
2018-07-02,823.1398315429688,855.558983095424,813.5483631226165,850.1877841966976,749965
2018-07-03,837.9107666015625,841.8912499296098,817.4809479214053,825.8255382391272,629559
2018-07-04,836.6159057617188,848.4613468748906,827.83968797678,834.3139297238613,620570
2018-07-05,835.3690795898438,845.9676420821962,824.9622996614399,837.3353192038064,514244
2018-07-06,881.3121337890625,896.7064888589566,830.5732962839547,836.2802322295162,1957649
2018-07-09,879.393798828125,891.9107125211458,873.9746540483688,885.2925755924608,636905
2018-07-10,897.2339477539062,909.2232835821917,881.4559700955468,881.9355435286783,906858
2018-07-11,878.3865966796875,898.7205198291948,872.3439837616357,893.4452126156831,358810
2018-07-12,863.6158447265625,898.3849179412266,859.5874162595625,878.5785121277883,825211
2018-07-13,856.7099609375,868.5074552474347,851.3387035602735,860.93017186781,475565
2018-07-16,812.2535400390625,853.6407527609427,808.1292200205763,853.6407527609427,608292
2018-07-17,842.4186401367188,845.8716038130647,811.3423182996615,812.205515312491,777830
2018-07-18,827.935546875,843.8573606730731,812.6850890177017,840.1167231994342,660644
2018-07-19,851.9142456054688,861.649551027699,816.2339710047967,824.8662926722974,829354
2018-07-20,845.7305908203125,863.4123681583611,834.8123393800187,845.6339926110794,460141
2018-07-23,852.9287719726562,859.5956984524837,830.2709525283209,844.4743661332218,389494
2018-07-24,882.44677734375,900.9015742217857,850.2717337586703,853.7017954354313,1099714
2018-07-25,874.2822265625,896.5052378389453,865.7312218997803,884.0893616498872,537983
2018-07-26,888.678955078125,907.2786505228153,872.7846580852824,875.296860126705,771309
2018-07-27,910.1289672851562,927.3759332977475,889.8866903835175,895.2974870614745,1018561
2018-07-30,905.6360473632812,926.2164773269388,895.0076502111024,909.2110654727574,1637534
2018-07-31,885.1038818359375,914.0421192888352,882.1569290810852,910.1772477485019,881031
2018-08-01,877.8088989257812,893.6065368636516,871.4801839312594,884.8622772931094,728488
2018-08-02,872.4464111328125,891.0944036653403,865.7311853446951,878.9683815581213,781550
2018-08-03,880.514404296875,887.8093380102779,870.5623712262334,875.3934609666675,716247
2018-08-06,889.0653686523438,901.4329452039478,880.8041589455755,895.7805354586192,1222218
2018-08-07,873.026123046875,903.4136861012973,868.3882891802577,892.7369906965698,1131004
2018-08-08,873.5574951171875,883.1230749891952,866.9389267331021,877.0359146039425,445559
2018-08-09,878.1470947265625,882.446776077803,867.6636543408129,878.6785617380066,485292
2018-08-10,870.1757202148438,879.3064901473462,857.5182907241606,879.2581910523787,961785
2018-08-13,874.620361328125,879.8862601145538,859.9338390242951,870.1757240795525,537392
2018-08-14,881.963623046875,889.9349201409182,865.2480663897752,874.4271357707945,644082
2018-08-16,880.7559204101562,897.471478389124,874.4272049205766,879.499848927022,649010
2018-08-17,889.1620483398438,896.2154274203675,880.2245325048602,886.9880580016045,907477
2018-08-20,896.4569702148438,902.3992339845303,889.0170804707701,891.8191360150515,570686
2018-08-21,903.5103149414062,917.906984925863,898.5826273484763,898.5826273484763,996922
2018-08-23,892.1572265625,912.206246913017,882.881558808913,910.2738112165816,598799
2018-08-24,892.9785766601562,903.3171197727705,882.640033547542,892.302212349376,317970
2018-08-27,899.69384765625,903.4137630914393,891.0461854020591,895.5874214603798,391273
2018-08-28,897.1332397460938,904.86298225333,889.5967525961896,898.5825664662005,324903
2018-08-29,927.762451171875,943.898302101707,893.751568864748,897.6164405138929,1902665
2018-08-30,928.2938232421875,937.2313385843579,923.221179399334,934.7191956991055,835022
2018-08-31,945.1060791015625,954.6233019946949,922.9796652129882,927.5692003187319,1120738
2018-09-03,936.3134155273438,958.5364265468019,924.7188010824091,952.6908202254657,1642186
2018-09-04,903.123779296875,939.1636910368695,899.5487616824337,936.2650376694718,855526
2018-09-05,895.5390014648438,910.9018890541049,880.3210701441308,899.5488291799222,658615
2018-09-06,901.7228393554688,912.0130833992442,887.326169308735,901.964393826231,1054789
2018-09-07,906.5538940429688,912.1096466576739,892.4954361778013,901.3846521559808,407580
2018-09-10,896.0704956054688,910.1289541233413,891.1910480778403,904.8630548233107,404915
2018-09-11,876.2146606445312,899.3555906587347,873.5575614752717,896.0704852516056,571146
2018-09-12,882.4950561523438,887.9542106340106,863.7021660112205,874.9585686619624,597215
2018-09-14,899.9835815429688,904.8629696379835,887.1811956938462,887.1811956938462,637684
2018-09-17,894.7660522460938,909.2110212864765,890.3697727050883,892.9785727648554,485205
2018-09-18,873.60595703125,900.7566570273224,864.765039463077,894.7660941213056,495483
2018-09-19,867.7601928710938,880.6109369419406,862.8325056220169,878.0021370563832,511026
2018-09-21,853.8950805664062,882.7850197528089,813.6037818018879,878.2437837673085,737618
2018-09-24,837.8558349609375,855.1028000506216,825.2950028697984,855.1028000506216,330323
2018-09-25,835.2470092773438,849.9818310849798,808.2412093172217,833.8459816386878,618748
2018-09-26,847.1798706054688,856.5038972344192,832.6383025300005,840.7545567444892,357358
2018-09-27,821.6233520507812,863.605530802053,813.9419670704675,850.1751376314168,887062
2018-09-28,793.7962646484375,835.4885885584991,784.5688959549489,831.8169725149379,815817
2018-10-01,807.8546752929688,810.6567304894448,747.8525737769135,785.5350678044323,922020
2018-10-03,777.9985961914062,805.5358039103675,772.9742517603132,805.5358039103675,509379
2018-10-04,771.1384887695312,779.2064436851208,751.1378252529541,753.6982673251446,649525
2018-10-05,737.803955078125,773.5540169045981,728.9147976944746,765.244566663965,614859
2018-10-08,722.5377807617188,739.0117852322252,702.8752688087376,725.7262882441935,844446
2018-10-09,713.4069213867188,734.4221594895541,697.1744734053871,724.6633828563909,635939
2018-10-10,741.2340698242188,748.6256012182038,715.0012308073221,717.7066290751844,829828
2018-10-11,717.2235107421875,737.9005966813337,700.5079534409382,711.3296053439188,501015
2018-10-12,785.0037841796875,795.1973717433488,720.3154807225595,722.15131841431,1623158
2018-10-15,789.0134887695312,800.7047603762906,772.9742957225909,785.535128028083,870964
2018-10-16,800.1732788085938,811.1398270320547,781.9117391610366,787.4674914009821,632478
2018-10-17,756.8384399414062,812.5892224052402,752.2972041927658,808.7243509550369,684279
2018-10-19,740.1712646484375,771.4284513840496,732.3932217790777,748.8189272807194,535815
2018-10-22,723.8904418945312,747.5144806725547,719.0110534329039,746.1134529627336,463049
2018-10-23,710.4599609375,731.137046156706,693.7927033152647,718.8660678807569,567320
2018-10-24,744.2293090820312,751.1860894912763,708.9623570774949,716.0640347822557,649211
2018-10-25,750.5580444335938,762.8290234194129,725.1465257457497,725.1465257457497,676192
2018-10-26,745.1472778320312,761.9111352927115,727.0306916829119,747.8526762356473,736453
2018-10-29,777.5155639648438,793.5547576813989,741.0891369635106,750.1716089067354,1872945
2018-10-30,784.2791137695312,798.0960185182331,773.0709502804748,784.4723691522028,908281
2018-10-31,794.9556884765625,799.400266731068,764.2782735763731,786.501282795408,725512
2018-11-01,808.579345703125,817.2270068437366,796.1151714152461,797.1296883148141,799236
2018-11-02,823.4108276367188,842.3969721768408,812.5891763942491,812.5891763942491,876522
2018-11-05,846.2619018554688,853.4602368156895,816.6473593837613,821.28519338706,835539
2018-11-06,833.5079345703125,854.136664124744,829.0149975328397,851.2380102872165,445939
2018-11-07,837.8074340820312,841.0925982042388,832.8797468719746,839.6432714985451,78610
2018-11-09,862.6393432617188,864.7650344707124,833.1696968356218,839.4501132870851,604433
2018-11-12,853.7984008789062,871.8666269479853,845.4405931402745,863.991987092975,501991
2018-11-13,860.4653930664062,864.378564012405,843.7498341417324,847.0832979006441,448870
2018-11-14,863.364013671875,876.8427654981518,841.3825559142078,864.6200851776607,964752
2018-11-15,875.2484130859375,878.1470666268391,852.2041410250725,862.735939146318,467164
2018-11-16,870.9005126953125,885.0556290416705,861.8663985864303,875.8765586531379,385842
2018-11-19,879.5963745117188,883.6062020798416,867.6636079471818,870.7555167857429,286345
2018-11-20,868.146728515625,895.4423824728498,864.3784553534665,876.3595801487722,656186
2018-11-21,883.6544799804688,888.9203788017168,861.5281276746831,865.0064881763445,440847
2018-11-22,866.1659545898438,887.8091978255715,863.8953073864159,885.0072016025118,301900
2018-11-26,870.4656372070312,873.4608887894633,854.1365328427938,866.1176571190306,400835
2018-11-27,877.5189819335938,880.4176352152683,866.3108205271676,868.6297667418081,320539
2018-11-28,864.8132934570312,883.9927535761922,859.4990951676795,878.2920445492205,262012
2018-11-29,863.9437255859375,876.8427104646263,860.9001157289058,870.0791854252296,311638
2018-11-30,889.8865966796875,895.442349047666,865.5861953417492,868.2432943003477,636019
2018-12-03,877.6639404296875,899.0173898113509,874.6203896555966,894.2345997683439,617997
2018-12-04,879.0167236328125,886.9880212090375,874.572144937191,877.5190977010221,294939
2018-12-05,874.0889892578125,881.1906667658,864.3784528237288,872.1565535850805,350509
2018-12-06,824.52197265625,867.5670247364076,821.285166471811,866.1176979720456,701733
2018-12-07,842.0588989257812,846.2136240965691,818.6281148764982,826.1163035932793,583954
2018-12-10,821.8165893554688,835.7784492326779,816.4540920249859,821.2851813269089,244174
2018-12-11,856.4072875976562,862.6394053968853,808.3863009115516,811.623107572684,539575
2018-12-12,878.8717041015625,883.1230860921837,850.4649356221568,859.4024504431115,397308
2018-12-13,881.81884765625,896.9401233955563,873.4610386857148,880.2245644277502,437266
2018-12-14,894.4278564453125,915.0082844163079,881.1906603882501,881.1906603882501,1251706
2018-12-17,902.3509521484375,905.346204154521,884.3792631921491,894.7178068805619,452917
2018-12-18,900.8531494140625,906.0224500691776,889.2102366260026,899.5487789629777,330193
2018-12-19,908.1964721679688,921.6752228553355,899.5488106894605,906.3123355818625,806346
2018-12-20,910.2255859375,915.9745943952875,897.9063073736394,899.5488896434732,434729
2018-12-21,882.3018798828125,920.6606825041857,873.6542180702809,910.1772421053336,630706
2018-12-24,866.1659545898438,878.1953779387364,863.4605565570346,877.3257583334655,405578
2018-12-26,866.3109741210938,876.3596642017975,842.880189273361,866.6974848831449,734872
2018-12-27,866.3109741210938,885.7802890374838,861.1417317749195,873.702564889168,713739
2018-12-28,887.8576049804688,897.1332727409919,869.5960640461957,869.5960640461957,554673
2018-12-31,891.7708129882812,903.7035803353675,884.6207770160391,893.3650371221427,675580
2019-01-01,891.2393798828125,895.6839584606278,878.5335914027247,893.7515227357936,315496
2019-01-02,875.0068969726562,892.7370306255078,870.2724646989778,892.7370306255078,324587
2019-01-03,867.8086547851562,888.4373839387467,863.7988267985205,874.4272239962651,456198
2019-01-04,877.6639404296875,881.1906590910098,854.6196688223664,873.0744057469218,522486
2019-01-07,874.5720825195312,887.6160230769616,870.562254981093,884.0893044480579,360208
2019-01-08,874.8619995117188,881.1907148908995,867.3738108709243,877.1325879618814,339243
2019-01-09,866.3593139648438,881.8670996502868,854.233231996503,879.4515548714558,355954
2019-01-10,860.4169921875,870.5622795743262,855.1027940324958,868.5815447839307,303127
2019-01-11,863.5088500976562,868.4365372338167,851.237872378816,863.7987036397974,434729
2019-01-14,855.5859375,859.837319784956,845.6339050752842,859.837319784956,332022
2019-01-15,862.10791015625,869.5960987846736,857.518375190442,857.518375190442,273714
2019-01-16,871.7217407226562,878.2920101923703,861.0450454627138,865.7311783634365,509583
2019-01-17,863.75048828125,873.9923742514943,849.5953727063445,873.4609662105092,395449
2019-01-18,852.3490600585938,867.1804797723623,847.8561236771565,864.7649352604616,214695
2019-01-21,855.6824951171875,860.8517959427402,846.0203167216761,854.8129344455456,231324
2019-01-22,847.4696655273438,865.3446960240466,837.9041440509011,862.8325531651647,914472
2019-01-23,855.972412109375,863.702154866075,841.9622533628561,846.4068318586559,395664
2019-01-24,841.8656616210938,858.0015126743746,837.9041917397171,858.0015126743746,411896
2019-01-25,808.3378295898438,852.0591872952662,800.3182332307935,850.2717078623584,779079
2019-01-28,785.5834350585938,807.7581471856753,764.4715979828172,802.9270577886318,1751784
2019-01-29,768.1914672851562,795.6803761049259,759.9786158013774,780.7039998697999,886624
2019-01-30,773.022705078125,777.8537951154526,756.5969989512114,769.2061321539828,395184
2019-01-31,766.7904663085938,778.530036838748,759.8337449296586,773.5539912950924,541762
2019-02-01,764.9063720703125,782.3948912808663,756.1137543947182,770.5587228113502,413461
2019-02-04,739.0599975585938,770.5586733435886,732.6346257840452,769.0610475913018,773778
2019-02-05,724.5668334960938,744.0843880778758,716.9336884262405,735.291828695915,739750
2019-02-06,737.1276245117188,739.9296209047664,712.6822656234034,725.1464995310957,623005
2019-02-07,737.1759033203125,748.5772618906955,730.750531177834,737.3208006104907,647167
2019-02-08,729.8809814453125,750.4131105880716,726.1127082721622,733.3593420872536,628759
2019-02-11,711.4745483398438,730.074243470741,705.9187952487965,730.074243470741,467639
2019-02-12,709.638671875,721.9579487706694,704.5177293522353,705.4355890795838,505554
2019-02-14,710.9913940429688,719.8323111178131,694.7106465687351,698.5755180378239,611397
2019-02-15,689.34814453125,712.5856722871138,681.6667007438085,710.170127635293,968916
2019-02-18,689.734619140625,695.6285836702734,685.0484859501571,688.913357521103,450797
2019-02-19,691.2805786132812,703.3583018437416,688.430224136241,693.6961232593733,615972
2019-02-20,716.0156860351562,718.624485879386,691.8119420364912,695.6285141258965,649595
2019-02-21,741.3306884765625,746.25837620851,712.1025968161962,712.1025968161962,736561
2019-02-22,753.2633666992188,756.3552754268137,737.2241749488725,742.5866718972968,482476
2019-02-25,767.2735595703125,770.6553219945143,754.2296187912484,754.2296187912484,446984
2019-02-26,772.0081176757812,776.1628429349536,748.2874795468535,762.6357920620362,460919
2019-02-27,772.9742431640625,794.1344366599806,764.9063480903395,774.9066787719727,616389
2019-02-28,774.955078125,787.3710138960499,769.4959822103525,774.5202682623171,566682
2019-03-01,802.685546875,807.7581910171532,778.7716530619922,780.8006871295485,533531
2019-03-05,830.657470703125,832.9763580845321,799.3519897814573,800.0283540493385,848300
2019-03-06,822.8795166015625,844.7643171440161,817.1788072742523,833.8460664235055,704978
2019-03-07,825.1017456054688,839.5467142716838,804.4729591039301,821.2851732996014,1183046
2019-03-08,827.3723754882812,831.9619105105795,814.1351784714218,826.1646031139923,355975
2019-03-11,849.7402954101562,855.1027926541836,829.0632099419839,831.4787545540014,422274
2019-03-12,870.9970092773438,876.7943158222394,850.5131810240622,857.0351508870697,843568
2019-03-13,864.1369018554688,875.3933632839079,857.4217350442033,869.5960562422925,556795
2019-03-14,860.948486328125,867.180603855219,848.8224629379498,865.7312769406977,468289
2019-03-15,857.953125,871.0453646653776,850.8030895432282,864.668350643153,397492
2019-03-18,853.7500610351562,861.5764609341151,837.6625693604898,859.9338788091541,590112
2019-03-19,876.0697631835938,886.0217955483178,852.6872787038063,852.9288331736941,896220
2019-03-20,869.789306640625,883.992720606167,865.8277781341777,881.5288179489379,441100
2019-03-22,863.7021484375,881.5771784293242,860.9000931197493,870.7555268558388,503733
2019-03-25,856.648681640625,864.5716794299583,850.3682659131329,857.4700021581729,272664
2019-03-26,885.1522216796875,888.9204951942726,858.9677393779438,860.9001752370617,499013
2019-03-27,866.6008911132812,893.316781682092,862.7360193660454,889.5485671124947,595247
2019-03-28,874.620361328125,883.1230661440514,866.9872171452369,872.3014150268476,397369
2019-04-01,893.0751342773438,912.0613383495142,889.5967736560447,903.4136769201724,457716
2019-04-02,887.7127075195312,900.8049484453031,881.1907366071429,892.7853515625,299164
2019-04-03,874.2339477539062,896.6502149215984,869.789368984763,890.7563092964396,343788
2019-04-04,881.7703857421875,886.0217678687013,872.2531635152345,873.5575340225759,597677
2019-04-05,893.7032470703125,898.9207882802142,882.0603333175601,886.0218030680369,308050
2019-04-08,873.1710815429688,902.3991714620643,862.0112771866928,901.4812527112758,556161
2019-04-09,859.8373413085938,871.2869999476,842.4937180373023,868.6299006963042,768564
2019-04-10,868.7264404296875,873.9440403794647,850.5615567471317,858.967663789214,411674
2019-04-11,876.2630004882812,881.6737969129093,852.3007503908364,869.4994754708672,617764
2019-04-12,893.9447631835938,895.6839435122671,871.5284973549783,878.2920222790192,597348
2019-04-15,893.5582885742188,900.5150691433688,889.4518625614941,897.1333065446544,239757
2019-04-16,897.9545288085938,903.2204278476294,892.4954333795624,896.650158309838,296854
2019-04-18,908.7761840820312,913.6555724140899,884.4274825461725,897.9545324023987,468414
2019-04-22,871.04541015625,904.3799266846921,867.6636476098863,902.0609802064536,354791
2019-04-23,873.50927734375,885.1521911993581,870.4657263544016,874.4271961398748,311128
2019-04-24,892.25390625,901.481275138708,855.8757797571892,877.1808720534361,934238
2019-04-25,898.2926635742188,930.2744478518683,892.3986998522496,895.8288200800256,913723
2019-04-26,890.5146484375,906.5538401386885,885.2970487898464,902.4474145372076,300938
2019-04-30,886.2149658203125,894.2828607505425,872.4463623588366,894.2828607505425,464252
2019-05-02,898.7275390625,905.7809174339019,880.224444010195,891.5292044271506,786632
2019-05-03,910.3221435546875,918.2934405771515,886.891361397748,898.5825734413929,2292537
2019-05-06,883.4613037109375,903.4137267192276,876.9393329565474,900.9981819953795,582166
2019-05-07,880.4176635742188,892.7369404181493,871.2868936481841,887.084530952864,517498
2019-05-08,885.0555419921875,898.582591760627,872.4947100643508,875.8764725064607,600972
2019-05-09,894.9110107421875,900.418464443556,874.4271799260633,885.055576588148,557176
2019-05-10,897.90625,903.7518562876228,886.311635621935,894.6694437420936,538489
2019-05-13,866.0210571289062,896.6501751211221,859.644042834805,896.6501751211221,311319
2019-05-14,876.5045776367188,886.939718996134,853.1703921334591,859.9339173259101,423005
2019-05-15,865.2965087890625,885.0556784709771,857.4218675578054,874.4272805854085,378900
2019-05-16,884.5240478515625,889.5483919281461,856.8418858243019,866.74561772619,661214
2019-05-17,881.190673828125,887.6643451783119,874.4271489193565,883.9443710945351,365362
2019-05-20,953.3189697265625,960.4206481127385,898.9692097101223,906.3124425852602,964738
2019-05-21,936.893310546875,961.5801687380576,933.3182921397914,951.386580597268,657879
2019-05-22,943.8015747070312,946.5553309361223,929.1634098089414,939.6468497879672,354653
2019-05-23,958.0050659179688,981.6774049144288,951.0965842133706,965.1067440276022,648852
2019-05-24,995.9290771484375,1000.0355031274632,956.6522968420987,963.8023327242944,722942
2019-05-27,1019.3597412109375,1025.3020040499514,987.9576638750555,990.4215663523188,555801
2019-05-28,995.5908813476562,1024.4324601497422,990.4216395167267,1024.1909056908528,557021
2019-05-29,989.1655883789062,999.5524309430804,982.1122094090496,987.5713052332401,356744
2019-05-30,996.412109375,1004.8665151515152,987.4745946969697,990.952955198577,395787
2019-05-31,991.9192504882812,1011.8233151962679,969.1165321447669,995.5909256052237,651607
2019-06-03,1020.8576049804688,1025.1572276066179,983.5615573574769,992.257459787098,600292
2019-06-04,988.9722290039062,1027.0895334559782,985.8803202129626,1022.2584443992708,479069
2019-06-06,962.594482421875,993.4168538046601,957.521838976239,991.5810163969377,595911
2019-06-07,962.2564086914062,975.6385027179919,951.7729093267722,966.1212802050205,436421
2019-06-10,956.1207885742188,975.1069914644631,950.7099926171952,970.4691579336925,317407
2019-06-11,956.7973022460938,964.2854911806126,946.0723068453136,964.2854911806126,545268
2019-06-12,949.6471557617188,963.3191614315183,946.8934585786238,951.7728467490973,372092
2019-06-13,947.231689453125,955.5411987312667,932.6901219329521,951.7246262526573,521263
2019-06-14,925.5401611328125,953.8020350477802,922.7381055998018,937.4729287520499,461023
2019-06-17,910.612060546875,937.2313515726631,905.0563076896144,937.2313515726631,596854
2019-06-18,912.6410522460938,917.1339888074885,902.0609550655483,912.1096442268419,533659
2019-06-19,895.6839599609375,929.0184762701634,873.2676937206616,920.2259172967433,727205
2019-06-20,911.9164428710938,916.9407877493037,887.5677399791998,900.5150834376723,278364
2019-06-21,908.4862670898438,918.5832546793243,901.239633744272,902.9305148582388,567160
2019-06-24,902.1575317382812,916.4575427509199,895.6838609700609,916.4575427509199,361369
2019-06-25,905.9742431640625,910.950229996082,890.6596539697717,906.3123958418633,266586
2019-06-26,931.0474243164062,939.0187209594346,901.7227384371123,905.8774630745856,558572
2019-06-27,928.535400390625,942.5455599178508,921.3370652526742,935.2989256796305,434809
2019-06-28,916.8441162109375,938.1009083256766,914.0420609337832,936.1684726788822,285340
2019-07-01,918.0518798828125,924.5738501295959,908.6312561930143,919.8393592500363,236555
2019-07-02,930.4677734375,934.0910903122567,917.0373219657663,917.8103434109862,320216
2019-07-03,955.1064453125,968.3919421491686,926.361461247708,931.434105494436,774817
2019-07-04,939.55029296875,960.3722765516455,934.6708454812508,957.5702211017901,805241
2019-07-05,900.1769409179688,946.8935533538249,893.8481664184745,942.497273650763,948398
2019-07-08,869.1129760742188,894.717749688412,864.7649956491671,893.8481300140982,876925
2019-07-09,880.8525390625,887.9542167716425,863.9437264471532,869.0163702317573,480426
2019-07-10,864.958251953125,889.0170416137921,859.9339072174276,880.8525477632,555437
2019-07-11,879.5963745117188,884.4274636428278,862.735920622753,868.3882713168482,582438
2019-07-12,894.62109375,901.3846184191057,877.6156249122957,879.5963596278829,755437
2019-07-15,895.2974243164062,902.1576063441446,879.2099327117675,898.5825885520281,392438
2019-07-16,913.5106811523438,919.5978418331837,893.751514258676,894.6211339159065,468419
2019-07-17,923.0762939453125,936.2651925378602,905.4911744529336,913.4624725318163,535739
2019-07-18,903.4619750976562,928.5836388153184,898.1960761006488,919.6461238388424,497444
2019-07-19,893.8191528320312,918.9491289870613,887.6827128423405,910.6698693598156,687087
2019-07-22,894.013916015625,900.0042276746713,866.1566660819279,889.7769069056409,687289
2019-07-23,889.1437377929688,902.0496422031592,886.4651538587782,894.2087083949135,504059
2019-07-24,869.0787353515625,891.6762554065107,866.8871666717744,891.1892401443356,294312
2019-07-25,868.7378540039062,880.5235996438761,857.5851925387498,871.172930330355,441739
2019-07-26,889.1925659179688,892.7477419674813,864.4034750517059,870.7833636447635,364238
2019-07-29,861.1890869140625,897.9587381421452,857.3903441991993,891.2379039389575,600299
2019-07-30,852.8610229492188,874.630638786477,844.4843850094418,861.042902362568,685623
2019-07-31,868.2508544921875,875.6534628788627,833.9162776662921,847.8935922536707,577252
2019-08-01,856.075439453125,872.8774657591447,846.6273316113134,862.1143810581036,530531
2019-08-02,852.9098510742188,870.783287387648,836.9357267201751,852.179328182115,458582
2019-08-05,843.4130249023438,852.2766785795296,820.1336724159588,849.354587110114,628866
2019-08-06,866.789794921875,870.880675599565,839.6630089132342,839.857826909816,643730
2019-08-07,861.0916137695312,887.9261409744951,858.4130300123187,861.5299393652772,604506
2019-08-08,866.0592651367188,881.4976251788702,847.9909513367804,863.9650757277986,499544
2019-08-09,885.6859130859375,898.0561122048097,873.9488575659061,876.6274414146732,496629
2019-08-13,857.1469116210938,883.7379346029537,848.4293260276529,883.7379346029537,468574
2019-08-14,874.7767333984375,881.2053701122328,859.1435563866489,859.1435563866489,628866
2019-08-16,882.66650390625,886.8548234173207,850.3286774775629,871.6599704864244,656244
2019-08-19,875.2637939453125,894.1600096504287,870.0527544882848,884.419704534411,690193
2019-08-20,843.3155517578125,877.9910714494285,838.9811043650978,877.9910714494285,630661
2019-08-21,813.6563110351562,842.9746631928414,808.5426511826636,837.6661853607098,908360
2019-08-22,790.7179565429688,814.4843247794837,784.0945609615135,809.4193542348047,724509
2019-08-23,805.2310791015625,815.2148923819766,780.2471713563858,784.0946039739815,492579
2019-08-26,821.5947875976562,826.5623197355123,789.8901043646148,816.1402401737317,595920
2019-08-27,829.8253173828125,847.1630488319213,824.7603467645064,829.8740070190249,584479
2019-08-28,825.1986083984375,838.8350346863481,817.2115468254983,833.2343596038133,498864
2019-08-29,818.331787109375,833.5266398489272,815.4583851082765,819.1596892935411,291229
2019-08-30,829.4356079101562,836.692146566087,818.3316965827153,821.1076595520504,479224
2019-09-03,808.0070190429688,826.9519248533644,803.8673892660232,826.9519248533644,528136
2019-09-04,819.1110229492188,823.4454708927673,787.7472265819914,805.5232845543208,928386
2019-09-05,822.7149658203125,829.5818696248195,812.5363342128683,820.1824506033283,357095
2019-09-06,828.266845703125,832.6012934950691,821.4486319248193,826.805799893488,255641
2019-09-09,838.007080078125,840.2473976897824,822.0817058828287,825.0037972544501,242874
2019-09-11,858.1694946289062,863.4779723387186,837.6661660589938,837.6661660589938,662709
2019-09-12,878.2833251953125,885.8807513043836,855.2961694254329,859.143601840635,640014
2019-09-13,897.423095703125,901.1731492925604,873.2184583672454,882.4717493371159,615961
2019-09-16,899.1276245117188,910.2315971494445,885.9295217507241,885.9295217507241,552594
2019-09-17,879.8905029296875,903.8030012903766,877.650244479938,899.6146222254998,421045
2019-09-18,883.2020874023438,890.5560052171904,873.1695859201616,883.7864818769955,362428
2019-09-19,859.240966796875,887.3417208959212,854.7117015215927,883.4455991795835,486963
2019-09-20,927.91015625,937.8452195398563,856.0266595991892,861.0429403279734,956003
2019-09-23,941.6439819335938,961.9038043587722,930.1504339717227,935.0692760861133,616601
2019-09-24,930.9296875,947.3908273865034,920.2153515727177,943.543394868049,358231
2019-09-25,895.6210327148438,928.2023643920438,884.419682115365,923.7705375666185,688306
2019-09-26,908.5755615234375,915.4912131575143,894.3060515776015,899.9554161088918,443552
2019-09-27,891.87109375,912.5692428646853,888.7054944736363,904.8743777667125,314235
2019-09-30,883.0073852539062,892.8451295017143,864.6469331240014,889.9230378449587,326044
2019-10-01,875.7021484375,903.7055265693239,857.1955681069034,885.3937642374916,722466
2019-10-03,866.3027954101562,884.1762322321065,859.7280891941642,874.7768136395715,394432
2019-10-04,847.9421997070312,875.0689835167483,844.0947675243129,867.3741191513117,1176014
2019-10-07,840.1013793945312,853.2021026501837,833.4292936686588,846.7247754811851,539333
2019-10-09,900.2963256835938,911.6924937454318,838.5915209606711,842.4389530967322,2634864
2019-10-10,859.2897338867188,897.3743033169136,841.5623665893753,896.108075534983,2058265
2019-10-11,383.6219177246094,410.359037069596,370.22899837214146,379.87189436090796,2235482
2019-10-14,371.5439453125,391.56026015424476,369.6932635864559,391.56026015424476,1255595
2019-10-15,374.2712097167969,382.7939763661709,342.95613591582133,371.1056106756008,3672355
2019-10-16,368.8653564453125,377.58291144833254,362.43674930129265,375.8783581001103,944234
2019-10-17,377.4855041503906,383.3784064443159,365.504941024808,371.1543059714133,999031
2019-10-18,389.6608581542969,397.6479194990433,369.10884004473496,376.9497730462456,894903
2019-10-22,432.2260437011719,452.4858666482988,388.8329958798978,389.22260214329395,4251143
2019-10-23,444.4501037597656,451.80405184497397,418.8331135862549,428.52472891856223,2049114
2019-10-24,435.97607421875,446.64169076172857,430.86241390052584,443.1838942460934,1159835
2019-10-25,399.79083251953125,439.9208714756703,393.16740725294767,436.5117647094301,2485587
2019-10-27,404.41748046875,412.9889370842513,397.4044488923928,404.12525348012133,406028
2019-10-29,412.74542236328125,420.0019614429337,399.64470031211334,404.12524653528556,902003
2019-10-30,410.7486572265625,418.8330981615204,407.1447326314315,412.98891539647593,715170
2019-10-31,411.43048095703125,418.5896111414593,403.2486306284215,412.79411772429086,893102
2019-11-01,399.88824462890625,415.86236999684513,394.92071242734823,412.5993615933312,785467
2019-11-04,396.5278625488281,410.0668819214125,394.238884697605,401.25191689602167,674911
2019-11-05,383.86541748046875,406.1220198568041,380.6024094328354,398.9628898955908,1497426
2019-11-06,389.02777099609375,390.5862257220399,380.45631459096734,384.15761855566933,1097207
2019-11-07,387.0797119140625,394.53103923936396,380.3589074583995,393.50831911189084,1419781
2019-11-08,381.2842712402344,393.5570324079823,373.78422410434086,387.03104554855423,1428453
2019-11-11,378.7030944824219,387.66418810759455,375.09919901092735,382.79403499066495,626622
2019-11-13,380.31024169921875,411.04089378788905,378.7030675050764,379.87191605989744,4348656
2019-11-14,394.8232727050781,401.20316064798794,372.76148762476345,382.64789134452343,2447581
2019-11-15,405.2453918457031,408.99541534721544,396.4791170382965,396.4791170382965,1476606
2019-11-18,436.65789794921875,438.70336811609536,407.3396012158535,407.4856998581188,3515787
2019-11-19,432.0312194824219,438.313728142485,425.3104149292475,434.56370474558884,1118280
2019-11-20,439.53131103515625,455.84632368853875,434.27155170683795,434.27155170683795,2540689
2019-11-21,441.5767517089844,444.839759966357,431.5442193016156,441.91766834334624,760623
2019-11-22,441.67413330078125,450.9761125001262,436.95007952504614,441.5767243077148,1106907
2019-11-25,443.6222229003906,449.8560124334047,439.28777509205526,443.76832153689617,502059
2019-11-26,439.6286926269531,447.32352799087647,429.20655390078076,445.1319592636484,755796
2019-11-27,443.0378112792969,449.66120727379354,437.631923773812,441.6741744245539,690987
2019-11-28,451.07354736328125,454.77485151167383,438.31374139110727,443.1838940732307,757693
2019-11-29,450.9273986816406,465.4891357500231,445.13190574310545,450.4890730988759,1404999
2019-12-02,458.42742919921875,462.56705864650013,445.37542700456527,450.9761021391224,1359686
2019-12-03,459.6936950683594,467.04761327262105,453.0215803623117,457.79432375001437,1132025
2019-12-04,463.39501953125,465.5865881995533,453.4112067089792,459.74240508407775,543538
2019-12-05,460.6190185546875,464.8073675492634,456.52810828039594,460.9112455403846,324623
2019-12-06,475.4243469238281,478.49253740185185,453.8982644870493,460.61906975440013,1331366
2019-12-09,484.531494140625,501.72309715128,473.0866355288156,476.30092435530275,6211145
2019-12-10,475.96002197265625,488.8172371134976,472.9892406872987,486.8204566523913,2057682
2019-12-11,476.8853759765625,481.9503171369631,468.9957223655885,475.3269211098799,768587
2019-12-12,483.2652587890625,488.8172448985423,475.7165219117289,480.5866747358151,1158420
2019-12-13,488.2328186035156,494.466608247657,481.219786675698,483.26525679839926,1024282
2019-12-16,481.70672607421875,491.5931584890513,480.24568046316557,489.1580824706293,596022
2019-12-17,478.1028747558594,488.33019496063457,475.81389714597077,481.706769754892,1208044
2019-12-18,474.1580810546875,480.1483929851215,469.1905488075784,480.0996736204107,614712
2019-12-19,471.3333435058594,484.43406535685153,467.63203957047523,474.1580259539211,871785
2019-12-20,475.71649169921875,480.6840532093102,469.48270242530396,473.3788244371322,612133
2019-12-23,478.7359924316406,488.86590372221326,471.9664685428408,472.4047941594012,1018351
2019-12-24,476.15484619140625,483.02174976366786,471.4794816586493,481.0736886396159,727384
2019-12-26,471.9178161621094,479.02822750837953,470.06716400452376,476.15485513148593,412053
2019-12-27,467.8268127441406,480.1970113359177,466.8040926627557,474.83984386665287,1254037
2019-12-30,466.0735778808594,473.76841261559593,463.88200933283025,470.7489122266345,1021617
2019-12-31,464.9534606933594,470.2619090327885,463.39500596318646,466.365787069882,498399
2020-01-01,463.68719482421875,468.6060665483512,457.843011985682,465.830073755036,1024990
2020-01-02,478.3951110839844,480.1970735931887,462.37232595632327,466.5606455398324,1233932
2020-01-03,464.4664001464844,479.22295469670865,462.2748317561031,478.5898408844971,796938
2020-01-06,458.768310546875,462.6644320801818,453.2163254718935,462.6644320801818,444247
2020-01-07,462.9566955566406,466.02491548323644,455.55408736404513,462.85931628441114,583998
2020-01-08,464.3203430175781,467.4372227273515,451.95014399661574,458.6709483825896,1000355
2020-01-09,475.3268737792969,482.0476781397726,467.53462994684935,467.53462994684935,1699529
2020-01-10,494.8075256347656,497.72961732158507,475.5217323917785,475.5217323917785,2155742
2020-01-13,507.810791015625,510.3919956899004,495.83022743429916,497.72959885026546,1380163
2020-01-14,523.2492065429688,525.4407752100743,503.2328912734252,507.9082258732295,1274605
2020-01-15,517.6972045898438,526.3173506322298,511.658203671682,523.0056826416982,1389214
2020-01-16,516.4796142578125,525.0023801696576,511.7555906467143,520.8627510124757,612728
2020-01-17,516.91796875,528.8011520620886,514.3367642922154,516.2361355488777,933539
2020-01-20,523.784912109375,526.9505112992504,517.258895735611,519.060887867603,830322
2020-01-21,543.9473266601562,549.1583658831064,520.1322698312339,523.0543612347801,2895443
2020-01-22,551.5447387695312,558.022065000463,546.43107893988,547.4051093836231,1698013
2020-01-23,571.1227416992188,578.5740985668631,548.5739720126757,553.2493063737007,1115782
2020-01-24,612.9573974609375,617.535352818223,570.8792668930816,571.9507361405897,5128862
2020-01-27,603.1683349609375,630.6846942062285,597.1293344931902,606.8209490200469,4265221
2020-01-28,599.4671630859375,617.4380400983331,575.8469203099183,604.8730211920762,4907456
2020-01-29,603.2658081054688,611.2041810093787,589.3371828824479,598.0547683502128,1874398
2020-01-30,596.7884521484375,604.6293851647018,589.9215495553141,603.8988623473462,1122800
2020-01-31,627.4703369140625,639.8405337277154,597.3727765875448,597.3727765875448,5086340
2020-02-03,547.648681640625,594.1586408195309,542.9246572108733,580.035197718083,2117772
2020-02-04,568.0545654296875,581.155286759194,531.7232418481204,551.0577223337909,3585799
2020-02-05,590.5546875,605.6521604350904,564.9376969259642,569.8078494856708,2884975
2020-02-06,589.921630859375,603.6554379384398,583.6878115120775,594.1586400039504,2279270
2020-02-07,593.3306884765625,609.6456989561927,589.2884382194788,593.1845601250621,2195472
2020-02-10,589.4345703125,596.5449809453035,578.5741066517071,594.8891172348992,968485
2020-02-11,581.2040405273438,602.0970076951774,577.989751605394,593.7689989404395,1064924
2020-02-12,578.817626953125,591.1878262429012,573.4117695464023,583.4442718467343,1094054
2020-02-13,579.4994506835938,585.1488156235635,572.8273061712158,579.6455195867213,774724
2020-02-14,568.103271484375,591.4800027584856,564.9376724576725,580.9117959416889,1232538
2020-02-17,563.573974609375,572.4863766909408,559.0934584782646,568.9798909752977,621374
2020-02-18,568.2493896484375,570.5870270638829,553.2492969030675,564.840283065408,683231
2020-02-19,594.4022216796875,602.9249901183557,570.9767957468567,573.0709260360036,1925038
2020-02-20,585.8306884765625,601.1229800613361,582.4702711759109,596.7398425692097,1321773
2020-02-24,556.56103515625,579.5481305020029,552.4700952862155,579.5481305020029,822920
2020-02-25,546.3824462890625,562.9896551968016,543.0220290176762,560.0675635608319,864138
2020-02-26,544.629150390625,559.3369864189006,538.6388393376614,538.6388393376614,1051786
2020-02-27,528.7037353515625,548.9635575489128,522.2751579308033,545.1648743275925,1375099
2020-02-28,493.5899658203125,518.5738724287531,490.2782679985957,518.1842364408609,1203242
2020-03-02,487.0639343261719,527.6810176234821,480.0022132781419,505.5218239900088,2762684
2020-03-03,514.6290283203125,519.3531122589242,490.0347861317979,495.4893632734814,2804030
2020-03-04,488.18408203125,521.934202048327,472.45346620655476,516.2361475954743,2787270
2020-03-05,496.7068786621094,504.54781250699426,489.59643798672823,491.7880066703976,1533428
2020-03-06,496.85296630859375,502.794558331271,470.45673369067,470.45673369067,1463855
2020-03-09,475.3268737792969,489.74251297930425,468.5086604259053,486.91783053505225,959903
2020-03-11,472.5022277832031,479.9048659400676,464.1255590721474,471.430788228582,1287001
2020-03-12,406.4142150878906,457.4047163231371,404.2226465224077,450.0994877715273,1602684
2020-03-13,422.6805114746094,435.09939929510375,345.48860090408573,367.2094673197149,1053653
2020-03-16,376.5601806640625,407.9239435480013,373.0536650734533,403.63821548172376,1161299
2020-03-17,329.4658203125,387.1771280834257,321.47875823308516,376.94980771895786,1259453
2020-03-18,279.3032531738281,345.7808365360383,261.28368845293596,344.8068060105847,2512347
2020-03-19,269.46551513671875,294.741616931206,255.29338413232648,255.7316799950618,2531193
2020-03-20,295.95916748046875,309.8391018292602,266.4947454418062,272.72853457274437,1607914
2020-03-23,238.19915771484375,281.4948097343523,222.17635923361155,266.39733723994937,1040762
2020-03-24,221.10491943359375,256.1700167887011,215.69904728550955,256.1700167887011,2091607
2020-03-25,247.98817443847656,258.75119971205663,212.92307598692597,215.26074327201889,1744129
2020-03-26,263.0368957519531,285.14739756410836,246.52709842485885,246.52709842485885,2078565
2020-03-27,275.06622314453125,289.33576484881866,262.01421963557647,277.1116932577007,1560236
2020-03-30,278.18310546875,284.41689447105057,257.1440415765663,262.98822433967007,1217086
2020-03-31,288.41046142578125,293.2806143383238,277.5987160149259,285.390960674994,946049
2020-04-01,290.65069580078125,306.33259282523954,279.54675402494036,286.2675585425505,1658121
2020-04-03,278.6701354980469,293.5241008097694,271.36490665621614,287.38769074760023,939216
2020-04-07,295.7156677246094,301.8520480256672,282.7123545175514,290.3584999387471,1126711
2020-04-08,313.15081787109375,325.27750995550105,287.728614892069,290.26110023510404,1524093
2020-04-09,317.0956115722656,332.77750827980947,309.98520094262807,316.8034143176427,1039386
2020-04-13,311.3975830078125,328.24829986454665,300.0014135260545,320.4560553573764,1173203
2020-04-15,312.56640625,336.0405491033928,308.2806776557212,317.38786949672254,1822855
2020-04-16,323.9625549316406,329.0762151306178,304.92024054613233,311.68976450908497,1139613
2020-04-17,339.3034973144531,340.9106415366877,325.6183522977367,336.04048951473504,2182190
2020-04-20,319.9690246582031,347.728894377408,316.8034254796973,342.46913553351646,1897215
2020-04-21,303.264404296875,314.41703576689866,300.9754266604341,313.63782325132615,1124284
2020-04-22,277.8908996582031,302.29038238732187,272.9720573480191,301.9494657551684,4306104
2020-04-23,288.41046142578125,295.61828179133335,278.1831403094419,282.46886892746846,3051849
2020-04-24,276.67333984375,290.74809185893474,274.676589293868,281.6896204850083,1697169
2020-04-27,279.9850769042969,286.26755574466017,277.69609930236,279.5467512927371,966133
2020-04-28,281.3000183105469,286.17017118798054,274.1896069995154,282.46886689115263,2575740
2020-04-29,284.07598876953125,287.8260121314831,280.95910901126035,286.2675573898217,1522080
2020-04-30,284.4656066894531,301.3650424661839,282.76105324821333,288.8000544729127,2437816
2020-05-04,263.23175048828125,275.89414736653345,260.60185616970006,275.65063973425936,1996323
2020-05-05,255.63430786132812,271.65709120262835,254.3193607863455,266.83565822775995,1460550
2020-05-06,260.9914855957031,262.89082724462816,247.5011571620803,257.14405321254014,1831551
2020-05-07,258.7025146484375,268.0532136791141,256.2674383240453,259.0921209153297,1014858
2020-05-08,259.1895446777344,270.92660133987084,257.0953848644764,264.93631918564745,1451311
2020-05-11,264.30316162109375,268.6375791748924,261.3323509914738,262.0141841786127,983261
2020-05-12,259.4330749511719,264.4980166011462,250.13106421578533,263.7674935985007,1192809
2020-05-13,271.8518981933594,278.86489943460373,263.2317229670958,271.75448920562343,1852106
2020-05-14,265.131103515625,275.55321161885314,263.3291412168038,265.91031599482034,1095717
2020-05-15,267.7123107910156,270.48830388833176,258.897316209189,268.6376220067515,1865577
2020-05-18,249.15699768066406,268.7837206066602,248.1342627126798,267.85837976834915,1881572
2020-05-19,252.03038024902344,260.55314673087446,249.10828888381735,255.19597922799667,1611511
2020-05-20,257.2901611328125,258.1180930366198,250.6180459904402,252.27390979805486,920248
2020-05-21,256.12127685546875,262.9881785155796,253.49138318029475,256.1699664799905,1301798
2020-05-22,264.1083679199219,267.51747471884227,252.90701700918348,256.12133554033977,1821895
2020-05-26,268.5888977050781,272.4850195212896,263.2804198404698,267.37135963751206,1306380
2020-05-27,274.82269287109375,275.74803371335696,269.4655252528461,270.7804723405171,1514928
2020-05-28,277.160400390625,282.2740611338104,275.26105852104655,276.52728643409887,1306353
2020-05-29,278.18310546875,290.1149786100869,275.35842307826,278.08569647768815,2448634
2020-06-01,286.99810791015625,295.13126929616715,280.5208104201193,280.5208104201193,2087467
2020-06-02,303.80010986328125,309.2059970241734,288.0208334498537,291.2351222400744,4143672
2020-06-03,300.05010986328125,313.0047344807159,298.1994576965204,311.689787245762,2019084
2020-06-04,298.4429626464844,307.4527454776571,293.5728097647694,300.975448089987,1027607
2020-06-05,309.644287109375,316.55990953971445,300.9754216854516,301.4137472963734,2761453
2020-06-08,309.839111328125,318.89758318555135,306.8196108006322,313.5404153779213,1659022
2020-06-09,304.3845520019531,315.9755097971767,300.4884297363281,312.46899381310345,1559496
2020-06-10,306.42999267578125,310.4722131927313,303.5079012574967,306.7221899275893,1258444
2020-06-11,285.7805480957031,302.82608216425285,283.5402897938576,294.5955421204703,3120433
2020-06-12,291.429931640625,292.2091441349644,268.0044807507746,268.83241260416725,2349896
2020-06-15,292.550048828125,298.63773908289267,285.3909191435082,292.209132228848,4385378
2020-06-16,289.28704833984375,299.9526938302725,282.56624407089794,298.05332253196025,2137287
2020-06-17,286.0240478515625,294.1085187651276,284.4655931203287,288.3130254513385,1564136
2020-06-18,297.4689025878906,298.54034206068803,285.3909305833004,285.97535481619457,1331074
2020-06-19,309.9364929199219,312.5663572306518,297.17668841585566,300.00137070147656,2517722
2020-06-22,315.9268493652344,324.25479958787673,307.06316444650935,311.88462808596967,2799976
2020-06-23,308.28070068359375,318.41061349722185,303.89756275918245,315.92684723007807,1828250
2020-06-24,297.37152099609375,313.5404343957705,292.2091708674569,311.15407733538535,1743056
2020-06-25,299.4656982421875,302.92349473255405,293.76761369850993,295.61826575990403,1054848
2020-06-26,299.85528564453125,305.8455670802326,295.9591637708977,302.92347567500747,998410
2020-06-29,290.3585205078125,298.9786970461839,287.53383778381254,296.93322689257906,980750
2020-06-30,286.85198974609375,294.5468249521669,283.44288290700604,292.1117486385328,1164690
2020-07-01,294.79034423828125,296.1052914446416,283.6377121159414,285.68315252021983,3497535
2020-07-02,291.62469482421875,299.9526725509544,290.3584671985402,297.079270990697,852993
2020-07-03,298.1020202636719,303.8001045883558,290.26108669106475,292.9883601793494,2494208
2020-07-06,309.839111328125,313.1021194832374,299.17346534836787,301.31634436144077,2419297
2020-07-07,308.23193359375,318.0696169055347,306.04036518220505,317.4365030872093,3444934
2020-07-08,301.3650207519531,311.5923406624836,300.4883992760607,310.5209012030369,1399289
2020-07-09,313.00469970703125,314.8066620343652,300.53709176727403,304.33583440734884,3699667
2020-07-10,307.306640625,319.2872045818486,304.6280565941957,312.61511904879717,3090476
2020-07-13,303.45916748046875,310.1800012032347,301.0240914142636,308.0858120062586,1019764
2020-07-14,294.44940185546875,307.69622231235013,290.2610826865888,304.3845246293926,1855406
2020-07-15,291.2838134765625,296.10527641344714,287.3876914184908,294.1572153844113,1223316
2020-07-16,293.0370788574219,296.9818904518462,282.71234971855563,291.186426871458,1101859
2020-07-17,296.1052551269531,298.78383884931867,292.2091333489669,295.3747322935807,561317
2020-07-20,299.3682861328125,301.9981507006021,294.303315541062,297.56632372660977,1194716
2020-07-21,300.3423156738281,305.748173149771,298.63776227014586,302.9234905972508,955528
2020-07-22,300.1474609375,304.38449911012265,294.30327855458563,302.29033970125477,796602
2020-07-23,299.4656982421875,308.8163675471373,297.71242545371985,300.05009277995725,1617933
2020-07-24,292.2578430175781,304.2871257768157,288.31303133694155,297.51763155849653,1931110
2020-07-27,290.45587158203125,296.9818573014506,285.68309893381405,294.644190331434,2073700
2020-07-28,296.7384033203125,299.4657067156365,287.82602966651245,290.26110605963015,2078978
2020-07-29,298.1994323730469,304.48194100372245,295.1312422354119,298.4429399986537,2195372
2020-07-30,292.550048828125,304.43320237040143,291.23510178808516,298.1994134945294,1371442
2020-07-31,299.95269775390625,302.33905459127857,284.90391497056856,290.2610826024938,2779651
2020-08-03,297.12799072265625,306.6247880525156,295.1312400971681,297.90723295398345,1861517
2020-08-04,296.8844909667969,302.63129482182325,295.71567217640785,298.54035474283035,916874
2020-08-05,296.6409912109375,300.39101476205127,290.99162592812826,298.0533473941665,1174090
2020-08-06,295.7156677246094,299.9039870126264,293.865015707231,297.56631974198774,1192483
2020-08-07,315.293701171875,317.2417622734002,295.4234541562752,295.71568115653605,5191877
2020-08-10,314.6118469238281,322.35540117621537,310.2773993718539,320.45602983882185,2786753
2020-08-11,307.59881591796875,319.6768177373357,307.06311104011604,317.5339387758218,1297565
2020-08-12,305.9429626464844,311.348819618907,299.56304552334683,306.81958408457325,1310303
2020-08-13,308.1345520019531,311.0079241175085,302.4364676803564,309.2546811224256,768973
2020-08-14,306.46282958984375,318.2139434237057,298.6451689723162,310.39625279654064,1503774
2020-08-17,307.4461975097656,314.18219101866634,301.93939880140744,308.7737338962793,1773446
2020-08-18,310.7895812988281,316.05054070739794,307.00368556530884,308.62621659533664,1531758
2020-08-19,327.5558166503906,339.11024707704763,311.6254409944641,312.3138020450133,10633333
2020-08-20,332.91510009765625,337.5368844449677,319.78732393831547,326.4741314952054,3416434
2020-08-21,335.2259826660156,343.58450687744863,330.50588687988477,337.4385331925714,2143371
2020-08-24,330.3092346191406,340.6344713756789,328.440864446076,338.96278438278523,1689879
2020-08-25,326.2774658203125,333.9476596158145,323.1799008302388,333.35764009160056,1746377
2020-08-26,334.4884948730469,342.4045276724322,323.7207660477827,329.76839867699135,3244919
2020-08-27,368.561767578125,381.2470822918333,336.79938502355503,336.79938502355503,9901357
2020-08-28,356.3681335449219,365.7100135827118,353.17222721620425,365.7100135827118,3024471
2020-08-31,327.8507995605469,358.92484712148473,323.671537642009,358.92484712148473,2297376
2020-09-01,325.4907531738281,334.1442717679486,314.6738399263595,330.06335140833085,1451986
2020-09-02,327.1625061035156,333.1609528322272,325.49078914032896,327.3591592694181,806757
2020-09-03,339.3560791015625,344.1745163282305,328.2441409971836,328.44082415322566,1219297
2020-09-04,342.45367431640625,358.67904582027046,328.4900092607403,332.47261845383576,3419139
2020-09-07,338.2744140625,352.2380792049821,332.8659568609193,347.0262751685845,1971836
2020-09-08,325.4416198730469,339.7002792297572,321.7540355566563,337.1927038888288,1058486
2020-09-09,330.7025451660156,333.25927626054397,316.0997354717555,321.0165144959879,1245380
2020-09-10,331.8334655761719,339.2577907318087,324.5566077962406,334.0460163852924,1552559
2020-09-11,332.5709533691406,337.68438567411897,328.44084688351654,331.8825922849905,800469
2020-09-14,369.7417907714844,374.5602283195043,334.68516155797744,336.3076926698076,3666378
2020-09-15,357.2531433105469,370.67597373180325,353.1230670352376,368.1192426987241,1394608
2020-09-16,364.3333435058594,370.38097599937294,354.2047902246668,360.8915980206488,1982564
2020-09-17,357.0565185546875,363.64498480696915,355.089806835862,359.0232302735129,777623
2020-09-18,363.7925109863281,369.74180191217636,358.03987322592627,358.5807069429528,1497350
2020-09-21,337.2419128417969,365.75923351332415,334.43934256697736,361.87496576282905,1125434
2020-09-22,333.2593078613281,342.20785253589014,326.5233139574723,339.749462790661,942885
2020-09-23,327.26080322265625,342.20782361426075,321.85234624024696,338.1760587709008,632984
2020-09-24,312.55963134765625,324.21240299484657,309.85540303335466,320.91815522822475,655873
2020-09-25,322.4915466308594,325.2940866532972,313.1988223165144,316.6405676166959,757134
2020-09-28,328.342529296875,333.8493283436468,323.6224329765795,326.4250032959727,542852
2020-09-29,328.44085693359375,336.061864841484,325.4907893563459,331.3909245108416,604676
2020-09-30,326.0316162109375,334.09514608950656,323.7207539984561,330.4075616955827,455932
2020-10-01,329.12921142578125,336.307697048995,326.52329444386027,331.39091785237224,716794
2020-10-05,329.2275085449219,333.30845910662646,327.45748011571885,331.39090330029205,586088
2020-10-06,333.357666015625,341.4211967844615,328.63756947412776,332.0301294853158,1153606
2020-10-07,330.4566955566406,337.7827080703173,328.9816618969449,333.3576070912302,429015
2020-10-08,326.4249572753906,335.7176512226621,325.49075729741963,333.16092023894237,445646
2020-10-09,325.3924560546875,331.3909329497716,324.16326119953254,327.40835362292563,364568
2020-10-12,316.64056396484375,329.0800086901066,315.1655302817777,326.6708050135477,479310
2020-10-13,311.6254577636719,318.9514707301455,310.74044351508195,316.0997448137386,511024
2020-10-14,310.6912841796875,313.1004879394713,300.90688174016356,309.757084144286,724076
2020-10-15,312.36297607421875,320.52484753894106,307.2003579224801,314.6738682964485,773245
2020-10-16,316.2472229003906,322.3440106930243,309.75706879047243,313.88717504486675,400436
2020-10-19,315.5588684082031,320.42649159414015,306.8070078403264,318.5089357912832,990695
2020-10-20,313.8379821777344,318.3122688541018,309.06870077968824,311.9204564675506,470921
2020-10-21,314.1822204589844,319.8365170713135,309.7571187623789,316.4439271000594,519207
2020-10-22,313.8379821777344,322.29484764494464,311.82211489044573,314.18216269278355,586100
2020-10-23,318.0664367675781,319.1972899045541,312.85463316511124,312.85463316511124,349502
2020-10-26,308.5770568847656,324.35993644460393,305.8236724804374,320.32817141640663,1006846
2020-10-27,303.0702819824219,311.0846260788891,300.1693702496995,307.888719597934,766575
2020-10-28,299.97271728515625,306.266219304506,298.20268859824023,304.5945022038084,430422
2020-10-29,301.8410949707031,305.62699104581407,297.26846618763454,299.8251974402997,484896
2020-10-30,300.6119079589844,306.02036536085944,296.43264542117186,301.8902586137533,290316
2020-11-02,299.92352294921875,303.56195146098247,296.973455510374,300.85772297537477,320670
2020-11-03,300.2676696777344,303.75857041679564,298.84179190564765,301.8902005844863,282441
2020-11-04,302.9227600097656,308.18371985124185,298.2026638958957,300.2677171993285,478371
2020-11-05,305.9711608886719,309.757086840877,303.36527393781125,306.36449721924055,502775
2020-11-06,308.4295349121094,313.98548907649575,305.3319702018441,305.3319702018441,774269
2020-11-09,308.97039794921875,312.6087963278983,307.83951479498745,309.953753728803,262354
2020-11-10,304.88946533203125,310.64210298180586,303.02109524320525,309.1670692259477,456861
2020-11-11,303.2177429199219,307.98702417416695,300.7101678227159,305.33195172056884,484833
2020-11-12,307.1512145996094,310.8879549334233,300.7102155907366,300.9068987702594,925419
2020-11-13,308.6262512207031,310.00294346094904,305.8236809400639,306.61035364602157,342237
2020-11-14,307.0528564453125,311.2321187027747,306.02034483261826,309.9537681337592,211406
2020-11-17,309.8062744140625,314.1822203159027,307.34788458373464,310.6421329583023,1090054
2020-11-18,331.5384216308594,334.29183603994056,310.78960701836706,310.78960701836706,3443441
2020-11-19,327.7525329589844,340.6836879785838,324.40912866126195,331.3909620536381,1996921
2020-11-20,325.6382751464844,331.3909127193563,322.8848908428791,328.44084524707716,1065567
2020-11-23,327.4082946777344,332.27588742202335,324.802378046252,328.4408061663196,737926
2020-11-24,347.5179443359375,351.40221186847015,327.50664719259623,329.32586148010694,2229142
2020-11-25,333.8984680175781,354.8931214895622,329.96504460398444,350.0255280210235,2066023
2020-11-26,342.2077941894531,343.53533042745994,331.0958864394543,332.96425632534323,1159933
2020-11-27,345.9937744140625,353.9097772907456,336.35686872762216,340.83115601371094,1590307
2020-12-01,348.8946228027344,351.54969544350524,342.45365437258937,347.6162722777038,595719
2020-12-02,366.89007568359375,368.7584458070885,349.8288455889913,350.9596988208719,2269996
2020-12-03,392.4080810546875,395.1123092363965,371.70845552218674,371.70845552218674,3889451
2020-12-04,385.032958984375,407.846825992513,379.82118514673454,397.2757509366492,3472924
2020-12-07,399.63580322265625,403.1758902118096,383.7054567859239,387.04886060526485,2202917
2020-12-08,386.3605041503906,404.7984261798026,380.5587106870634,399.7833053858748,1799352
2020-12-09,383.9512634277344,395.2598545184621,380.1161520066485,390.3922315668597,1002432
2020-12-10,379.8211975097656,385.37715206688034,372.54437021312447,383.95130408848473,687369
2020-12-11,366.2016906738281,383.0170807067851,361.383253298443,379.8703301708078,1498292
2020-12-14,369.9876403808594,375.64193654614826,366.8900754400637,369.44680666455696,803054
2020-12-15,371.80682373046875,374.3635547419021,364.0383191265895,370.7251263783658,879862
2020-12-16,390.0480651855469,392.1131183310358,373.23267530033246,373.23267530033246,2264152
2020-12-17,389.9006042480469,407.60100998944625,386.4588586872192,393.9323693355158,3942740
2020-12-18,388.917236328125,395.30904931455433,382.5254233416956,391.47396752462447,1073261
2020-12-21,360.3015441894531,388.4255249061006,353.12305915073915,385.4754576283327,976565
2020-12-22,353.6639099121094,368.56174438313514,344.8628934470714,362.85829270757574,1323544
2020-12-23,384.98382568359375,387.8355517237665,355.9748273242936,356.46650526258685,1779456
2020-12-24,385.9671325683594,392.850622830725,380.5586759336435,387.44216619600917,985831
2020-12-28,400.2749938964844,406.125973312469,383.6071299467079,389.3105819748432,1973691
2020-12-29,389.65472412109375,405.8800943368617,386.5079736511508,402.2416659815924,1949019
2020-12-30,389.1630859375,393.24400680010933,384.0004676148926,387.54055475232275,871725
2020-12-31,404.0608825683594,405.6342578127118,386.3604785910774,390.244745912169,2131664
2021-01-01,401.75,411.68189957979786,397.47242627862715,405.92926214910386,1717953
2021-01-04,410.1577453613281,415.66454431557605,398.5541279202985,403.91342949382306,1751776
2021-01-05,419.30291748046875,423.72801868982805,404.2575853725026,407.99432550099516,2421642
2021-01-06,410.9936218261719,424.5147658267864,406.32268117141416,421.2696732608541,1315239
2021-01-07,410.01025390625,425.2030845331363,407.3060251852245,420.3846466321462,1696143
2021-01-08,409.272705078125,417.38539060878986,407.40430500880683,413.4519673211948,962920
2021-01-11,421.76129150390625,426.7764120250217,404.40506784629076,412.81274783048644,2028957
2021-01-12,422.94134521484375,432.57822027047837,417.92622451869187,419.8929361634857,1643102
2021-01-13,417.5329284667969,426.1864485347512,412.0261293282618,426.1864485347512,654531
2021-01-14,412.1243896484375,419.64705492996507,406.71593317013685,418.1720213449739,721098
2021-01-15,405.7326354980469,413.94366296457144,400.2258366575871,413.5011408219051,615542
2021-01-18,399.38995361328125,406.51928318907903,393.58816037421474,402.19252365535,510018
2021-01-19,408.2893371582031,414.97614454512274,397.27574027542556,397.27574027542556,696809
2021-01-20,407.6993408203125,412.37028110103444,406.61764338495436,409.5677109306735,254241
2021-01-21,403.0283508300781,413.00940546010355,394.8173245053133,409.8626551289344,619105
2021-01-22,401.356689453125,411.3869312588711,397.9149439328685,404.1592596644046,520077
2021-01-25,386.95050048828125,406.12593825072463,377.9036152836839,404.9458993076426,846607
2021-01-27,396.1940612792969,400.5700067639204,379.624509400753,388.9172340772507,798807
2021-01-28,411.3377380371094,417.8770784153019,387.7371977526648,393.1456549011834,1337380
2021-01-29,411.9277648925781,416.8445442061912,403.81507902511646,412.37028703465904,674583
2021-02-01,426.53057861328125,437.4949897906923,410.79688579988067,412.0260805509276,1818744
2021-02-02,463.5047912597656,468.51991215469224,428.64481397026157,428.64481397026157,2079600
2021-02-03,458.5388488769531,475.20674355704733,454.2612746757198,463.50481422875544,964499
2021-02-04,448.0169372558594,459.22718809391137,443.5426500727154,459.22718809391137,900300
2021-02-05,449.5411071777344,456.22794476050876,442.9526411885402,446.44354234620266,960947
2021-02-08,462.8656005859375,468.07737447433846,445.5585319984041,450.4753111420421,1305680
2021-02-09,451.1636047363281,468.71651082285047,448.06604013509144,463.9964152409313,430481
2021-02-10,448.115234375,455.4904026167897,445.01763970573916,453.9170273899473,258808
2021-02-11,448.41021728515625,459.71880829125115,442.60842442308683,442.60842442308683,622042
2021-02-12,451.65533447265625,458.0963333611334,447.91859420868974,450.67197861270307,480453
2021-02-15,454.4087219238281,460.21051515137304,450.47529871740613,455.1953945612575,255120
2021-02-16,449.73779296875,456.7687811218738,447.52524236051704,451.36032407952655,210427
2021-02-17,471.3224182128906,479.23845032934435,447.52522609715146,451.6061466243279,2158998
2021-02-18,476.7309265136719,483.8111009707587,468.47074298683094,475.64925903547396,1213065
2021-02-19,477.2717590332031,496.34885617087934,467.0940201707136,474.66587208049424,1841113
2021-02-22,471.4700012207031,496.10305466659554,463.3081291936447,475.94425858995487,1236694
2021-02-23,479.2384338378906,485.04022679817166,472.99411878341726,474.8624887184723,499443
2021-02-24,474.5183410644531,484.59773826463993,407.3059944738446,481.8443539601515,225053
2021-02-25,486.07275390625,489.6128407442616,477.9109128713554,477.9109128713554,611728
2021-02-26,473.3874816894531,484.79441510563083,468.0282105221614,475.9442128014712,379358
2021-03-01,479.6318054199219,486.56445200798953,468.5690523477043,471.22412508889187,421224
2021-03-02,511.04998779296875,519.5559788943094,478.40256536733546,482.33598830971846,1203067
2021-03-03,527.668701171875,540.5998540206427,511.2467072370547,515.1801304586692,1163662
2021-03-04,512.6724853515625,526.9803592251882,507.5098677738581,521.1785364158693,786208
2021-03-05,504.75653076171875,530.5204652679274,492.6612661709577,511.34502676426746,745263
2021-03-08,500.2331237792969,515.2784560061556,497.7747341991148,508.39496518164583,385311
2021-03-09,480.36932373046875,510.2141492114371,477.12426149008553,503.5273415604978,606318
2021-03-10,503.72406005859375,508.3950005862235,481.30355752982734,484.25362523148823,548535
2021-03-12,491.4320983886719,508.0508366790621,485.87614369846176,506.42827547807104,654772
2021-03-15,485.5810852050781,493.8904537731606,475.255849237695,493.8904537731606,452902
2021-03-16,490.5962219238281,501.0197998159403,485.5811011445475,488.2361739128839,389591
2021-03-17,480.6642761230469,496.49630961851557,477.1733752323625,492.5628866387537,214238
2021-03-18,468.8640441894531,488.72784380888055,464.1439482450536,484.30274260739174,290919
2021-03-19,461.9805603027344,470.3882707163961,453.5728798987113,468.07737849709827,448447
2021-03-22,475.60003662109375,478.9434404091346,460.9480408963946,465.176458921029,413517
2021-03-23,480.0743103027344,481.84433872685565,474.0758339615542,477.9109155535752,227457
2021-03-24,476.5833740234375,484.056883972941,472.30577036730534,476.9275545492664,283889
2021-03-25,461.3413391113281,478.8942450605463,455.29370731628944,476.68169464702225,441210
2021-03-26,460.013916015625,468.76580825628804,454.01546853783526,466.01239350305775,348472
2021-03-30,451.7536315917969,466.3073148922829,446.9351943542612,464.48810072851757,550473
2021-03-31,457.3096008300781,459.66967874769324,440.05171861775085,452.3436660651741,816033
2021-04-01,451.2619934082031,463.0622636041534,447.9677453099059,459.22718179239735,498618
2021-04-05,437.83917236328125,452.7861926095212,434.0532465104865,452.7861926095212,361997
2021-04-06,431.0048522949219,442.5101276168145,426.82558997854085,439.36337692768393,590321
2021-04-07,440.39593505859375,446.44356769392937,434.10246345426367,436.56085314420824,485299
2021-04-08,473.14166259765625,476.3867549178502,440.543422077551,440.543422077551,1663502
2021-04-09,476.8292541503906,495.41467404427385,470.83077735669303,474.4692060703108,1414176
2021-04-12,447.77105712890625,469.15904518647034,438.183338344481,469.15904518647034,592524
2021-04-13,451.5570373535156,460.4072403764837,441.23180049338623,445.5585604137981,503134
2021-04-15,453.6220397949219,457.1621268427539,438.0850294306424,451.0653386028133,461983
2021-04-16,464.34063720703125,471.0274448799687,449.4427723017599,454.31039568798656,491808
2021-04-19,441.3793029785156,455.7854609527644,437.8883715177532,455.7854609527644,381972
2021-04-20,437.6916809082031,452.09783765032614,431.9390433668423,443.49347423664403,779265
2021-04-22,440.54339599609375,447.23020339575095,429.0873069905335,433.75824701504564,533454
2021-04-23,452.884521484375,455.6870916388192,425.5963968414515,432.6765709148223,694430
2021-04-26,462.32470703125,464.43891592461426,453.8186856637484,457.16208926367756,424423
2021-04-27,475.2066955566406,476.9275682254955,455.2937403884627,462.3247284335708,535465
2021-04-28,483.76190185546875,489.71119249131743,473.0924853344031,475.9442111763005,798478
2021-04-29,483.4176940917969,491.4320374754117,476.7308569667901,486.7610976494823,423659
2021-04-30,473.58416748046875,489.71119687772733,465.9139741019023,476.92757125642123,441044
2021-05-03,477.3701171875,486.76115370461196,468.1757338378183,470.093259770871,644812
2021-05-04,466.70068359375,499.24976761567206,464.1439524301309,481.7460158106171,1003071
2021-05-05,464.3897705078125,478.64842942229274,461.19386419939457,470.9290804908019,293863
2021-05-06,470.0440673828125,475.3541826442056,465.2747858017917,468.07735580380495,368482
2021-05-07,460.94805908203125,467.29071637885573,457.01463564453127,462.27559549411535,570131
2021-05-10,465.47149658203125,468.56906150083296,460.80055630474067,460.80055630474067,455967
2021-05-11,461.685546875,466.9956621789831,458.2438015841321,460.21051317891374,387615
2021-05-12,473.3874816894531,481.84434767091096,462.27557302253007,464.6356209683784,981727
2021-05-14,471.86328125,484.79440387058406,467.09399967246947,475.79670440513655,631103
2021-05-17,473.1907958984375,482.82767018337563,471.0274012583237,474.8624826570384,365820
2021-05-18,482.0902099609375,488.23618408078624,474.46920205232504,476.8292501124191,822246
2021-05-19,484.2043762207031,492.5137444994993,481.64764521110146,483.81103991375744,418705
2021-05-20,487.8428039550781,503.42899892607915,478.0092462458834,483.811039292381,751014
2021-05-21,493.0054626464844,502.49484062105995,488.77701447500516,494.4804964252155,415438
2021-05-24,496.988037109375,509.37832673457626,489.66205408393705,495.6113449309391,820983
2021-05-25,502.5439758300781,513.3117339777187,498.56139679445096,504.31400428821513,1173711
2021-05-26,504.16656494140625,508.98497267743784,498.6597660850795,506.37911564183435,555083
2021-05-27,501.9539489746094,513.3116957561646,500.18389063863435,508.4440728442777,574507
2021-05-28,493.15289306640625,506.4281952725807,490.0061427618294,501.9539387550944,425872
2021-05-31,494.6771240234375,499.8397419821757,487.0069607743099,493.1529345347126,375490
2021-06-01,489.2195129394531,504.41237212906606,482.3360223051291,497.08635937868047,805728
2021-06-02,495.11962890625,497.2830235984735,485.4335685950346,491.1370500519709,402727
2021-06-03,496.10302734375,506.2315806156935,493.9396324654519,499.54477282581763,431591
2021-06-04,500.4297790527344,503.9207102771146,496.74219466689243,497.57805312961096,312442
2021-06-07,510.1158752441406,517.687727709452,498.36476018646755,503.281539706893,1236869
2021-06-08,553.186767578125,555.5960011800166,508.54245234442675,511.59083117505077,3437776
2021-06-09,543.6973876953125,568.1829084857434,533.9621423084999,558.5460346799778,1731145
2021-06-10,564.0528564453125,574.2306248709091,541.9765670022759,546.2049848902411,1813211
2021-06-11,565.8721923828125,570.297294149613,553.1377208500523,563.6596414994123,615616
2021-06-14,560.1686401367188,578.2131945648338,540.8948309729936,560.5127906495837,1331261
2021-06-15,573.640625,581.163321442629,556.2844298381964,560.5128480918758,1437370
2021-06-16,571.6739501953125,579.8850082841084,553.3343979745157,570.3464436875462,965649
2021-06-17,558.4969482421875,588.7351396134856,555.5960365783217,565.4295947478495,1168699
2021-06-18,556.7269287109375,566.8554817842582,536.0764562234912,563.4628921574653,560088
2021-06-21,565.23291015625,570.2480608216368,540.8456979611306,545.7624770335044,359308
2021-06-22,582.9332885742188,604.272120791542,568.8713130641286,570.3463467194375,2065809
2021-06-23,593.2093505859375,608.8938866541858,583.7199436803354,584.1133099843297,1490998
2021-06-24,592.1277465820312,609.5330970380289,589.030151659915,598.3720321954228,1452669
2021-06-25,588.7351684570312,599.8470777291416,583.2283396007374,593.9469425383631,666081
2021-06-28,588.440185546875,596.5036557878365,583.1300397605676,592.0785543056737,595845
2021-06-29,596.9952392578125,604.173784097209,588.0467261287785,589.9151260221801,776504
2021-06-30,604.9605712890625,612.7290470108371,597.5854019219639,599.5521137531902,988113
2021-07-01,607.3696899414062,614.3514916086422,604.960456401832,608.6971961676662,518444
2021-07-02,603.0429077148438,616.0723712732973,599.9453131253142,611.6472704421244,597395
2021-07-05,639.3779296875,651.9157156771439,604.7637947945893,607.2221842043234,1527137
2021-07-06,684.5343017578125,705.4628021071807,644.2038384739778,645.0902460628789,2473674
2021-07-07,677.0985107421875,690.2958003053448,669.7612130397991,684.1895908043059,1052077
2021-07-08,659.370849609375,681.0380022477711,653.5108576689174,663.8027671945015,689716
2021-07-09,666.2649536132812,670.05668133712,650.9994594802349,650.9994594802349,567302
2021-07-12,703.7393188476562,712.0614879560735,668.7271788688436,673.7992868180654,2922058
2021-07-13,696.7466430664062,709.1067557448924,690.39421635718,703.1483012779921,867645
2021-07-14,699.455078125,709.0083345027325,690.7882292888503,700.2429625443358,640724
2021-07-15,702.1142578125,706.1522031301985,683.8941521529342,705.0688695410782,556165
2021-07-16,708.6143798828125,722.4025679555845,704.182462287993,709.1068151711258,1150982
2021-07-19,708.66357421875,724.8647063768274,699.258072727646,706.1521664024256,682203
2021-07-20,684.0418090820312,711.9136328342938,677.5909191848118,704.133191776969,519761
2021-07-22,690.7389526367188,698.8641348675901,685.5191506198381,697.0913798577459,275615
2021-07-23,693.15185546875,712.0613813527448,689.4093595393103,697.8792219118172,489311
2021-07-26,692.8071899414062,703.1975620644104,689.4093745729514,698.2732093888893,235414
2021-07-27,671.9771118164062,699.2580359453511,669.7119217504771,699.2580359453511,320754
2021-07-28,784.0062255859375,806.362800127859,658.8784284403514,676.5076361458542,8361954
2021-07-29,758.5473022460938,814.2909507886063,750.6683379228141,795.4799475114671,5470341
2021-07-30,783.7107543945312,796.6618264069114,755.395725567836,761.3049489751463,1710229
2021-08-02,810.1544799804688,822.0714495494555,783.1198318195579,790.8018099885525,2153873
2021-08-03,797.8435668945312,819.4122548591927,791.8851124001717,800.6997153852448,760526
2021-08-04,768.9868774414062,810.3514386062085,763.3731035466952,802.2262569488366,820125
2021-08-05,752.2440185546875,773.812704905787,747.5166525372701,773.812704905787,685907
2021-08-06,780.460693359375,790.9988204556134,750.1266918979925,750.9638078358064,645766
2021-08-09,764.3087158203125,790.5555378767365,761.2556414096028,781.7901666536443,488170
2021-08-10,748.1569213867188,780.017458954632,743.5772493822566,767.2141420778515,730743
2021-08-11,753.57373046875,765.9830754379032,730.773953037511,752.1456561392555,946202
2021-08-12,753.8198852539062,765.0966040979553,749.9788663585298,758.2518023893145,798268
2021-08-13,776.816650390625,788.881314691462,743.5772691536251,758.3503274811807,1091484
2021-08-16,803.2111206054688,810.0559825717329,762.0927774171771,774.6006447327269,1427270
2021-08-17,798.3360595703125,819.1168646532352,789.0783122843015,803.6543846901596,1074840
2021-08-18,777.5060424804688,805.1316484888416,773.6650234154646,801.6846016757395,402743
2021-08-20,755.346435546875,776.7673687389456,749.486444099573,766.2292424565936,410231
2021-08-23,732.349609375,763.1761011518904,729.7889703657727,758.3502121209783,436999
2021-08-24,753.57373046875,763.0776952734273,728.8042119242023,728.8042119242023,397391
2021-08-25,742.444580078125,766.2292259833514,737.8649684577263,747.5166870454547,402250
2021-08-26,745.153076171875,757.7101763936055,742.1984643549973,744.9561501401349,450417
2021-08-27,735.7967529296875,756.2328165385998,730.9709233734144,742.6416151728494,420856
2021-08-30,751.4562377929688,760.2216098276436,741.7059951976215,742.592402746918,698934
2021-08-31,765.73681640625,769.8240530401181,754.4108056169614,755.7403567518835,458003
2021-09-01,814.5864868164062,827.0451245261861,759.3352676507168,764.2596208780237,1966364
2021-09-02,808.92333984375,838.9618893032952,804.4914227103745,820.3971049115115,1447976
2021-09-03,836.4996948242188,844.7726306702837,805.7224931821945,812.3211372365889,1377924
2021-09-06,854.818359375,860.776813855891,833.3481945757678,840.6854316845877,1369019
2021-09-07,865.3565063476562,871.5119470969803,849.7955040439844,855.8524817860095,1208284
2021-09-08,856.5419311523438,870.0839012432227,847.973545327042,869.7391604829636,744779
2021-09-09,842.0150756835938,860.6290927228182,839.1096955838161,851.9130125352124,398200
2021-09-13,835.7611083984375,848.0227585293345,827.3897088865749,835.1702101246439,418524
2021-09-14,833.6436767578125,842.655206090185,827.8821480583674,837.1399551363305,264501
2021-09-15,829.9996948242188,839.1097478377151,819.7570165805685,833.69295955942,308946
2021-09-16,822.613037109375,836.8444270260388,818.5258007282556,829.999565428226,226396
2021-09-17,837.1400146484375,846.0038500976563,817.5410655549169,822.7116362336278,851323
2021-09-20,832.1171264648438,839.5036553654843,817.7379808045613,832.2155894721619,282921
2021-09-21,830.1473388671875,838.1247655877876,808.5786516422721,828.2760609392825,321137
2021-09-22,897.7587890625,910.0204401320805,827.0943230673953,830.3443840455207,2283584
2021-09-23,925.1381225585938,935.134582636737,902.2398823834446,905.785452413085,1539435
2021-09-24,940.3050537109375,950.3999757329716,911.3991303071672,926.7630851447941,699460
2021-09-27,931.8352661132812,954.3395334402203,916.9144536974666,936.6118640883897,625120
2021-09-28,910.6605834960938,933.4110692911553,895.247335252609,926.7631930392795,564091
2021-09-29,910.1681518554688,922.8237145038127,897.8572698583529,902.6338680285425,285324
2021-09-30,922.626708984375,932.4754143751385,911.0052486456195,912.9749897237723,297827
2021-10-01,902.4368286132812,922.3312247683772,896.330619480884,915.9295665078384,196784
2021-10-04,906.9180297851562,918.6872449820328,901.1565610623995,902.4368807661534,267968
2021-10-05,918.2440185546875,924.6949686433461,902.7323076403954,902.7323076403954,247336
2021-10-06,910.2173461914062,928.7328999366204,901.2549883964563,921.0016904028352,266765
2021-10-07,918.53955078125,942.5211248452116,914.0583416489773,918.4410276583252,432766
2021-10-08,922.47900390625,929.7177782408713,915.9788223557504,921.838814018491,230604
2021-10-11,929.6192626953125,965.074599692264,923.2668361276808,928.4374061064028,820917
2021-10-12,919.1796875,935.6270379794584,909.6264309846008,927.8465364610429,263229
2021-10-13,921.986572265625,935.528542076059,911.0052417928368,926.7631702995237,295829
2021-10-14,948.0856323242188,988.8100043760935,926.7631614720159,928.3389302629845,2529984
2021-10-18,922.0357666015625,962.6616743951886,916.5204557795145,955.7183494491683,440102
2021-10-19,891.258544921875,931.2442620073266,880.5234327412612,918.8841496162903,274944
2021-10-20,854.0305786132812,890.3230367641169,850.9282121285365,889.8306014561722,259913
2021-10-21,848.3674926757812,864.1746525498012,838.1248151904554,862.7465782689059,233870
2021-10-22,835.07177734375,863.7314867829629,828.7193501677552,849.0568912980591,415062
2021-10-25,776.6688842773438,844.3295024393339,773.1233743758524,839.6513673714545,465189
2021-10-26,798.3360595703125,814.7341785967335,778.8356343170883,779.0326204533287,394041
2021-10-27,790.9987182617188,811.5332428996239,783.3659723485246,803.6542793763266,222198
2021-10-28,778.9341430664062,797.9913641893345,777.0628649742486,797.9913641893345,183241
2021-10-29,769.7255859375,797.6959343146843,764.2595662681088,781.0023660446008,420261
2021-11-01,810.1052856445312,816.4577129242493,775.5363522421289,777.4075702819138,493755
2021-11-02,848.8106689453125,855.8525175010888,807.5938600125348,815.472824500462,885608
2021-11-03,832.4125366210938,855.655455762077,827.438952749894,855.655455762077,203283
2021-11-04,843.4923706054688,851.7652469233922,807.5938280555331,836.9429575893523,81830
2021-11-08,854.2274780273438,867.6709855599971,829.1625697234225,843.4924247157167,501730
2021-11-09,850.9773559570312,860.5306119691917,847.087105402751,856.8373475401394,140624
2021-11-10,869.7884521484375,878.0120972139385,837.139969301007,846.0038042700766,311508
2021-11-11,854.1289672851562,875.3529151878557,849.9432675319572,874.5650307860694,149248
2021-11-12,856.3941040039062,872.2997861175093,846.9886030505155,856.8373077371494,276525
2021-11-15,843.935546875,860.7768082082988,835.9580598394446,860.3828359676327,130083
2021-11-16,833.4959106445312,849.9432603822692,827.2912383790338,846.9886488166297,118214
2021-11-17,805.6732788085938,842.9506622968746,803.1618711235625,834.9731753946464,176028
2021-11-18,791.2943115234375,818.9199203872764,778.4909934656689,811.3364045922517,189822
2021-11-22,793.9534301757812,801.6846400678621,765.8353274501114,789.0290773498116,189713
2021-11-23,797.4004516601562,811.5333197741537,780.0174626955458,792.8207796337302,286380
2021-11-24,812.86279296875,837.1398733403074,807.5937601635907,807.5937601635907,382958
2021-11-25,860.0381469726562,871.1179398766842,818.4273691775292,830.2458149418256,1272710
2021-11-26,794.1011352539062,846.6440166727833,788.930564717877,837.0907600410121,497458
2021-11-29,771.39990234375,805.6241559108682,753.7706944472183,796.7603204546361,317938
2021-11-30,754.7062377929688,798.2375250884922,748.5015657831636,774.1081982967982,500170
2021-12-01,755.6419677734375,777.8507877788411,743.4295482899824,767.9036187645413,531980
2021-12-02,818.9198608398438,827.1435058727386,760.3200632211177,760.3200632211177,1206395
2021-12-03,819.4614868164062,832.2155718030705,805.7225313305668,818.4273848146172,413671
2021-12-06,793.2147827148438,826.1586552580859,787.9949205939831,817.5410377532885,368964
2021-12-07,808.5786743164062,822.1698750901228,792.8207464369148,797.7450988992558,232061
2021-12-08,813.30615234375,839.1097748121994,808.8742345190377,812.4198048458471,522710
2021-12-09,821.0372924804688,834.5792614614463,817.4424912153746,820.2001165127926,289626
2021-12-10,834.3331298828125,842.2613259723676,814.9803990804993,821.3820578043944,267033
2021-12-13,822.8101196289062,846.9886798032702,820.3971747396791,836.1551036662516,192229
2021-12-14,830.3936157226562,838.1248253785786,815.9652383386044,817.4425441412694,202792
2021-12-15,850.7803955078125,868.655819928585,821.8252375772295,829.2609981631163,685001
2021-12-16,861.3677368164062,874.6634888992153,839.2081500117245,853.9812078815123,662795
2021-12-17,816.3592529296875,861.4170822474442,808.5787512541697,856.2465116699967,457442
2021-12-20,778.786376953125,811.9765260647151,763.2746659989527,811.9765260647151,278034
2021-12-21,791.146484375,813.5030574184082,778.0477183541676,778.0477183541676,304542
2021-12-22,870.0838623046875,885.3985866815618,795.2829352006243,795.2829352006243,1695441
2021-12-23,876.4363403320312,894.8533718185255,857.8714941042833,877.9136461803637,1114912
2021-12-24,899.826904296875,915.9295119953301,871.9057911706296,883.428787376141,1834983
2021-12-27,907.9028930664062,923.8085765039967,883.4781154327826,899.5807850028474,767629
2021-12-28,895.9366455078125,912.6302113804136,891.4554970570789,908.9369472542505,330665
2021-12-29,875.8946533203125,902.0922476241639,861.86024712202,901.0088538856778,428177
2021-12-30,864.5193481445312,877.3718966714883,859.2995463039416,876.5347807570292,264796
2021-12-31,903.66796875,918.2933326078597,871.6104440995324,875.4514633216115,1369126
2022-01-03,904.1604614257812,909.7250044781338,890.2738097168457,897.2171355713134,470443
2022-01-04,901.550537109375,914.698535076278,895.2473414636196,907.1642512271898,315786
2022-01-05,898.8421630859375,905.0960672534976,888.3532673151848,903.1263260842843,200609
2022-01-06,897.9064331054688,910.9067355284906,882.4439544701975,890.3229183493958,433104
2022-01-07,932.67236328125,942.3240821566413,886.4819127973936,903.0277852828929,1076048
2022-01-10,946.0173950195312,963.5973704085163,926.9601739169002,935.6270227367477,1004043
2022-01-11,981.0294189453125,990.9274149335444,945.9680554079871,950.3999723776236,1904002
2022-01-12,974.9234008789062,1008.5074632571328,962.3170094988088,984.8705695870437,1194143
2022-01-13,977.92724609375,994.3253050438723,965.2716231816371,980.8326263023193,380483
2022-01-14,976.8438720703125,1005.3066562074821,970.0975325636736,976.0067561122848,678942
2022-01-17,994.5714721679688,1008.4089510854806,970.540667508571,976.8438027796162,663846
2022-01-18,976.7453002929688,1002.4011643206687,965.2715351356874,999.4957843771098,359817
2022-01-19,949.7105712890625,975.5634208295835,944.4907698803685,965.2715125139649,342429
2022-01-20,956.1614990234375,970.0974406160637,903.4709273757629,944.490807665792,850435
2022-01-21,935.7748413085938,945.4757928467557,917.997878572454,941.5363103765609,535495
2022-01-24,867.1785278320312,942.1764449992771,853.0948908504041,935.430045598169,607846
2022-01-25,843.443115234375,872.5952578165123,834.1853085446794,848.9583659569228,431485
2022-01-27,846.2992553710938,870.5763385816739,828.8178030305451,841.8673378763068,464877
2022-01-28,842.5567626953125,873.5309537787541,833.1512608851156,853.488801848655,278506
2022-01-31,852.9471435546875,862.6481547183519,837.2384459697834,859.3980337539566,218475
2022-02-01,859.4965209960938,874.1710557823967,843.4923749312107,861.6632481779924,245233
2022-02-02,870.0838623046875,884.4137161735734,860.2351572248036,865.1102782616912,234984
2022-02-03,855.3600463867188,873.7771371280411,849.1553741347561,870.6255394425554,160437
2022-02-04,868.1141357421875,873.7279097535317,847.9735214961531,856.837356215625,236378
2022-02-07,848.4660034179688,866.5876461079196,843.2462013740172,866.5876461079196,162112
2022-02-08,824.7798461914062,856.6896156376274,818.7720998271208,850.9281470202025,226408
2022-02-09,845.3143920898438,851.9130368834252,831.4769727038517,832.0186394910851,187039
2022-02-10,854.325927734375,867.7693740000038,842.06427798004,847.9735009834086,262813
2022-02-11,825.5184936523438,846.8901962632968,820.3971548530048,846.8901962632968,119440
2022-02-14,780.756103515625,817.4425303285635,770.7596437084829,816.0636875580178,191068
2022-02-15,799.7640991210938,805.1316555135293,766.2292697119581,781.9871981379109,249693
2022-02-16,808.430908203125,834.1360637580899,801.9800185915254,806.4119357446169,379019
2022-02-17,790.1124267578125,815.5220758265872,787.994930955527,808.4309955927656,154742
2022-02-18,784.6956176757812,801.6846348140394,773.9112730352368,787.8964469916849,193534
2022-02-21,773.6650390625,790.9987965974165,763.5701160485357,782.9228461638996,304340
2022-02-22,740.573486328125,767.2142249939509,729.73990933848,767.2142249939509,379755
2022-02-23,763.6685791015625,781.7409280066976,752.2440456929509,752.490263308071,338661
2022-02-24,725.012451171875,748.4523573260251,714.0311209226502,743.4787732647021,278827
2022-02-25,746.4334716796875,763.2747353438722,740.6227109401185,740.6227109401185,319021
2022-02-28,753.081298828125,759.3844343541226,729.0504330849889,746.4334225385962,112667
2022-03-02,743.9219360351562,761.4033880658933,733.7777815269894,738.6529027072023,167113
2022-03-03,736.6831665039062,756.7252580185127,732.497466694225,752.1456460584861,161860
2022-03-04,723.3381958007812,741.0166343992355,717.2319862981083,728.7057523824468,211064
2022-03-07,696.5989379882812,718.4138450284985,687.7843344169532,718.4138450284985,287041
2022-03-08,718.3153076171875,728.7057399514902,693.7920671251225,697.780780808173,269010
2022-03-09,732.4974365234375,750.4713232011554,713.2432302143093,718.3152772371508,343941
2022-03-10,778.7371215820312,801.7830553691717,735.7967314277288,749.4864555140018,698228
2022-03-11,759.5321655273438,785.0402762131338,752.441085681819,768.1990141777733,567260
2022-03-14,751.9979248046875,773.02494790762,740.7704361780865,763.2747050500308,651831
2022-03-15,743.429443359375,765.2443481128141,736.6831047469561,751.456161660331,226918
2022-03-16,792.2298583984375,798.7299796878284,750.4713249348031,750.9637601873849,607261
2022-03-17,809.02197265625,849.6971167288337,797.0557707289086,807.5938982528469,1172490
2022-03-21,799.5178833007812,817.442538948257,792.1313543343813,813.8970290890757,207068
2022-03-22,821.4312744140625,829.0147897102651,790.506375052644,797.7451495875434,567788
2022-03-23,822.4161376953125,862.7465985901065,816.4576829123268,828.2761294683556,916571
2022-03-24,851.4205932617188,857.8222518576715,822.416143446941,825.3707551066115,499956
2022-03-25,833.052734375,875.943895107496,828.3745992417098,858.7086604059004,552083
2022-03-28,818.6736450195312,836.795287191572,807.4953883171888,836.1550972891212,207373
2022-03-29,846.4468994140625,851.0265108266643,823.253212910518,823.253212910518,288014
2022-03-30,848.5643920898438,863.1405234647282,845.1666369809129,851.322077557562,194810
2022-03-31,841.6703491210938,861.3677601476743,833.643690194799,848.564442980397,214315
2022-04-01,846.742431640625,866.5875967118448,833.2004619575094,838.3710322001535,370780
2022-04-04,858.8070678710938,871.2164120089451,847.9734924736373,854.3751506630434,259600
2022-04-05,857.5267333984375,877.4211289877938,852.8978301501049,864.223840596671,468521
2022-04-06,847.333251953125,873.6293045044882,844.0339600512884,856.738812666177,317726
2022-04-07,910.069580078125,917.8993126320416,847.7765205030428,851.5683080224742,1859595
2022-04-08,907.1642456054688,917.850127211214,893.4253494307978,905.0960414813778,464182
2022-04-11,923.80859375,928.6837150890435,898.3497135852699,905.9824604952513,489402
2022-04-12,907.410400390625,935.5285009222122,901.6489320785049,918.8841656245168,482421
2022-04-13,886.2357788085938,915.8804197163098,878.5538002077741,915.8804197163098,186744
2022-04-18,875.8453369140625,888.8456397336196,859.7919595428808,885.3985929313286,229422
2022-04-19,844.2310791015625,901.8460084344301,836.6475635601894,876.4363593151012,365321
2022-04-20,855.6555786132812,870.6748554977119,847.5303960364581,856.2465370495438,192414
2022-04-21,866.8829956054688,875.008176944438,858.4623651492451,861.5154395470778,186421
2022-04-22,865.6519775390625,876.830234179979,852.1592390503889,861.6632638542089,139904
2022-04-25,872.9891967773438,904.111079161301,849.401537319364,856.8372972443701,1773776
2022-04-26,867.9663696289062,893.2283222896802,858.068433012201,886.3834602134644,387535
2022-04-27,862.451171875,877.4704480971685,852.9471468110344,854.1782350259663,250405
2022-04-28,845.0188598632812,870.6254919803504,842.0642484651579,869.6406215143093,185359
2022-04-29,823.15478515625,858.7086477106604,813.1090936277766,855.8032675958565,214477
2022-05-02,820.0524291992188,832.855745438946,813.5030164626688,817.442498382585,162684
2022-05-04,792.9684448242188,830.7874329861303,782.9719859898489,827.2419235093548,160412
2022-05-05,786.1729125976562,820.8895993111763,777.407540701892,800.1088548550085,277925
2022-05-06,757.7101440429688,773.4680730601945,742.2969557900321,758.350333953985,450383
2022-05-09,732.595947265625,753.4259838037134,726.686723863243,753.4259838037134,161163
2022-05-10,714.9667358398438,742.4938777343547,709.1067444708303,731.0693441175127,122362
2022-05-11,712.01220703125,720.580593210284,677.9849400750255,714.0311797239856,250118
2022-05-12,684.8297119140625,701.818728877158,675.8181824615441,700.2429600441128,259964
2022-05-13,685.2236328125,708.7620612038926,679.806845201334,694.2352217012201,164462
2022-05-16,692.5609741210938,697.6823129393913,675.3257397116397,693.2503955198173,127085
2022-05-17,720.2357788085938,728.1639742471938,702.8035590770903,702.9020821933292,268139
2022-05-18,713.5880126953125,732.6452957132694,709.1068632899243,719.9404403679648,124482
2022-05-19,693.1026611328125,703.1975844388321,684.4850436764543,694.3337493408637,100741
2022-05-20,702.75439453125,719.8419352632799,697.6330554623358,708.1219512466338,147859
2022-05-23,706.2999267578125,728.5087452537421,699.8982682935648,706.6446073996582,210880
2022-05-24,732.74365234375,738.554412341166,709.9931678277671,718.8570023319254,266190
2022-05-25,709.451416015625,748.5015540304556,704.2808460700198,738.0126595246818,206117
2022-05-26,714.27734375,719.6941316033265,691.4775671953993,709.1067735263703,601466
2022-05-27,720.5805053710938,728.8041497731693,707.2354623770849,719.8418525165939,108919
2022-05-30,731.266357421875,742.4446137229602,724.9631620808884,731.1186027999278,132600
2022-05-31,785.7789306640625,801.6846138157863,724.9139437505164,731.2663707103457,513537
2022-06-01,793.5101928710938,811.6317744379378,775.0931020577945,775.0931020577945,241580
2022-06-02,862.451171875,875.5499384595289,792.2299121176333,794.5443339170134,1428814
2022-06-03,875.6483764648438,891.209379146567,838.1248327900282,858.8071142102286,884179
2022-06-06,839.0604858398438,865.6519909669902,835.76113339592,858.8071285508049,325323
2022-06-07,815.8175048828125,845.0189410512445,810.5977029336295,832.2156237625893,324666
2022-06-08,810.4992065429688,819.4122727275761,799.7148623254709,818.4274022074709,192399
2022-06-09,801.4876708984375,820.8896334658061,796.7603041077831,805.6241393821589,143867
2022-06-10,781.9872436523438,800.4535671013128,779.0326319005087,795.775431827574,96875
2022-06-13,742.493896484375,769.0361084589948,739.4407618571025,763.2746400593658,114718
2022-06-14,749.6835327148438,753.4260290722023,730.7740046687243,730.7740046687243,106858
2022-06-15,766.0814819335938,782.3811365331491,751.0622070526156,752.4410497749031,167293
2022-06-16,740.819580078125,775.0930604359202,733.826963669166,775.0930604359202,113714
2022-06-17,733.5807495117188,749.4864317331363,728.7549202495907,740.425611337671,96145
2022-06-20,719.0046997070312,739.3915311702339,687.0949314318544,735.7474982816486,145757
2022-06-21,740.474853515625,744.5620900919039,721.9100688324941,734.7133851965083,183083
2022-06-22,726.0957641601562,737.4710062253664,721.0236571240462,728.8041579905265,47069
2022-06-23,738.4559326171875,744.5129105956387,724.5200502837852,727.8193426095158,101238
2022-06-24,767.06640625,772.4831942921401,747.024314538773,747.024314538773,246903
2022-06-27,795.4306640625,797.4988680176093,772.1876847596333,775.782486042068,176583
2022-06-28,790.4078979492188,801.6846784834016,782.479701541846,801.6846784834016,75802
2022-06-29,795.282958984375,806.9536508083712,778.4909283433351,781.0023361914667,142828
2022-06-30,793.5101928710938,805.6240882887877,784.3509090241411,795.7753830529834,56009
2022-07-01,794.4950561523438,805.5748494416241,784.9418001383524,795.775375798982,156605
2022-07-04,796.4155883789062,807.5446134887893,785.9759245595138,799.7148806521768,84708
2022-07-05,782.4796142578125,808.480219569219,776.1271874941674,796.4155559132615,165416
2022-07-06,799.9010620117188,801.8312895608647,782.9745813226828,785.2512336352579,65509
2022-07-07,800.593994140625,816.5306816020882,796.8820412185933,806.7311017215642,187547
2022-07-08,799.6040649414062,807.6219187496199,796.5850222648365,806.6320647300302,48974
2022-07-11,801.6828002929688,805.7411776355859,791.8832212634752,791.8832212634752,81548
2022-07-12,803.4150390625,815.3922485316294,792.0811984564838,792.0811984564838,109108
2022-07-13,793.8135375976562,810.6905385577103,787.1815027936741,810.6905385577103,64620
2022-07-14,790.5469970703125,805.1968255918763,781.5887691786113,794.8528382168336,98320
2022-07-15,782.43017578125,794.5558883567467,774.164857898617,791.8832702365187,58460
2022-07-18,788.31982421875,795.446725359131,785.3007209008978,786.3895966532722,115087
2022-07-19,782.43017578125,793.8134977909,778.9162058527552,787.8248926429161,106278
2022-07-20,774.560791015625,795.149743089794,772.0861559005591,793.862944913139,125629
2022-07-21,775.8970947265625,784.9542837049014,769.1660990806207,774.6102965085865,71675
2022-07-22,805.4442749023438,809.6016741108036,777.6293390765254,781.4403135242379,310436
2022-07-25,793.2195434570312,818.4113418957551,782.0836850483919,805.4442776040545,370817
2022-07-26,798.6637573242188,826.2807109118926,790.2499974646787,799.8021137068694,730681
2022-07-27,794.35791015625,804.2069704712737,786.4885580285317,800.6434594845846,102278
2022-07-28,802.7716674804688,831.1804919640055,795.9416500889362,798.3173240727473,350294
2022-07-29,831.031982421875,836.4266992517078,805.7412227111125,811.6803472028406,596899
2022-08-01,834.8428955078125,848.7998128708768,825.0927972678642,838.4063457744987,368335
2022-08-02,844.5929565429688,848.3049091794014,826.5281203789967,833.4570986336709,270843
2022-08-03,837.26806640625,855.9763330645675,829.4977358867968,841.3759850880397,810537
2022-08-04,838.9508056640625,848.3049387167559,815.6397543787712,841.3264796004569,148735
2022-08-05,835.7833251953125,843.2072313008524,826.5282130834339,838.9508705501901,80215
2022-08-08,842.5142822265625,845.8302690623799,827.1220037195689,827.1220037195689,106032
2022-08-10,843.7516479492188,850.2846607572455,839.8417122222776,848.1564503037753,155119
2022-08-11,839.247802734375,851.2250739965938,837.4165967541692,851.1755933731102,97309
2022-08-12,835.288330078125,848.7998622559046,831.5763773277347,839.2477463452079,87272
2022-08-16,826.033203125,841.9203485135479,821.3313963966073,835.2883143082146,86025
2022-08-17,859.193359375,875.0310249855991,829.7946805021455,831.0814787498267,733839
2022-08-18,859.539794921875,866.7657782800392,852.6603571687277,859.1933701486591,128747
2022-08-19,837.3670654296875,873.6451809682561,831.477421610103,859.5397604230848,260706
2022-08-22,838.307373046875,851.2744362229841,826.6270475659845,841.8708232647069,141443
2022-08-23,840.5841674804688,854.7390699311802,831.477497095763,834.4470595853908,196702
2022-08-24,840.9305419921875,849.6907870623584,834.9419367460096,847.3151130463358,83413
2022-08-25,843.9990844726562,859.1933200561382,840.3860930042181,844.345509225675,128488
2022-08-26,846.226318359375,867.1122162979069,841.376008964864,848.3049878622218,255985
2022-08-29,834.4963989257812,841.2273940128308,823.6574855905438,833.3085620478564,72198
2022-08-30,854.194580078125,862.1628932424793,840.4355843663349,846.2262669137708,196376
2022-09-01,850.0372924804688,873.4968490548139,847.3151934361354,853.8482069761732,153663
2022-09-02,842.4153442382812,861.1730920623601,840.3861553574066,861.1730920623601,100416
2022-09-05,875.1300048828125,882.5539107960224,845.6323641375058,845.6323641375058,484137
2022-09-06,872.3584594726562,881.8610956619873,845.4839552674825,880.7722198360111,262480
2022-09-07,873.4967651367188,880.9701515300012,859.6882883188831,859.6882883188831,150511
2022-09-08,915.96142578125,922.1480136260358,867.3596158389714,876.0208388216715,1088463
2022-09-09,897.3522338867188,925.2166513287423,891.4625898323061,925.2166513287423,258448
2022-09-12,928.0377197265625,932.6900461817823,896.7088730239636,901.5591219708048,398064
2022-09-13,920.6138305664062,932.4425996192792,912.8929803597455,930.413410716027,119261
2022-09-14,905.9639892578125,934.3233341477309,901.7571092202865,903.3903926953335,251786
2022-09-15,885.0285034179688,913.9322544626318,872.0614392146214,910.5667868604911,175395
2022-09-16,871.615966796875,898.7874724014415,863.1527267996222,869.190812304683,174157
2022-09-19,872.853271484375,884.6325586065665,865.9737738933773,866.1222761642207,160297
2022-09-20,881.8115234375,896.1644082556579,874.288656250895,877.2582186270655,208883
2022-09-21,875.1300048828125,915.5161013833947,872.0614812717129,886.2163831297194,167888
2022-09-22,871.26953125,885.9193588437909,864.241531371646,866.6172052153507,64526
2022-09-23,855.9268798828125,900.9157622579938,847.3151368526485,880.9701773351135,324456
2022-09-26,805.0482788085938,853.2047020305095,800.8413991377588,850.2846205287507,184439
2022-09-27,801.0393676757812,816.5306072936387,797.5253979792271,816.5306072936387,110195
2022-09-28,817.0255737304688,824.5484404978233,796.8325265315099,800.2970157772991,154492
2022-09-29,814.64990234375,831.4774215902187,811.7793013647579,831.4774215902187,65518
2022-09-30,802.4747314453125,821.4304012223977,791.982241729338,814.6499247995993,105977
2022-10-03,791.9822387695312,808.5128142710705,786.3401187498766,803.7615266890932,123856
2022-10-04,797.970947265625,807.2755400269784,792.9721354749219,797.8224449767496,103601
2022-10-06,817.2235717773438,821.9749200864834,801.5838881048188,803.7120987189503,105757
2022-10-07,822.3706665039062,827.567399848372,814.5508563874832,817.2234137747807,82652
2022-10-10,821.8757934570312,829.4976816123043,810.640974322316,811.6803089762406,71347
2022-10-11,808.1168823242188,828.9038176761479,803.6625390345196,825.191864934732,58082
2022-10-12,826.3302001953125,841.2770335284719,803.6130362532543,811.5814101835332,239707
2022-10-13,807.9189453125,828.3099160303886,804.7514000434171,828.3099160303886,67443
2022-10-14,813.5610961914062,821.479928867158,808.3148212110017,814.1549844757282,69334
2022-10-17,811.432861328125,822.5687194433326,803.7614924043154,813.5610717120568,66793
2022-10-18,809.2551879882812,820.6385098656243,806.7310721769196,813.7590119522242,54638
2022-10-19,807.6218872070312,814.1548993148114,806.7309944578375,813.1650453338815,60004
2022-10-20,841.177978515625,850.2846480635128,806.7310688844736,807.5229400590948,256604
2022-10-21,828.1614990234375,849.2948609662004,820.5890906072029,849.2948609662004,181776
2022-10-24,827.616943359375,843.3556468507654,822.5687118931762,836.3277072933677,33172
2022-10-25,805.7907104492188,832.7147537993739,802.7716675557708,821.875839423055,100679
2022-10-27,868.4483642578125,874.931956152592,823.5585104791804,845.3352980158895,1046500
2022-10-28,860.8760986328125,871.7644934264724,851.2745020497692,871.0715834927871,256195
2022-10-31,847.5130615234375,866.5182716319066,843.4546236122486,852.6107737025575,97410
2022-11-01,840.2376708984375,855.679431884989,836.4267565880365,848.1070234725942,135507
2022-11-02,832.46728515625,847.2656158043358,825.7857700851386,844.4444954136605,99979
2022-11-03,821.4799194335938,831.4774214055634,817.1245373455864,831.4774214055634,129045
2022-11-04,812.9176635742188,829.398758180165,811.6803459736492,825.5383031000285,114715
2022-11-07,812.3732299804688,824.5484226982358,809.7995732039016,817.0255560932779,75752
2022-11-09,807.5724487304688,820.5890543990575,805.8402040438604,820.5890543990575,77865
2022-11-10,804.3553466796875,814.6003719622743,797.1294244690242,804.7513124511872,64275
2022-11-11,792.4276733398438,815.3923001276817,786.9339952673832,811.5813860779664,97112
2022-11-14,785.8946533203125,796.7830481230186,780.0050095029419,796.4365629479391,89793
2022-11-15,782.5291137695312,790.101521482501,777.134397068178,790.0024998271247,109370
2022-11-16,779.1636962890625,791.8832975902454,773.0760692724771,777.6789151060808,111466
2022-11-17,769.067138671875,783.964430475895,754.3182887301484,775.8970955666335,156130
2022-11-18,767.2359008789062,781.6878072170299,756.199063738878,771.1458367189291,87710
2022-11-21,769.2650756835938,780.9453410345052,764.1673033150693,764.1673033150693,61064
2022-11-22,763.177490234375,776.7879837372578,762.187636161438,773.1255115842115,68900
2022-11-23,775.2042236328125,783.8654465726471,764.7117344504463,767.0379277181113,109467
2022-11-24,778.7182006835938,788.9136854131565,769.3640677382382,779.1141060578512,151259
2022-11-25,782.0341796875,790.8933855132875,776.9364675823529,779.0151369198463,138225
2022-11-28,795.8427124023438,802.7716912416677,780.351471259495,781.984754723696,138798
2022-11-29,785.0037841796875,799.7031538565063,781.9847412491839,797.7234456508122,60921
2022-11-30,800.24755859375,804.3059362341727,774.3133691111304,785.9441547769096,198217
2022-12-01,794.2094116210938,804.2069742636705,786.4390811156377,802.7221931161898,83493
2022-12-02,802.4747314453125,816.2832082319608,785.0532630250887,787.1814735077537,383463
2022-12-05,797.9213256835938,810.1955400721822,794.3083946499754,806.1866432521333,142112
2022-12-06,788.7157592773438,799.7526570012719,786.0431410412098,799.7031763779161,85079
2022-12-07,775.0557250976562,790.7448877037085,773.3234805013333,782.9745575379899,100238
2022-12-08,764.3653564453125,779.0151852020178,759.0696007029759,779.0151852020178,170509
2022-12-09,760.6039428710938,772.086226691426,749.1215986348595,772.086226691426,138000
2022-12-12,755.3576049804688,766.5430041313741,752.8829698437015,764.5632960219604,61867
2022-12-13,773.5215454101562,778.3717945445827,757.2384323950813,757.2384323950813,154118
2022-12-14,763.1280517578125,775.9961554166363,762.1876782534105,773.5710007208315,110565
2022-12-15,757.9807739257812,769.1166325045145,756.6939756843075,763.6724349771339,66144
2022-12-16,751.6456909179688,769.1166400480982,749.3690385582779,753.2789743585621,109217
2022-12-19,743.0834350585938,764.0683526527343,738.4805896362934,764.0683526527343,95236
2022-12-20,741.8461303710938,746.3004735991885,725.2660750220743,745.459061406566,142901
2022-12-21,739.1240234375,750.0618984916788,736.7483495761498,745.7560575858646,85060
2022-12-22,723.6823120117188,744.3702869729383,718.1886338120532,744.3702869729383,121444
2022-12-23,666.4192504882812,723.4843616069602,663.2022247711079,713.7837434193812,193435
2022-12-26,692.2544555664062,698.0946190484502,658.2529906660325,665.9243601061253,163419
2022-12-27,703.3903198242188,716.1594622532847,693.1948343798125,702.6974702667155,123526
2022-12-28,703.3408203125,708.6860566313287,699.6288674288411,706.6568678047751,50801
2022-12-29,691.8089599609375,704.3305763624278,688.3444710851597,704.3305763624278,67115
2022-12-30,709.2799682617188,711.903105885499,694.8776026824635,696.5108861713684,78559
2023-01-02,719.7228393554688,725.1670365076762,702.7963596486,702.7963596486,78697
2023-01-03,719.3269653320312,726.2064632072564,715.6644931868993,726.2064632072564,27602
2023-01-04,706.5578002929688,729.4729454407054,704.7760751076174,729.4729454407054,48823
2023-01-05,711.7050170898438,715.664433040274,704.6275369120925,704.924541441089,41698
2023-01-06,702.5489501953125,712.5959935155752,698.8369973059396,711.7545812777773,43673
2023-01-09,697.599609375,714.6251103283455,693.887656859702,706.2608319106953,61997
2023-01-10,693.1947631835938,704.6771061489592,690.9181110041517,701.3115782900308,48047
2023-01-11,690.6212158203125,703.1923749401293,688.3940441012232,696.8572845505823,41893
2023-01-12,712.0514526367188,718.6340059206691,692.8978018518849,697.3521448637898,222341
2023-01-13,707.8446044921875,722.0490463091287,703.7862270678594,712.0514841898505,109895
2023-01-16,693.4421997070312,711.2595715037963,691.9079381077106,707.8445631595711,55145
2023-01-17,697.104736328125,701.3610967919257,692.8483758643243,692.8978564851792,31540
2023-01-18,695.52099609375,700.7672106542979,692.9968198475395,697.1047384613461,29915
2023-01-19,694.630126953125,699.084470481859,689.9778005177116,695.3725175412474,30262
2023-01-20,696.90673828125,699.8268198390052,690.9181333064012,694.085678378951,22755
2023-01-23,695.8179321289062,701.3116101463793,685.8699107865797,692.8978505327672,99804
2023-01-24,691.7100219726562,701.6085628148978,689.0374038620713,701.6085628148978,50074
2023-01-25,680.0792236328125,699.925785563323,678.1489961218676,695.3724810282868,52700
2023-01-27,656.0752563476562,687.9485690395757,644.3949905680055,687.9485690395757,113557
2023-01-30,661.9649047851562,684.0881189319908,646.8696303208966,684.0881189319908,63930
2023-01-31,695.2239990234375,708.2406045309318,650.9775693372434,676.0208658419498,621669
2023-02-01,687.998046875,705.5679563009517,681.5639955359192,687.1072144775884,182347
2023-02-02,693.8876953125,699.826819666102,680.0297384874286,681.7125024707954,66756
2023-02-03,675.6248779296875,696.9067402625227,673.1007621547866,688.1465559802494,72361
2023-02-06,646.9686279296875,678.0500714286915,644.8899584464125,678.0500714286915,222416
2023-02-07,630.3390502929688,653.2047152185261,628.6068056963006,650.3341142919744,217600
2023-02-08,646.5232543945312,649.2453532740037,633.5066483136019,634.2985195408136,78597
2023-02-09,646.2261962890625,657.0651102853718,636.9710850318812,648.3544066758076,478848
2023-02-10,642.8112182617188,649.7896769490548,640.6335273565353,646.2261662635107,85797
2023-02-13,642.9102172851562,646.1272430067525,635.8822775674128,639.6437109433303,36906
2023-02-14,639.74267578125,646.9685984364432,634.991388310431,637.2680405968757,50672
2023-02-15,644.9888916015625,649.98770301689,633.9520549063311,637.0700589954492,92692
2023-02-16,647.3645629882812,652.0168892091442,644.3950007727386,648.3544170601288,51145
2023-02-17,634.3479614257812,653.3036911770505,631.0319744323783,646.4736738756584,109113
2023-02-20,622.0242919921875,637.465990578985,617.6689101262216,637.465990578985,103858
2023-02-21,617.2235107421875,633.5066227379282,615.0458196433459,621.9747983295421,110677
2023-02-22,605.7906494140625,619.6980860633471,603.1180315246453,618.1143438260077,96028
2023-02-23,607.7703857421875,623.6080505172282,602.8211154999873,603.8109695484274,113912
2023-02-24,600.2474975585938,616.0356207308357,598.9111583917096,608.7602179027459,94592
2023-02-27,605.8896484375,610.1955498656478,582.034189660299,596.882000621021,189739
2023-02-28,601.831298828125,607.770423487613,591.0418648636949,606.7805693776984,145528
2023-03-01,611.7792358398438,618.4112695411505,599.0596364550139,599.0596364550139,82585
2023-03-02,602.177734375,611.7298508729527,599.752640095037,609.948125526406,41443
2023-03-03,617.5700073242188,621.6283850346772,603.9099721865961,603.9099721865961,87791
2023-03-06,629.3491821289062,631.823817211527,616.6790625890676,616.6790625890676,95614
2023-03-08,635.5853271484375,638.2084648189011,623.6081160696514,628.5573868321089,71908
2023-03-09,631.22998046875,639.0497917184193,626.082726993685,633.5066328473652,130868
2023-03-10,633.70458984375,636.2287056476205,610.8884655361437,625.4888131181,232247
2023-03-13,600.8909301757812,633.7046183498585,596.0406812477105,633.7046183498585,390261
2023-03-14,612.0762329101562,616.0851901798188,595.9416238397056,604.0089585828795,134287
2023-03-15,624.053466796875,633.4075991862547,613.066051140055,615.0457591413675,202804
2023-03-16,645.9292602539062,652.0663675611911,619.5001445443377,625.4392689547622,388433
2023-03-17,664.9344482421875,673.1007440337737,649.393727804111,651.3239552562105,478092
2023-03-20,669.0918579101562,675.5753898615455,660.4801155825879,665.2808835639634,373801
2023-03-21,653.4522094726562,668.9928705382684,650.4331061294324,668.1515187180944,91516
2023-03-22,639.2972412109375,658.2529712408494,635.7337906457677,657.7580441948037,93802
2023-03-23,623.9545288085938,638.4559160289452,622.2222840751818,638.4559160289452,113736
2023-03-24,616.1841430664062,628.5573186299887,612.1752462669848,627.2705204545554,82549
2023-03-27,608.76025390625,628.5573353340956,602.8706100982864,628.5573353340956,261344
2023-03-28,615.2437744140625,620.6879717042802,606.5330708328935,611.5318217161868,155703
2023-03-29,638.9508056640625,650.3836081516341,614.6993808170145,614.6993808170145,218673
2023-03-31,627.5675048828125,652.214896354507,623.8555519753826,638.9508271322641,282627
2023-04-03,649.542236328125,653.303669615459,628.161352709354,634.8924085472,101810
2023-04-05,638.2578735351562,656.223748545145,634.4964402626443,653.006722911988,98678
2023-04-06,642.5638427734375,648.2059630705551,635.4863614661375,635.4863614661375,58973
2023-04-10,660.7275390625,662.9052299261093,645.3848022003746,661.1729854416758,144368
2023-04-11,674.635009765625,688.7404298541665,662.0143707390353,662.0143707390353,285316
2023-04-12,664.2910766601562,678.9904466114905,661.2225530503846,678.050073113044,108845
2023-04-13,660.4307250976562,669.7353181981374,653.2048016217759,666.9637385600346,62301
2023-04-17,666.2212524414062,676.0703122654958,645.4837981298783,658.2034588488328,162685
2023-04-18,668.2009887695312,675.0804867514242,656.2732591146544,662.2123836315291,114270
2023-04-19,675.8229370117188,684.9296074918352,659.2428796042544,668.2010477919722,233980
2023-04-20,672.4573364257812,678.0500360721516,668.9433665701928,677.9015337957037,151109
2023-04-21,662.6578369140625,680.8216354165304,650.3341413307788,677.7531118840692,243459
2023-04-24,669.7847900390625,679.5348285991437,651.3239872079192,653.3036953757245,351387
2023-04-25,647.0181274414062,665.1819251905943,645.03841933072,663.202217079908,415822
2023-04-26,658.302490234375,660.7771256088489,643.4546779875313,643.4546779875313,169310
2023-04-27,669.9827270507812,675.5259462903722,661.1235811404733,664.8355340355968,236314
2023-04-28,673.4472045898438,680.9206512868009,666.0232989300047,673.1007798254109,322634
2023-05-02,671.8634643554688,677.0601983339088,665.082987997578,677.0601983339088,236544
2023-05-03,682.900390625,685.7709313615875,665.7758657888224,668.1515398747378,267216
2023-05-04,702.103515625,704.8256144565205,679.4358925138789,683.9891973020619,752210
2023-05-05,712.4970092773438,719.5744906578308,702.7964506334708,706.7063866321475,546595
2023-05-08,741.648193359375,751.7941980066004,714.9221323374155,719.6239393690565,664076
2023-05-09,760.7029418945312,771.888282112467,742.5886223750188,752.2891813140452,841199
2023-05-10,769.8590087890625,771.8881975647932,762.8805496257453,766.7904853151182,212601
2023-05-11,774.560791015625,777.084906749813,761.6926884172824,777.0354261306909,173703
2023-05-12,766.048095703125,777.035451810778,764.2663100286746,772.0861814170787,96816
2023-05-15,799.9010620117188,803.2171094463794,765.0087055115613,771.1952935435041,1001883
2023-05-16,793.4175415039062,802.6727135853208,788.913717433607,802.6727135853208,260984
2023-05-17,797.2780151367188,800.7919851887922,787.6764180642539,791.8832980853322,212357
2023-05-18,814.5014038085938,820.3415670343834,801.7818030743294,801.7818030743294,520828
2023-05-19,795.5952758789062,818.7578872372629,790.8439880252672,814.5014660444731,262107
2023-05-22,793.2195434570312,803.7615135835692,782.0836850483919,799.7031360187801,214214
2023-05-23,793.3185424804688,807.4239627289701,789.4580875092571,793.813469506732,137646
2023-05-24,793.8135375976562,801.7818513208124,783.9644768470165,801.7818513208124,131114
2023-05-25,788.31982421875,795.8426911628852,783.9644420410511,794.8528370693991,72329
2023-05-26,775.0557250976562,793.1205616021674,766.7904679044167,790.5964458449904,148955
2023-05-29,787.5278930664062,793.8629834347389,776.3920345082506,776.3920345082506,133553
2023-05-30,788.418701171875,791.6852072479772,783.5189118497751,791.6852072479772,40859
2023-05-31,790.596435546875,792.6751048690276,781.935212678079,791.7842724806319,276894
2023-06-01,793.863037109375,796.2881918869672,784.4594225800246,790.5965304613077,140966
2023-06-02,782.8261108398438,795.0013649139522,778.3222866528359,794.8528626287942,122443
2023-06-05,786.0926513671875,792.3287200639173,783.8159386227552,787.8248960282735,57229
2023-06-06,786.6865234375,792.6256478673521,783.0240512892449,786.0926351608739,51006
2023-06-07,799.8515625,808.562266160069,791.8832493862305,800.6929747020113,318559
2023-06-08,796.486083984375,810.8884483013103,794.1104101025336,807.7209032641539,147402
2023-06-09,790.6459350585938,802.3756815719773,787.9733169977515,802.3756815719773,75394
2023-06-12,797.4264526367188,812.6702302077059,791.6358302175552,794.8528560984017,217357
2023-06-13,794.7042846679688,806.7805159300465,791.9821860825613,801.7817651563863,134421
2023-06-14,788.1713256835938,800.0495748618708,786.1916174872142,795.6941926634761,96793
2023-06-15,779.6090698242188,793.9124737410248,776.0456192084989,791.7843236623781,103871
2023-06-16,775.105224609375,791.3883362948694,772.9770745887027,783.6674865605381,110912
2023-06-19,805.2958374023438,809.7007004844926,776.9860326764599,777.0355133011328,377578
2023-06-20,823.2616577148438,840.0891772239676,805.3948034956892,811.6803527930317,904690
2023-06-21,819.0547485351562,839.396237248506,811.6803237544517,839.396237248506,344440
2023-06-22,804.0584716796875,828.5078799821741,798.8122570437449,819.5991931006454,270208
2023-06-23,790.5469970703125,810.096615444886,786.9834860790785,803.7615250710695,207430
2023-06-26,787.8743896484375,796.8325572460986,783.0240803510142,791.3388790277684,133164
2023-06-27,784.1129150390625,794.8033267663043,781.9847046511846,789.8540564837019,185541
2023-06-28,791.7347412109375,793.6154880805742,786.0926214338211,786.0926214338211,181943
2023-06-30,852.7592163085938,864.983888974983,794.0114058981488,794.0114058981488,1584490
2023-07-03,857.3621826171875,866.0234062925841,833.4571811067323,858.6984615321737,427317
2023-07-04,869.3888549804688,871.071619055005,839.0003216416197,857.3621637623745,520323
2023-07-05,919.1290283203125,923.8308353763855,865.3304812240269,871.0716230198411,1203401
2023-07-06,904.4296264648438,921.5540888577542,898.5894636043283,918.5845268098774,361492
2023-07-07,908.2405395507812,940.3613144267475,881.9599275307705,899.7772998041195,1160770
2023-07-10,892.5513916015625,918.5350599084911,882.454868404834,908.6860002194477,194753
2023-07-11,886.1173706054688,913.3878379987069,882.949825515954,891.858512096272,339855
2023-07-12,879.3863525390625,902.7468836964275,876.0703052584032,890.8686352267376,383304
2023-07-13,887.849609375,910.0718450594966,875.2289701359447,888.888944052684,794574
2023-07-14,941.5492553710938,946.2015818397379,887.354742051063,889.9778192316243,1180621
2023-07-17,950.3059692382812,969.2125801445926,930.4042735474272,930.4540156396233,617065
2023-07-18,926.5234375,958.2666670687169,911.6967103488573,950.3059886299321,375910
2023-07-19,938.7630004882812,984.0393577246995,900.651205039612,928.4140945401808,2358838
2023-07-20,966.9736328125,986.0295306011433,940.3551150067533,940.3551150067533,975311
2023-07-21,950.4552001953125,966.9735823504595,946.0270610182234,966.9735823504595,240711
2023-07-24,962.9435424804688,972.3471056884182,931.250056167391,949.3108690070267,299726
2023-07-25,989.860595703125,994.9853066700912,957.3213108951317,964.436191443808,310409
2023-07-26,994.1891479492188,1005.4336541955828,974.2377108884847,974.2377108884847,366673
2023-07-27,1004.04052734375,1018.4195143372796,993.1940791170355,997.074933992505,292081
2023-07-28,1026.0318603515625,1039.8137598305027,994.0896642042267,1007.9711085991541,280367
2023-07-31,1070.9102783203125,1078.6719888206183,1016.7279562522756,1039.863679259729,542158
2023-08-01,1070.263427734375,1102.55387856822,1061.0090911763218,1075.1392457250854,384356
2023-08-02,1024.29052734375,1067.6265195116364,1017.4742206729136,1064.740749261631,417116
2023-08-03,1021.653564453125,1031.3556417173231,1011.5037475956298,1029.9128172764158,187900
2023-08-04,1021.653564453125,1044.839089990567,1015.981629409875,1030.9577049545337,240389
2023-08-07,1015.1854858398438,1033.2960406463621,1003.0454396023872,1028.1215270043238,148261
2023-08-08,1035.8831787109375,1039.4654593576645,1015.9814845954536,1015.9814845954536,161777
2023-08-09,1022.4993286132812,1039.266481457486,1019.9618140487473,1039.266481457486,120127
2023-08-10,1001.7518310546875,1031.4551473153817,997.0251784870792,1024.937293607715,157119
2023-08-11,1010.6080322265625,1020.9569377610867,1005.0355820065278,1005.0355820065278,136132
2023-08-14,1003.343994140625,1009.1652766759198,996.0798872299355,1009.0159896614931,114354
2023-08-16,1000.15966796875,1018.9170521355949,995.0847599868785,1005.0356075867472,99839
2023-08-17,1013.5933227539062,1028.4699129523758,997.0749398606558,1000.0601941716159,146337
2023-08-18,995.1842041015625,1017.3746419439806,987.2235263421735,1013.5932714201497,77259
2023-08-21,972.5958862304688,1002.4981716598538,958.6148965126062,995.0847779173387,229577
2023-08-22,989.8108520507812,992.0995349191102,975.0338064887763,975.0338064887763,119192
2023-08-23,1008.8666381835938,1016.9766030992388,994.8359676599451,994.8857097498569,105506
2023-08-24,979.3624877929688,1019.1161383285952,976.1782042355868,1014.1904563436777,191294
2023-08-25,1000.3090209960938,1004.0405890923239,975.1831291481442,979.3624975629534,109325
2023-08-28,1009.8617553710938,1014.9864662348708,985.581723404215,1006.1799903071889,122286
2023-08-29,1024.837890625,1025.9324596438448,1006.0805051399803,1015.9816113446805,156803
2023-08-30,1035.5350341796875,1040.858713631253,1005.085402483224,1028.9176958840494,202561
2023-08-31,1023.4447021484375,1042.6000842742103,1012.0012271122614,1039.8636011133856,185596
2023-09-01,1066.7806396484375,1072.203802870659,1024.6885067341636,1025.3353361065224,292271
2023-09-04,1045.8839111328125,1084.5429307090335,1042.2020245486945,1070.1638826936273,266783
2023-09-05,1109.4697265625,1134.3966488826507,1049.8642454334226,1051.3070697758951,1046608
2023-09-06,1083.0999755859375,1109.469722143531,1075.5373555842368,1109.469722143531,287269
2023-09-07,1071.6068115234375,1104.2455190490186,1062.8003356160134,1087.1301096184354,296130
2023-09-08,1077.378173828125,1089.6177644276247,1072.20378189111,1072.20378189111,105643
2023-09-11,1060.8599853515625,1089.0209365501146,1055.3373370504412,1082.0055394318267,86020
2023-09-12,1003.1947021484375,1065.13872704199,990.7063401078805,1064.7406688530307,301422
2023-09-13,1042.6995849609375,1050.0134339579226,993.4926901147354,1013.8919285455485,243613
2023-09-14,1060.76025390625,1101.110985698776,1055.1878040709705,1063.5962209101579,387675
2023-09-15,1086.582763671875,1093.5981598733808,1062.3027925124434,1069.7161254448447,185098
2023-09-18,1041.4556884765625,1093.3991859781115,1035.9827222810356,1089.6178152912607,139861
2023-09-20,1021.802734375,1045.5354809766466,1012.3494294060599,1045.5354809766466,102762
2023-09-21,1011.9016723632812,1029.5644260787192,1002.3985647338967,1022.3500618850895,97797
2023-09-22,1081.1595458984375,1104.444552589206,1006.2794208833824,1021.3549786522346,1346461
2023-09-25,1080.4134521484375,1093.6978115395498,1058.0240414430818,1080.662223378497,222355
2023-09-26,1065.73583984375,1129.2222998063214,1059.7653309370623,1112.50482627947,796762
2023-09-27,1073.3482666015625,1118.4753389455611,1065.735843425886,1079.6670309216493,1013644
2023-09-28,1075.28857421875,1088.9213083998666,1065.735784755896,1072.7013781203136,335745
2023-09-29,1111.5594482421875,1120.365923824532,1076.5821956254551,1076.5821956254551,576780
2023-10-03,1107.9771728515625,1120.017796660733,1084.6424818081296,1120.017796660733,361163
2023-10-04,1066.4322509765625,1119.3210283935707,1061.3573431741597,1104.5440445243996,391594
2023-10-05,1069.4674072265625,1082.6522810537333,1056.8298786369471,1082.4533126784302,274584
2023-10-06,1118.2265625,1128.8739214480254,1062.8998709987347,1069.4674064933258,526823
2023-10-09,1093.59814453125,1134.297135259641,1086.4832642468352,1101.9568807580342,537074
2023-10-10,1141.3123779296875,1171.2147225349502,1094.6926828093367,1103.5489611650464,1474472
2023-10-11,1166.935791015625,1175.5931008761913,1139.7700513104585,1151.21352547729,565468
2023-10-12,1173.55322265625,1178.9765076433075,1155.2934410559312,1155.2934410559312,243477
2023-10-13,1179.27490234375,1189.026781394323,1146.9346482590913,1169.2743735782155,331858
2023-10-16,1181.066162109375,1185.3449538262325,1166.3388586222138,1166.3388586222138,98136
2023-10-17,1189.1761474609375,1200.072277511913,1170.667472870324,1185.1460054035558,339743
2023-10-18,1180.568603515625,1217.1379690638316,1165.9407844141565,1189.1761111291967,1564153
2023-10-19,1152.0594482421875,1178.5784829406161,1135.3917775377552,1170.2197461738826,447546
2023-10-20,1078.7216796875,1151.0642929516207,1045.8340798721879,1146.1386719913446,1329225
2023-10-23,1056.6307373046875,1109.5195170528846,1050.908999884908,1109.5195170528846,433852
2023-10-25,1074.8905029296875,1080.9606171067278,1041.3063924744697,1049.8144157112476,281374
2023-10-26,1076.1842041015625,1085.139967242491,1045.3365755050313,1070.7112377376618,184731
2023-10-27,1093.1005859375,1095.5882977853323,1077.229032936452,1088.2246464216878,107998
2023-10-30,1088.92138671875,1115.4901033029594,1074.1442796994552,1093.100694449867,207775
2023-10-31,1077.4779052734375,1094.6927999943655,1068.3230519317863,1093.498746783432,114763
2023-11-01,1074.39306640625,1080.8611179459958,1062.0541114143748,1079.567580520238,83143
2023-11-02,1087.1300048828125,1089.6177165644665,1074.7412492962942,1074.7412492962942,82925
2023-11-03,1066.7806396484375,1099.568633106337,1060.8598125879898,1089.7172699274322,134824
2023-11-06,1090.1651611328125,1094.0956973601258,1071.1589449755943,1081.3088824444762,133250
2023-11-07,1131.461181640625,1139.372056941308,1082.6522252857146,1084.6423948174897,203581
2023-11-08,1156.387939453125,1168.229472024091,1132.40642177463,1132.40642177463,184620
2023-11-09,1163.552734375,1167.6822392221936,1143.9494904417534,1154.2983969150548,144539
2023-11-10,1165.5924072265625,1167.6820607454483,1149.372599941595,1154.9947311668527,98355
2023-11-13,1198.281005859375,1207.4855397853337,1179.1754272714536,1184.150851015215,205145
2023-11-15,1229.029296875,1243.7566015179434,1194.1516451138634,1194.1516451138634,377974
2023-11-16,1229.029296875,1237.7860923065318,1219.7750804795046,1235.8954067621873,80032
2023-11-17,1222.461669921875,1241.3682810154978,1218.9788731414708,1233.805660872111,200210
2023-11-20,1221.3172607421875,1238.6815627553315,1216.491123931083,1228.8798806541595,94267
2023-11-21,1236.840576171875,1242.8608876666308,1219.0286558227162,1229.924785553207,273932
2023-11-22,1226.59130859375,1248.8314296808564,1225.0488785586087,1243.7565214718336,203256
2023-11-23,1189.8726806640625,1235.8455510361534,1185.0962249112383,1227.984478087174,91973
2023-11-24,1175.642822265625,1198.3806058433322,1172.2098284867868,1198.0820318319961,86950
2023-11-28,1227.53662109375,1238.8308096119044,1172.2099288803859,1183.1558620023588,298606
2023-11-29,1242.9603271484375,1250.8215209056286,1216.2921289405087,1237.7859350772842,260256
2023-11-30,1257.538330078125,1268.384777951099,1231.4671586875745,1242.960314460112,143453
2023-12-01,1271.2706298828125,1289.629895783269,1251.8166735303644,1253.8068431226225,194108
2023-12-04,1316.1986083984375,1321.323319381455,1275.8976742425778,1284.704271845478,279615
2023-12-05,1324.010009765625,1348.3397823422783,1295.6500955244774,1315.50198690516,210846
2023-12-06,1307.49169921875,1333.3639054997948,1290.1773198838448,1324.1096892122282,76488
2023-12-07,1325.3035888671875,1331.323900142268,1298.78455620826,1315.750799641447,100767
2023-12-08,1298.4862060546875,1356.4498968260543,1284.30624736813,1333.413658946461,269198
2023-12-11,1284.6046142578125,1313.9099331377602,1261.3197281964462,1313.9099331377602,160469
2023-12-12,1282.7637939453125,1302.2674317701637,1274.1066047561646,1288.634818571089,65592
2023-12-13,1283.062255859375,1293.809097899565,1274.1064934240655,1292.6150448296444,43764
2023-12-14,1237.437744140625,1304.3571965357082,1214.2024170249676,1293.7097163579465,305027
2023-12-15,1215.147705078125,1254.1052953572778,1212.0131639806666,1236.6415102930816,217225
2023-12-18,1200.221435546875,1232.7606566581846,1196.6888362727311,1221.964011954116,151063
2023-12-19,1216.44140625,1231.6164499624474,1186.7381482610103,1200.2215963444592,311496
2023-12-20,1202.60986328125,1252.3143037452267,1195.3954980034168,1221.864731142506,273985
2023-12-21,1232.810546875,1238.8805396829996,1179.623192991966,1199.0771488498108,115388
2023-12-22,1223.3572998046875,1248.2344202600036,1208.0329693101498,1239.9751676807127,73229
2023-12-26,1215.0980224609375,1230.2730656294034,1208.978226659592,1230.2730656294034,55365
2023-12-27,1224.70068359375,1234.9003033433628,1202.9083010053916,1222.5612268644015,84484
2023-12-28,1216.04345703125,1232.8602933705567,1212.0133149083301,1212.0133149083301,73455
2023-12-29,1216.5408935546875,1224.4019657991103,1199.0771078358443,1216.043351186291,98090
2024-01-01,1273.70849609375,1280.5248024233151,1203.6545045145322,1225.1981139183044,479572
2024-01-02,1259.578369140625,1288.087451047825,1243.905783780614,1278.6341455925804,110510
2024-01-03,1239.9254150390625,1263.4093911047314,1225.446883178309,1257.4885638945639,140583
2024-01-04,1391.3773193359375,1417.9958376926236,1206.241744009067,1251.468420977661,2495732
2024-01-05,1406.2039794921875,1492.627062093331,1366.350788346175,1392.1235065790468,2544114
2024-01-08,1489.741455078125,1506.4091257611014,1413.5179823980982,1423.9663729754866,1398311
2024-01-09,1532.6295166015625,1552.1332753008053,1509.5435984889973,1511.4342838490638,837932
2024-01-10,1579.1995849609375,1591.0411184301954,1490.2389791322134,1527.4551751197473,855329
2024-01-11,1538.8985595703125,1580.1945765261275,1517.5540403583811,1568.2535595750485,785777
2024-01-12,1485.3629150390625,1545.864114688035,1467.7499640584817,1537.4058945561726,288293
2024-01-15,1442.524658203125,1512.4293631540522,1423.0707024009,1484.6664738332165,261739
2024-01-16,1426.9515380859375,1467.7500130242383,1416.8017221772147,1441.529554034782,204269
2024-01-17,1391.178466796875,1417.946152925803,1378.6901029492633,1393.2183179212107,138407
2024-01-18,1382.1229248046875,1407.5971917630393,1358.2906934599418,1392.0737723758227,148501
2024-01-19,1393.9644775390625,1436.404867327776,1368.3410446788685,1395.1088493200846,249645
2024-01-23,1366.5499267578125,1398.09406453682,1352.4196505187444,1398.09406453682,150594
2024-01-24,1346.99658203125,1362.6691678432107,1317.4922930181626,1353.3153463026445,267320
2024-01-25,1338.6876220703125,1376.1524673913532,1333.4634269013677,1352.4197193464947,481311
2024-01-29,1411.279052734375,1421.9762146006851,1343.3645134436144,1343.3645134436144,273861
2024-01-30,1381.476318359375,1417.99588303971,1376.202320171171,1411.0800920579234,102225
2024-01-31,1418.9410400390625,1437.897452972602,1378.2421712453556,1383.1677921328144,395897
2024-02-01,1508.349609375,1535.4158677227517,1409.9356969942357,1417.995859692107,567871
2024-02-02,1539.6448974609375,1582.184771021419,1484.5171773715383,1519.0963728388303,1195279
2024-02-05,1474.0687255859375,1579.1994505414364,1462.9735066645694,1579.1994505414364,264714
2024-02-06,1487.651611328125,1509.2449005097849,1468.84448639587,1477.5017960797584,106247
2024-02-07,1443.4202880859375,1527.0570916504719,1432.1757813913532,1487.6517583325158,236467
2024-02-08,1443.519775390625,1479.7905674101382,1421.6279100032991,1451.2316825157059,115632
2024-02-09,1423.8170166015625,1461.9288118202219,1394.1137605582483,1456.4060427673603,146439
2024-02-12,1368.3907470703125,1430.881993237217,1353.31518959801,1427.9963447885789,135304
2024-02-13,1349.28515625,1389.2378343839903,1319.5818999183618,1383.1678415317617,221878
2024-02-14,1422.6229248046875,1430.9318581011303,1323.5125088575298,1343.3145980347017,165391
2024-02-15,1421.826904296875,1438.0468352631592,1414.0653156729502,1430.9319545884932,77449
2024-02-16,1408.1942138671875,1447.798514192798,1403.069503090208,1432.9220457091487,82309
2024-02-19,1450.9332275390625,1469.242813477547,1395.2582775399449,1422.9713669305063,149748
2024-02-20,1452.127197265625,1470.9342015147258,1434.3151562777196,1457.7991316470516,91215
2024-02-21,1430.0362548828125,1477.7008382003041,1424.4638046355121,1457.152314034973,127958
2024-02-22,1416.1051025390625,1449.0423839144382,1405.0596859590833,1441.4300826504673,179417
2024-02-23,1425.7574462890625,1440.1363720147172,1407.2487731795159,1432.9220077396392,60264
2024-02-26,1484.2684326171875,1500.488363109075,1419.9859801638195,1425.757520472301,511407
2024-02-27,1472.9244384765625,1491.6320808741825,1435.9073333565345,1484.2684292295742,171311
2024-02-28,1443.22119140625,1491.532606231662,1413.1696795336927,1491.532606231662,222312
2024-02-29,1404.1143798828125,1438.1462296188306,1396.1038990868149,1438.0964267933923,208114
2024-03-01,1457.550537109375,1467.7003540126389,1412.8215215957334,1413.0702928087576,135126
2024-03-04,1451.48046875,1459.9883709132985,1427.8968860926054,1458.147488326174,95275
2024-03-05,1465.7100830078125,1488.646835851537,1442.922738645959,1452.8237836519008,202805
2024-03-06,1430.0860595703125,1475.5117022830223,1385.356927588058,1466.2573656052302,181457
2024-03-07,1522.728515625,1540.1424996298604,1433.9171972002123,1443.022247416816,770305
2024-03-11,1460.8839111328125,1529.445275356655,1453.8188336344,1492.627139255031,358820
2024-03-12,1426.2550048828125,1473.3224401515672,1408.4429637620754,1467.7001870826055,220430
2024-03-13,1337.9412841796875,1443.8680099984076,1277.3902783829,1432.6235034413094,441785
2024-03-14,1430.0362548828125,1441.5792135672857,1334.1598645232714,1338.190006306485,255607
2024-03-15,1411.3287353515625,1417.9957545215418,1377.3465671859854,1412.025246081451,197853
2024-03-18,1408.0947265625,1421.2297966975757,1388.1432287016405,1415.9557989251384,80627
2024-03-19,1393.2679443359375,1426.951539006571,1380.232358336424,1415.2094903066786,84906
2024-03-20,1417.3489990234375,1423.9165343557981,1378.142633929214,1397.2483348155404,85154
2024-03-21,1449.88818359375,1457.7990582226066,1399.2383490174168,1399.2383490174168,109970
2024-03-22,1452.127197265625,1479.6909957400449,1442.7733764954671,1457.7991316470516,156722
2024-03-26,1437.39990234375,1467.451412807744,1429.3397402695282,1447.8482920804129,112680
2024-03-27,1498.5478515625,1502.5779934442983,1381.2274550784268,1434.5141713015016,381940
2024-03-28,1621.8885498046875,1676.6182073929351,1487.1540593751968,1512.4292346281927,3549159
2024-04-01,1702.8388671875,1716.0237408121804,1622.1375140504997,1651.840771092038,669978
2024-04-02,1667.0655517578125,1716.81978989933,1651.840706298385,1690.6988148750333,443694
2024-04-03,1666.7171630859375,1690.6490000502872,1652.8855821570044,1681.6932372483727,215722
2024-04-04,1665.871337890625,1686.668633237586,1645.8701589232844,1678.160610127823,186325
2024-04-05,1661.5926513671875,1675.6730041426224,1653.6319729492736,1666.5182725501465,116761
2024-04-08,1733.8358154296875,1766.1760720940056,1666.767074237931,1666.767074237931,1076822
2024-04-09,1822.79638671875,1840.8073973194164,1730.9998138436817,1731.4475534159228,1214306
2024-04-10,1831.702392578125,1882.601005697597,1780.4057212343816,1816.8756043837961,654854
2024-04-12,1788.814208984375,1832.9461954215535,1776.5249360398618,1831.0058286562191,226558
2024-04-15,1737.91552734375,1766.3252457318522,1685.5740934424027,1758.6630202241042,227252
2024-04-16,1764.185791015625,1795.8294134246278,1715.6256062573784,1726.472054409111,204929
2024-04-18,1797.8197021484375,1826.8762518787519,1737.2191335695247,1772.2460707709192,330252
2024-04-19,1840.4093017578125,1850.8078891271737,1741.398366086062,1796.1280290201955,345043
2024-04-22,1865.783935546875,1932.7033860351564,1834.9363078125,1849.862579296875,631769
2024-04-23,1909.3189697265625,1920.71264215648,1857.8233310642304,1865.7840095047843,310958
2024-04-24,1855.8829345703125,1929.4694061389575,1840.9566627332397,1915.3889320785897,257364
2024-04-25,1914.7918701171875,1978.0792372428753,1852.400103579237,1869.7144814140536,949916
2024-04-26,1987.48291015625,1996.1899021147547,1901.6070437373892,1910.562806894708,860919
2024-04-29,1989.6719970703125,2022.957534029577,1975.0939808997416,2008.6284105217467,893152
2024-04-30,1987.3336181640625,2010.5190209532927,1976.2882012584366,1996.63763668235,397474
2024-05-02,1999.7720947265625,2045.3469034535187,1987.980364717822,1996.189813915975,749384
2024-05-03,1954.5953369140625,2023.9526995428953,1911.557918906409,2010.0713150395347,348339
2024-05-06,1922.5037841796875,1989.174464065836,1913.3490528431462,1955.6401557560016,244839
2024-05-07,1834.23974609375,2019.9722152601662,1797.1230367792352,1925.488967977752,1688131
2024-05-08,1972.1087646484375,2049.8248623698705,1841.901944310905,1847.8724530444897,2669175
2024-05-09,1990.6669921875,2021.862874019447,1958.326738627843,1960.3169080776681,1077482
2024-05-10,1990.716796875,2012.9071133791354,1961.660249998178,1985.1940280584454,381553
2024-05-13,1953.7991943359375,1990.3685605930152,1883.24777946792,1990.1695922219178,287374
2024-05-14,1986.8856201171875,2011.0662275020932,1954.3463982256858,1954.3463982256858,285548
2024-05-15,2037.8839111328125,2114.555245199831,1988.975589343619,1996.3391198447687,1143986
2024-05-16,2073.6572265625,2109.5300840765753,2041.963919780657,2054.850220030006,343142
2024-05-17,2154.607177734375,2164.3092536992335,2056.8401045500304,2077.9358519060124,492694
2024-05-21,2158.388427734375,2194.012507107139,2131.4713391260148,2184.2108260418313,308493
2024-05-22,2142.716064453125,2178.9370525773415,2111.569862845648,2171.225145679578,179501
2024-05-23,2125.451416015625,2159.433709075691,2037.7347845208797,2157.841476154983,136750
2024-05-24,2214.71044921875,2267.64915639592,2120.3267990917866,2127.242590055003,615474
2024-05-27,2157.79150390625,2225.656236097078,2141.422408156928,2225.2582993684623,188187
2024-05-28,2148.736328125,2178.1906906321433,2100.6736866478955,2160.328968156968,173204
2024-05-29,2158.388427734375,2180.6284240939544,2133.0137689352555,2142.019333685414,129836
2024-05-30,2058.68115234375,2153.960515773814,2039.923707902162,2124.1079737069535,232441
2024-05-31,2009.1259765625,2084.6528142978464,1990.2690470719515,2071.567546598107,258531
2024-06-03,2103.95751953125,2122.7147211367096,2037.9833526078774,2054.8499903814823,270424
2024-06-04,1887.4271240234375,2079.279525062713,1683.1859656178435,2072.7616709322897,592556
2024-06-05,1833.2447509765625,1911.4583909107646,1766.225693421515,1847.8724487517395,755029
2024-06-06,2095.35009765625,2169.2849498089668,1907.5776370567842,1942.355803604356,1989926
2024-06-07,2110.42578125,2124.5061345674835,2022.0621988213145,2036.341641989098,386207
2024-06-10,2080.025634765625,2139.830080557148,2064.800789991064,2119.4308438367543,128266
2024-06-11,2093.857177734375,2130.476343292682,2042.212378966248,2072.0649199745526,322855
2024-06-12,2071.070068359375,2114.555226067316,2064.8009854539678,2099.6289538833116,102526
2024-06-13,2170.47900390625,2201.6252079790065,2075.050464949086,2081.120336707269,935624
2024-06-14,2234.413330078125,2277.7493258665554,2163.8619081613574,2186.798663591437,502637
2024-06-18,2347.305419921875,2384.8203109527403,2225.009596096234,2247.647775126283,836813
2024-06-19,2278.24658203125,2357.3558212850103,2258.842429006743,2305.9597900655754,262321
2024-06-20,2262.72314453125,2300.536365510574,2243.9659425203495,2283.719530198647,174527
2024-06-21,2206.899169921875,2299.591224045216,2189.186611477251,2271.8782574779393,228826
2024-06-24,2318.050048828125,2335.7626069114813,2180.8279516564903,2210.6306929212956,771187
2024-06-25,2279.042724609375,2346.360112929716,2266.0568196172526,2321.532796209046,242890
2024-06-26,2259.73779296875,2313.571973485009,2234.9602806225075,2291.5805040016617,183851
2024-06-27,2264.166259765625,2288.4462313116305,2190.1816089213607,2262.6736325900765,201977
2024-06-28,2304.069091796875,2327.2546166297784,2248.8916872616996,2287.6999951392245,226696
2024-07-01,2291.879150390625,2317.104646009954,2240.0353806171356,2240.0353806171356,141441
2024-07-02,2375.764892578125,2408.10514766034,2278.744127331479,2278.744127331479,718325
2024-07-03,2339.494140625,2398.8508510836377,2328.498405123791,2393.1789163772296,126026
2024-07-04,2311.233642578125,2364.3713173300307,2302.526650468745,2364.3713173300307,123997
2024-07-05,2269.390380859375,2348.4000129317665,2258.842385319962,2331.9811145362687,165249
2024-07-08,2215.954345703125,2296.606021034875,2201.177481508928,2267.798363340117,173683
2024-07-09,2226.352783203125,2298.595784467867,2216.103362515837,2249.4386989548834,211972
2024-07-10,2176.10107421875,2278.1468158910125,2149.382952837104,2238.940575871983,585765
2024-07-11,2181.935546875,2213.1531227223763,2144.4347657925264,2199.838201444062,194794
2024-07-12,2135.8076171875,2209.0143675382224,2124.387834569684,2186.224475763731,123233
2024-07-15,2095.912841796875,2167.4737877594785,2089.6793099185993,2136.3560453225946,210387
2024-07-16,2212.654541015625,2269.0056708634424,2105.7869647297207,2141.34293421706,2502119
2024-07-18,2253.7958984375,2289.8008777630225,2178.893678249465,2212.1559034116053,1076228
2024-07-19,2180.239990234375,2259.1813362146995,2167.2742446382877,2255.04236867334,193090
2024-07-22,2186.5234375,2229.460051399421,2143.1879749813916,2180.2399890151755,256620
2024-07-23,2183.182373046875,2209.1637836260093,2031.2338184189923,2194.751906062095,527133
2024-07-24,2280.6748046875,2313.8371954143627,2171.3138150728905,2183.0328554049397,500957
2024-07-25,2294.687744140625,2303.8634543224325,2239.084640050289,2251.302362473726,214981
2024-07-26,2340.417236328125,2376.57172421962,2303.9135732235613,2318.8740509717663,395439
2024-07-29,2331.64013671875,2411.6786845258966,2300.0237123280417,2353.781592833223,454673
2024-07-30,2344.9052734375,2359.7659165953105,2308.9502115118003,2354.779090905126,142444
2024-07-31,2329.346435546875,2378.8158470983044,2305.4595875940904,2348.7950570382745,198134
2024-08-01,2289.900390625,2367.545362346727,2273.1945249229225,2338.8211982908506,140097
2024-08-02,2245.5673828125,2283.9160198199597,2234.5963673956944,2283.9160198199597,91136
2024-08-05,2161.9384765625,2214.1506397224634,2128.2774026478005,2199.1901624270417,142343
2024-08-06,2131.867919921875,2259.8798290269974,2109.427204975329,2154.308634868421,225290
2024-08-07,2155.854736328125,2202.7308994141267,2140.2957422453183,2148.77334620768,144214
2024-08-08,2161.689208984375,2218.938116818697,2150.4191771687483,2156.1041100353855,164890
2024-08-09,2185.177001953125,2214.6991061068084,2174.1063955184964,2189.216379279509,106381
2024-08-12,2200.9853515625,2223.1268080848736,2176.9986722060376,2191.1612079277475,102390
2024-08-13,2195.15087890625,2227.9144229858775,2185.5763191253814,2227.9144229858775,124207
2024-08-14,2100.500732421875,2209.1636069633373,2084.492974516196,2209.1636069633373,189437
2024-08-16,2125.0859375,2150.5686665145777,2104.5403609177424,2123.839231026658,111516
2024-08-19,2127.3798828125,2149.3219162967357,2108.7791200077595,2126.3825176541254,75998
2024-08-20,2145.930908203125,2153.3113127561996,2115.7606130614504,2124.43764098124,103209
2024-08-21,2300.223388671875,2436.5631615802713,2139.348334666264,2139.348334666264,3351740
2024-08-22,2329.19677734375,2343.8080792473525,2275.9872497201955,2312.8897599040897,418505
2024-08-23,2344.1572265625,2377.1698662089025,2316.9291098620247,2338.7213918157045,752391
2024-08-26,2370.0888671875,2443.494799089562,2318.9739011885254,2358.7686748795145,841375
2024-08-27,2505.181640625,2518.3468108973534,2361.1619778954805,2370.08859010227,1733823
2024-08-28,2485.68310546875,2517.3494465656036,2449.9274701699055,2493.7119430132457,472022
2024-08-29,2414.571044921875,2484.586027830749,2404.6473106512153,2483.439155338667,200683
2024-08-30,2382.954833984375,2452.770398859924,2364.7529188561066,2417.762782501952,148094
2024-09-02,2315.48291015625,2428.5840149311084,2288.952901136301,2428.5840149311084,357375
2024-09-03,2286.40966796875,2338.6218304803774,2275.9872509484953,2324.5588845983643,123233
2024-09-04,2319.023193359375,2386.5946738870293,2276.5855062907863,2283.965910086022,404053
2024-09-05,2364.0546875,2442.5472768942736,2349.493058764735,2354.7292258548514,1199234
2024-09-06,2401.854736328125,2423.4975116611677,2338.5719654486566,2364.7528009718585,347492
2024-09-09,2348.794921875,2425.791462546549,2320.220507803996,2413.6236564490446,232416
2024-09-10,2478.40234375,2523.3336899724954,2363.755274796369,2367.8445690841927,1481966
2024-09-11,2606.464111328125,2681.9146817133555,2470.5232031576543,2491.8168013711106,3857717
2024-09-12,2775.766845703125,2817.50642811485,2563.228250203648,2609.0571268336976,2145914
2024-09-13,2888.46923828125,2917.29299301846,2725.8987227728708,2775.7669790637847,1572695
2024-09-16,2853.31201171875,2928.7126663343242,2805.7874191385895,2883.7813203840024,462309
2024-09-17,2780.604248046875,2866.3277378991515,2767.7383344240916,2857.401368099053,235369
2024-09-18,2708.344970703125,2784.0948025136554,2691.5891880659606,2772.8744449660912,213597
2024-09-19,2783.396728515625,2837.005104098431,2654.7366271168917,2727.7936226785755,350352
2024-09-20,2768.885009765625,2892.3588608705327,2752.7277434491966,2828.527492906493,515162
2024-09-23,2818.753173828125,2839.498416437639,2753.226335994416,2797.609082580814,248328
2024-09-24,2764.8955078125,2880.390436190233,2757.7145277236823,2842.490562029835,221379
2024-09-25,2737.368408203125,2791.525139469765,2722.806780039143,2762.751301830395,158458
2024-09-26,2703.058837890625,2759.3103754744093,2686.602313785859,2759.3103754744093,156586
2024-09-27,2740.809326171875,2791.625031438752,2702.859533833161,2706.99850177201,270207
2024-09-30,2842.54052734375,2862.387995961205,2708.7438495318183,2742.8040146985586,566141
2024-10-01,2883.183349609375,2902.332712622048,2837.503975054889,2842.540717980733,506273
2024-10-03,2842.490478515625,2890.3640023643093,2782.6485737047697,2842.490478515625,190481
2024-10-04,2744.300048828125,2844.4853265857164,2730.7857027320097,2842.490596342669,172880
2024-10-07,2630.699951171875,2877.398305357719,2583.574450330228,2757.6146597877396,604246
2024-10-08,2678.723388671875,2717.8200541458045,2600.13096556261,2650.248564726216,333629
2024-10-09,2706.898681640625,2741.7565416831844,2690.192816935935,2697.8724791753416,115737
2024-10-10,2679.47119140625,2782.6485597334595,2661.668127415474,2721.8092901478894,51017
2024-10-11,2695.030029296875,2729.7883007110768,2650.996457175755,2687.898966173311,60007
2024-10-14,2724.60205078125,2772.6750002882177,2693.8831567548477,2702.8594427270036,127294
2024-10-15,2850.868408203125,2872.41159254616,2729.937885426659,2740.7593945544613,285167
2024-10-16,2917.242919921875,2959.1821699172706,2872.4613255684367,2902.332360788425,527500
2024-10-17,2848.474853515625,2956.1902891527707,2814.56443859282,2920.335060897098,137439
2024-10-18,3044.75634765625,3116.766062054487,2773.3232787456395,2848.4249224763744,992436
2024-10-21,3022.51513671875,3131.7266224375103,2944.2219711578123,3041.913840505397,455543
2024-10-22,2730.286865234375,3001.0714803617298,2704.8540560787674,3000.074115296804,383325
2024-10-23,2825.63525390625,2860.2936922559834,2709.9408985517452,2730.2870498530815,445185
2024-10-24,2760.856201171875,2853.810826555812,2742.754121369773,2842.490634874129,79987
2024-10-25,2631.89697265625,2767.1894501019083,2555.2992848261906,2757.7144817198687,229456
2024-10-28,2739.06396484375,2919.287799058481,2593.249228363053,2633.2434248482587,1140458
2024-10-29,2728.39208984375,2766.640895679202,2693.7833257602233,2747.7408755612887,123557
2024-10-30,2688.148193359375,2742.753930707089,2667.9515507787137,2742.753930707089,117948
2024-10-31,2735.5732421875,2786.638290289322,2676.778614003451,2692.8859641306976,222352
2024-11-01,2760.756591796875,2782.5488737495066,2744.748832789892,2751.5309643610804,20759
2024-11-04,2741.956298828125,2758.7120825190354,2677.9255030960267,2753.4759153342106,138927
2024-11-05,2766.640869140625,2811.572215573901,2725.4496418305853,2733.777737810593,148772
2024-11-06,2879.891845703125,2917.293038504464,2767.6882672991073,2772.6750930059525,298128
2024-11-07,2831.86865234375,2910.061977632288,2804.441112498017,2906.57119983374,92031
2024-11-08,2777.612060546875,2840.047217117012,2757.814508170076,2834.761133056402,63261
2024-11-11,2702.51025390625,2780.653907124115,2692.885778061374,2780.653907124115,95909
2024-11-12,2702.011474609375,2767.688061688372,2677.925205633614,2712.1847930934455,167595
2024-11-13,2551.2099609375,2687.8988940251475,2504.383719071297,2687.8988940251475,262369
2024-11-14,2592.6005859375,2674.933121274248,2554.9500544952543,2554.9500544952543,219481
2024-11-18,2540.139404296875,2652.2431442245697,2521.5383990690975,2643.0175170424404,311356
2024-11-19,2560.535400390625,2623.070141762843,2545.824265565149,2573.600736747394,91580
2024-11-21,2534.753662109375,2581.2309764213755,2509.3707672372293,2556.496271510663,93657
2024-11-22,2547.819091796875,2587.4144379853387,2516.551598182909,2538.244289336877,91915
2024-11-25,2648.60302734375,2677.925465771129,2529.367973268883,2584.223057297714,307123
2024-11-26,2592.6005859375,2667.7521414602265,2583.7241342017046,2662.9647404184348,145739
2024-11-27,2788.832275390625,2809.577518404189,2598.086197863184,2598.086197863184,584961
2024-11-28,2725.848876953125,2835.5091266991603,2710.190292768608,2805.5382551867074,168347
2024-11-29,2745.546630859375,2792.5722968100636,2689.943527853194,2727.3447182160958,314721
2024-12-02,2833.115478515625,2841.942013795406,2717.819972380121,2742.7541005670946,233340
2024-12-03,2846.180908203125,2911.4087357611966,2813.965964837798,2838.9999277510738,228370
2024-12-04,2883.831298828125,2903.329835429568,2827.5300870638353,2851.5666836155897,194216
2024-12-05,2845.73193359375,2972.147958331508,2827.5300207616865,2902.3324022633183,133952
2024-12-06,2840.595703125,2883.3825694863403,2817.5564713936046,2862.437901911379,65524
2024-12-09,2818.903076171875,2891.3615565880864,2807.582884372357,2840.5957680848765,73454
2024-12-10,2794.267822265625,2846.430065457073,2782.6985332568197,2834.5116012659255,118852
2024-12-11,2767.7880859375,2839.0497761955744,2753.7251401228664,2806.3860679960003,103713
2024-12-12,2763.499267578125,2783.19722830169,2703.956619811931,2781.4518393768167,77059
2024-12-13,2744.250244140625,2788.6329938641425,2704.904237186326,2762.003392729503,103739
2024-12-16,2754.8720703125,2827.8793945843345,2743.9509705455803,2747.840840755309,133861
2024-12-17,2705.951416015625,2772.5255380596573,2682.912184246393,2772.5255380596573,138422
2024-12-18,2679.47119140625,2790.2286317037097,2672.9883184176238,2743.0532149485466,177570
2024-12-19,2651.196044921875,2733.528588365324,2621.574348086566,2643.017699231272,218634
2024-12-20,2621.474365234375,2699.468511857665,2599.732000571966,2661.9674862153056,132788
2024-12-23,2575.89501953125,2645.610992194628,2548.2680525533333,2622.023159425806,302588
2024-12-24,2537.795654296875,2598.186163545639,2514.257739078556,2584.1731343223437,209722
2024-12-26,2498.49951171875,2547.2206527504045,2484.436565833958,2533.3074577351476,108094
2024-12-27,2496.95361328125,2530.315429427802,2483.4392665649298,2503.386569910833,138451
2024-12-30,2470.5732421875,2493.412806092368,2443.644383881702,2464.6387249111244,139684
2024-12-31,2502.0400390625,2512.3628659822507,2418.311281648748,2464.0904891003115,134587
2025-01-01,2522.037353515625,2545.2760115683673,2500.3945771951007,2502.040132389841,54148
2025-01-02,2459.003662109375,2544.3782123481255,2443.594419963339,2523.7824768672194,105157
2025-01-03,2378.466552734375,2487.4286958882617,2362.8079685046373,2483.1399770234666,123498
2025-01-06,2238.785400390625,2363.75529662918,2220.134721644116,2363.75529662918,414077
2025-01-07,2305.60888671875,2318.3752088850842,2228.1635829690845,2266.013540368643,288430
2025-01-08,2221.730712890625,2283.916284100486,2199.190163027098,2283.916284100486,303066
2025-01-09,2161.39013671875,2234.097959520267,2146.5791666863815,2219.137482112765,197209
2025-01-10,2066.8896484375,2183.1822722144066,2038.2152802573123,2164.2822523964032,585143
2025-01-13,1890.206298828125,2057.713719560516,1873.2510920383565,2057.713719560516,559176
2025-01-14,2004.6041259765625,2018.4675251273377,1874.2983521479766,1874.6474055810029,249424
2025-01-15,1977.72509765625,2029.9372586027907,1937.531356742349,2014.7274406638994,162457
2025-01-16,2060.456298828125,2093.469178411629,1984.706474206787,1984.706474206787,238420
2025-01-17,2028.93994140625,2086.238519672324,2017.3704084494295,2044.5985253152928,92984
2025-01-20,2030.6353759765625,2038.514584741923,1989.7434062245786,2032.6301062083667,137332
2025-01-21,1971.990234375,2043.202248878986,1930.9487577558727,2031.2337458856805,252447
2025-01-22,1840.9366455078125,1966.155767240971,1793.5118838501471,1962.4156479225014,559257
2025-01-23,1931.896240234375,1959.8224636347686,1827.3225316008495,1827.3225316008495,290215
2025-01-24,1873.7498779296875,1950.4472831054102,1841.6347684679515,1934.888410954685,112899
2025-01-27,1855.5479736328125,1894.9938146315885,1805.1810327702362,1875.146223486501,248349
2025-01-28,1898.4346923828125,1921.374091392449,1798.0499849852374,1864.873451665483,204411
2025-01-29,1957.72802734375,1965.7069483402104,1881.1802540339581,1899.9805622821334,148464
2025-01-30,1985.504638671875,1992.8851650063752,1942.36859666632,1957.7280440654315,72669
2025-01-31,2147.67626953125,2166.875548010618,1970.3447032405281,1985.8038625356037,369305
2025-02-01,2160.990966796875,2181.237527525963,2057.564252074102,2169.2691460306214,113460
2025-02-03,2087.634765625,2144.3350717824674,2033.0789406377257,2144.3350717824674,142926
2025-02-04,2192.657470703125,2223.127026199545,2096.661070401776,2104.5900750258957,292831
2025-02-05,2272.845703125,2282.819354772656,2171.2639636946833,2244.071620722571,186975
2025-02-06,2277.98193359375,2286.708878391887,2234.0978683231174,2281.9713940728984,81008
2025-02-07,2244.171142578125,2278.979084589336,2217.790642840492,2270.002799354629,80549
2025-02-10,2203.778076171875,2278.97930914924,2182.284809042574,2244.4703784476487,105890
2025-02-11,2098.057373046875,2199.339606629893,2092.0731823005885,2195.2006387626493,94633
2025-02-12,2128.42724609375,2142.1909345036515,2006.5990630027889,2107.432660009891,115772
2025-02-13,2094.21728515625,2142.290232358454,2085.3408335193963,2109.4271023243095,73392
2025-02-14,2063.2490234375,2112.6685102016368,1948.901218230686,2094.6161054571858,81166
2025-02-17,2104.540283203125,2123.889069555951,1994.231601116283,2069.233411083452,133292
2025-02-18,2059.110107421875,2124.387602663404,2006.149924717108,2110.5739990218003,137370
2025-02-19,2036.9188232421875,2075.3173801730472,2017.8192569385321,2028.6406440874948,94608
2025-02-20,2024.9005126953125,2053.1259939815445,2006.6985994547315,2036.6195527269194,97953
2025-02-21,2057.015625,2093.4693685156894,2015.7248067931484,2028.5409241229886,170338
2025-02-24,1984.2579345703125,2049.485516950664,1972.339469915615,2044.3991008644489,191663
2025-02-25,1886.266845703125,1998.6698497522295,1875.0464877313284,1984.756654566672,141919
2025-02-27,1842.13330078125,1911.8989393528436,1765.3361897037425,1886.2667055238435,186589
2025-02-28,1858.19091796875,1918.7310533864415,1633.6840553473658,1803.2361245836612,1186573
2025-03-03,1984.9560546875,2058.3622264554883,1717.1635143601954,1877.041195143341,1303381
2025-03-04,1995.827392578125,2008.6934274612518,1871.0570357086933,1934.8884057968362,571844
2025-03-05,1988.4967041015625,2038.6143012833072,1961.9668163113085,1969.646479020784,235702
2025-03-06,1954.2869873046875,2004.703841572049,1935.4368844022733,1996.0766091478883,185508
2025-03-07,1967.3526611328125,1994.7302856032472,1942.0195621559162,1956.8304101767856,140812
2025-03-10,1904.269287109375,2009.6907324129054,1888.2116111536884,1964.8592186200867,131062
2025-03-11,1889.4583740234375,1921.8229464351805,1853.4535161855738,1894.9937993473175,116275
2025-03-12,1801.1417236328125,1931.796556461919,1785.782276187137,1883.1750060770416,226250
2025-03-13,1770.6224365234375,1837.3959860129003,1741.3995883178309,1819.14415468673,232115
2025-03-17,1755.2130126953125,1803.9841922636756,1740.3522477983884,1775.2600276072224,180214
2025-03-18,1755.2130126953125,1755.2130126953125,1755.2130126953125,1755.2130126953125,0
2025-03-19,1916.8360595703125,1944.7123661361618,1871.0070589919005,1879.6842086353176,291515
2025-03-20,1931.9461669921875,1964.8092992109937,1891.2536211313943,1917.983055221145,252783
2025-03-21,2033.0291748046875,2049.5854121786333,1934.6390770187368,1934.6390770187368,314341
2025-03-24,2046.0946044921875,2084.493162753435,2036.6695525275334,2054.5722082641514,161415
2025-03-25,1964.2109375,2076.813486524593,1949.8987720438517,2065.5432117062046,123500
2025-03-26,1943.6651611328125,2029.937242529305,1928.4553433143558,1946.3579982110386,343686
2025-03-27,1874.3980712890625,1982.4625552334003,1855.8471048287388,1954.8355907372447,440340
2025-03-28,1954.7359619140625,2019.664408167643,1865.0728114930826,1898.584255841833,431426
2025-04-01,1964.958984375,2031.3834793449525,1917.185169103147,1994.7303099005303,786441
2025-04-02,1951.2452392578125,1972.788302539448,1932.644354522657,1954.8357295133055,139778
2025-04-03,1949.7490234375,1973.4364441384741,1936.8829895280796,1951.1951541071453,99822
2025-04-04,1893.4976806640625,1951.594198914619,1853.353734576768,1947.9039966694172,176164
2025-04-07,1798.0499267578125,1825.1782099216591,1705.4943928776158,1745.4389155155352,280274
2025-04-08,1802.98681640625,1865.0228788839174,1778.1524002830315,1865.0228788839174,129369
2025-04-09,1709.3841552734375,1785.2836188537412,1684.7491630143509,1783.238971596366,239378
2025-04-11,1781.6929931640625,1796.703264483792,1720.4547532493941,1768.328276818073,149271
2025-04-15,1852.3065185546875,1875.0464928051997,1786.3807061095165,1800.2441061241411,210694
2025-04-16,1889.8074951171875,1974.1845606803404,1863.8760017633451,1864.0754260896747,635244
2025-04-17,1884.8206787109375,1900.7785208530602,1865.172512524245,1897.0881968084902,109930
2025-04-21,1911.3505859375,1919.9279018244874,1876.7419423982642,1893.9964080855593,134327
2025-04-22,1920.027587890625,1952.4419546236838,1903.870321480077,1919.9278757273348,121720
2025-04-23,2009.4912109375,2017.9688141135093,1933.9906013678417,1934.9879664473722,372968
2025-04-24,1975.38134765625,2021.4596896071382,1948.851459608045,2014.079163312112,130364
2025-04-25,1913.5447998046875,1984.6569854593401,1866.0702418393234,1974.7830458802034,159750
2025-04-28,1892.5003662109375,1928.2060871688273,1882.1277443336169,1895.9911442250288,80704
2025-04-29,1935.686279296875,1947.8540850972454,1889.0095428439236,1907.1615393819202,108442
2025-04-30,1912.6470947265625,1953.7386118541701,1888.311482525672,1934.8883862160417,143136
2025-05-02,1890.206298828125,1916.237625474882,1880.0332234537318,1904.8676389249501,70141
2025-05-05,1885.6185302734375,1913.544754503549,1877.0412143239241,1894.9937870432816,73086
2025-05-06,1869.9599609375,1914.24299834633,1856.1962730439864,1894.993802078379,70160
2025-05-07,1889.1092529296875,1897.7864025389092,1837.3459787563947,1837.3459787563947,60806
2025-05-08,1880.7314453125,1907.760138717023,1871.0570518992722,1887.2143188931743,48851
2025-05-09,1828.36962890625,1860.5845699178842,1805.1310954268597,1830.1649347624323,75987
2025-05-12,1910.65234375,1933.891000135471,1886.0174735720348,1886.3167318125259,88129
2025-05-13,1928.3057861328125,1939.8751974077202,1904.5684471000247,1916.2376922878773,46488
2025-05-14,2021.858642578125,2042.9031452582233,1929.4029391656031,1944.7623872750444,512252
2025-05-15,2045.9947509765625,2054.5721885802545,1976.5782833248816,2006.6986618560545,147496
2025-05-16,2139.6474609375,2154.308679641144,2026.6459430698171,2045.8951387679317,285218
2025-05-19,2167.57373046875,2176.749441154674,2108.4299283395103,2144.8337563359114,169468
2025-05-20,2140.944091796875,2183.1324421229297,2117.306343348,2170.665377961011,95776
2025-05-21,2084.09423828125,2142.240429592411,2071.5273404539453,2130.970398609288,112343
2025-05-22,2108.52978515625,2115.411507371104,2055.669431601008,2092.1728504105554,64580
2025-05-23,2164.0830078125,2195.2007526075104,2082.0996390361256,2101.14916780132,80518
2025-05-26,2189.11669921875,2202.481538503493,2152.3140220971245,2164.0829797218717,98002
2025-05-27,2219.63623046875,2234.0980257245565,2168.2719231808865,2168.2719231808865,80239
2025-05-28,2216.2451171875,2257.0372529505953,2204.5757505559886,2226.617616974019,171538
2025-05-29,2255.44140625,2282.9687812206685,2238.7854572883134,2239.782822417724,113370
2025-05-30,2172.460693359375,2302.417419448555,2125.8837901471065,2275.588394654223,173528
2025-06-02,2173.258544921875,2207.1689581973883,2125.285186389052,2134.3613061646683,77872
2025-06-03,2131.169921875,2183.232334510124,2117.0073853072054,2142.5397872962576,68534
2025-06-04,2131.867919921875,2149.1223850024653,2103.5428482327266,2140.146099023847,68475
2025-06-05,2154.608154296875,2187.022524260267,2132.366860976366,2132.366860976366,90142
2025-06-06,2349.5927734375,2451.423605009421,2154.308636316389,2163.7836048557433,2425159
2025-06-09,2453.9169921875,2487.428556912929,2274.0922596351697,2316.8791249834535,972179
2025-06-10,2439.056396484375,2477.4549535339142,2418.6104115618928,2477.4549535339142,214046
2025-06-11,2459.103515625,2483.439126939851,2405.2457996190756,2408.836167921065,307668
2025-06-12,2447.434326171875,2518.3470881112994,2427.2875981664565,2449.5288904559807,408565
2025-06-13,2448.032470703125,2468.677878163186,2382.8048950183365,2393.6760764666938,211671
2025-06-16,2495.50732421875,2513.2602282727994,2397.466285792098,2439.15619584046,199567
2025-06-17,2463.890625,2531.2127686860135,2443.544474529384,2492.4153640199715,171867
2025-06-18,2438.85693359375,2483.439104971481,2416.1169605596033,2467.48126333311,118593
2025-06-19,2448.331787109375,2461.4969571434153,2383.702482809061,2438.856819081473,108186
2025-06-20,2418.510498046875,2460.6990898563085,2371.2354904005983,2448.331860197002,244371
2025-06-23,2391.681640625,2428.384727012127,2354.878963820829,2386.0962983605464,161088
2025-06-24,2409.933349609375,2434.1693703371966,2398.6630752341707,2404.6472658584553,81000
2025-06-25,2352.28564453125,2439.854351102181,2344.805406102594,2409.9333973875587,99738
2025-06-26,2328.348876953125,2371.834093664616,2315.3831303691068,2352.285639877466,74240
2025-06-27,2391.28271484375,2409.434711371798,2337.823846884651,2337.823846884651,347815
2025-06-30,2429.382080078125,2435.5656953061316,2383.702707527295,2391.282780063142,72279
2025-07-01,2404.54736328125,2454.016768428218,2393.676181356522,2429.3818997612234,62710
2025-07-02,2395.870361328125,2428.8832430796997,2393.676206837991,2404.647222785998,53243
2025-07-03,2359.466552734375,2411.3295375906796,2353.2829378548213,2393.6762241371357,87641
2025-07-04,2295.63525390625,2366.448177608299,2288.9529562845396,2359.4666217503504,87529
2025-07-07,2269.803466796875,2363.1566909128705,2257.6356616863454,2295.635124617524,118147
2025-07-08,2234.7958984375,2287.9555061954757,2209.8617712993628,2269.803510338379,101755
2025-07-09,2209.961669921875,2273.992461588179,2201.484066446656,2234.7959638797565,91183
2025-07-10,2188.119140625,2238.286652596541,2174.255863481551,2209.9615818657144,279876
2025-07-11,2195.100830078125,2220.5336410421237,2175.0539369460876,2184.3294814088977,102924
2025-07-14,2225.719970703125,2237.0898350158204,2184.428911020396,2195.200502394035,85595
2025-07-15,2230.9111328125,2249.5785430241035,2214.6394487237512,2248.0811532683742,61025
2025-07-16,2175.707275390625,2233.1072149799625,2161.2325080159226,2231.110695342072,203170
2025-07-17,2163.827880859375,2198.9665744924614,2147.2566719115525,2175.7070741195857,165998
2025-07-18,2119.10595703125,2176.905102097174,2097.4437680648452,2161.2324719444728,202562
2025-07-21,2146.058837890625,2161.731467066171,2119.105824909426,2119.105824909426,123469
2025-07-22,2133.08154296875,2178.2028362037872,2122.7994185093276,2151.249822190266,112012
2025-07-23,2014.7877197265625,2150.0519170303587,1988.7330425381983,2133.780234220403,660397
2025-07-24,2028.563720703125,2081.371688637741,2011.1939757644989,2013.4900220538725,234408
2025-07-25,2007.8997802734375,2046.9317139687605,1977.0535281712414,2039.045437200035,371389
2025-07-28,1961.480712890625,2014.0889558086,1922.5485805417813,2007.8997937680924,104943
2025-07-29,1940.01806640625,1975.4562883328892,1931.6326599449899,1955.4910928812615,77901
2025-07-30,1903.3818359375,1957.8869163280704,1891.702245486881,1948.60305181551,92880
2025-07-31,1881.420166015625,1919.354037804681,1871.73709485473,1886.7109916135678,91635
2025-08-01,1893.5989990234375,1912.2664081462708,1865.1485953239394,1881.4201566057645,61998
2025-08-04,1931.832275390625,1941.1161400775795,1879.2240337855712,1907.1753075948652,97250
2025-08-05,1906.6761474609375,1944.210690180739,1899.3888024473847,1934.2280925500534,39771
2025-08-06,1892.900146484375,1909.4713563221094,1869.740568326738,1901.4852780804574,34284
2025-08-07,1870.6390380859375,1896.1944642459193,1844.4845585678152,1868.7423201202216,45345
2025-08-08,1862.6529541015625,1889.605968251683,1845.0836062863941,1870.639032368265,52421
2025-08-11,1850.9732666015625,1874.0331653954229,1819.9274112906778,1861.8543227589541,99416
2025-08-12,1815.7347412109375,1871.6372889832198,1809.8449841276383,1850.9732383883781,81365
2025-08-13,1763.026611328125,1832.3058659344335,1756.9372509096177,1822.8223978187284,157559
2025-08-14,1772.0108642578125,1805.153161192323,1751.9458675818698,1762.9267248715566,88144
2025-08-18,1835.400390625,1871.7370706616887,1772.0108951652576,1772.0108951652576,210695
2025-08-19,1851.37255859375,1891.6024763617618,1829.8101717758243,1847.9784509793815,93891
2025-08-20,1801.3597412109375,1865.2483660031237,1789.5802272717256,1865.2483660031237,262220
2025-08-21,1805.0533447265625,1885.8125879520833,1798.8641826304784,1801.8589620688197,209704
2025-08-22,1793.174072265625,1813.6383975354634,1783.8902076683503,1805.0532660335182,161822
2025-08-25,1842.1885986328125,1846.7805691900328,1799.9621617400715,1801.7590780640576,102845
2025-08-26,1785.18798828125,1841.9888714803542,1776.6028568073434,1841.9888714803542,104013
2025-08-28,1744.159423828125,1815.8345241570253,1735.574414165754,1784.8884712439587,61407
2025-08-29,1747.1541748046875,1778.3997538855424,1731.9806752688276,1751.346938891248,58801
2025-09-01,1774.107177734375,1785.8866915194099,1742.1628657563865,1764.5239085125543,45334
2025-09-02,1818.130615234375,1855.7649608011748,1771.911137935495,1785.5872483978148,142965
2025-09-03,1815.7347412109375,1835.7997384504836,1804.1549521153986,1821.824101507413,43614
2025-09-04,1814.1375732421875,1837.7962816280858,1798.0654930648352,1834.8015022446616,71213
2025-09-05,1799.263427734375,1838.5948869109304,1782.6923399799957,1814.1375226286466,41084
2025-09-08,1772.60986328125,1819.2286686658122,1767.9180910036714,1802.8571837112538,63794
2025-09-09,1777.4014892578125,1806.8501519554286,1771.8112590156036,1773.2088470406259,92457
2025-09-10,1790.478759765625,1809.9448259401765,1781.8937498243233,1781.8937498243233,50447
2025-09-11,1784.5889892578125,1816.8328294242656,1777.7010941490507,1792.6749910948552,55675
2025-09-12,1793.97265625,1826.7156263244033,1778.599431009483,1798.8641536253308,36664
2025-09-15,1862.952392578125,1872.3360590826032,1786.2861129474518,1793.9726646748654,213203
2025-09-16,1918.8548583984375,1931.5328304418404,1867.0452744360641,1872.2361764353614,202446
2025-09-17,1927.739501953125,1945.40877377116,1906.6762442546642,1944.1109872701352,115873
2025-09-18,1900.1875,1961.880003431885,1882.7179537693723,1935.7255239604433,106914
2025-09-19,1883.4166259765625,1929.5362996489048,1866.845538459472,1900.187438558847,120142
2025-09-22,1890.404541015625,1914.662302982172,1871.737131434605,1879.8230114708253,67386
2025-09-23,1843.68603515625,1904.0807526030378,1816.9326239738577,1891.7023068043507,76095
2025-09-24,1841.88916015625,1860.0575619027134,1819.8276426178688,1843.8856797861106,65932
2025-09-25,1778.2001953125,1841.889096178079,1764.9232914919469,1841.889096178079,97309
2025-09-26,1740.266357421875,1794.8711197179716,1727.089254952151,1782.2930706143284,71299
2025-09-29,1666.295166015625,1756.937202237868,1652.4194526433478,1753.742819704225,119680
2025-09-30,1686.4600830078125,1722.8965646819113,1670.2882015884145,1681.6683873595725,152008
2025-10-01,1645.3316650390625,1693.04852965334,1634.151204624126,1693.04852965334,353448
2025-10-03,1616.3822021484375,1661.104289453809,1608.4960472989967,1656.6121204018007,393466
2025-10-06,1565.9700927734375,1632.2545675795793,1559.8807323912367,1632.2545675795793,366064
2025-10-07,1611.7901611328125,1637.145983046697,1571.8597713024053,1571.8597713024053,805455
2025-10-08,1606.9986572265625,1626.1651964340122,1592.2243636048186,1620.075836092116,150746
2025-10-09,1607.298095703125,1636.048026974167,1578.8476911182365,1606.9986908748583,252000
2025-10-10,1624.867431640625,1642.7363064753524,1599.511730145704,1607.2980834897753,188908
2025-10-13,1613.4873046875,1628.8604075609937,1597.2156217972874,1624.8673685065005,100249
2025-10-14,1612.38916015625,1619.4769021343764,1585.2365426772246,1612.1895569418878,154288
2025-10-15,1641.3387451171875,1721.8983855987428,1607.2981096720532,1612.189607155123,990286
2025-10-16,1629.259765625,1652.4194656792072,1618.977762986428,1641.3386846140988,133394
2025-10-17,1629.7589111328125,1638.1443177524827,1620.8743746174227,1629.2597812370927,73899
2025-10-20,1629.159912109375,1645.4315947786192,1619.1773146087048,1624.16861335904,183075
2025-10-21,1640.3404541015625,1652.1199684810165,1629.159993088229,1640.1408508847794,17302
2025-10-23,1682.267333984375,1696.0433677035787,1629.1599623850739,1643.435125994714,217291
2025-10-24,1679.4722900390625,1692.3498656630825,1651.720619217,1682.267344327963,246471
2025-10-27,1752.1455078125,1760.8304409671305,1683.4653084277827,1691.8507149068498,290897
2025-10-28,1691.6510009765625,1761.7289107367778,1637.7449727877276,1752.1455193502338,471520
2025-10-29,1814.63671875,1836.798037634831,1675.079949538721,1692.0503661907817,911743
2025-10-30,1887.1103515625,1895.3958347933487,1790.0794258224207,1805.7521778077073,632290
2025-10-31,1873.43408203125,1895.5955222814796,1836.9976000291902,1876.7283880513019,244144
2025-11-03,1871.737060546875,1910.6691914062499,1858.8594851987361,1873.4340534052849,111786
2025-11-04,1854.866455078125,1884.0157134896258,1834.8014580639099,1871.7370695700931,83794
2025-11-06,1806.8502197265625,1854.8664912493766,1791.8763228779999,1854.8664912493766,91012
2025-11-07,1766.2210693359375,1807.2495217327796,1758.5343959507254,1806.8501934510482,50385
2025-11-10,1732.679443359375,1786.8849979048946,1719.3028598557787,1766.2210692979743,132044
2025-11-11,1750.1490478515625,1755.9390034851172,1719.2029937821828,1732.6795011994934,62717
2025-11-12,1773.3087158203125,1795.0707061336286,1750.0492139636958,1750.1490155711467,94675
2025-11-13,1742.761962890625,1814.4369415778135,1733.9772281327523,1773.3086876156876,93294
2025-11-14,1741.56396484375,1759.9319689250374,1731.9806954537378,1742.7619496786774,56057
2025-11-17,1749.849609375,1760.8304670594302,1720.9998770870566,1741.564004379049,98124
2025-11-18,1745.6568603515625,1755.8391834078311,1718.1049142930976,1749.8496246186915,148264
2025-11-19,1802.158447265625,1829.9099963072808,1728.2872228205672,1746.9546321466373,470265
2025-11-20,1773.0091552734375,1814.636660847599,1766.4206651550319,1802.7573451986304,103303
2025-11-21,1738.4693603515625,1776.802559249409,1728.6863660261852,1770.5134740605406,70848
2025-11-24,1713.21337890625,1744.858286921624,1700.5355284936245,1732.9789712151053,206792
2025-11-25,1730.6829833984375,1763.625557119769,1704.0294952216059,1712.814230290449,135667
2025-11-26,1770.214111328125,1776.4032732024796,1728.5866055117692,1731.980713125205,90746
2025-11-27,1742.761962890625,1783.8902168527509,1736.972007455952,1762.9267615903514,121462
2025-11-28,1770.5135498046875,1790.5785473326048,1732.9790058468625,1742.762000590765,275976
2025-12-01,1766.72021484375,1775.4050262232518,1742.4624533442147,1771.8113153716608,102393
2025-12-02,1744.6585693359375,1786.1862736838852,1737.171620983478,1766.720207967491,74276
2025-12-03,1764.823486328125,1781.8937041645108,1720.0015979134187,1744.658565692878,64329
2025-12-04,1773.9075927734375,1805.1531719914399,1747.0543808691627,1764.8234533328368,261079
2025-12-05,1747.254150390625,1835.7997445750443,1690.0538159682164,1775.1055009052118,955662
2025-12-08,1654.6156005859375,1751.9459300321691,1641.1390934318438,1751.9459300321691,448565
2025-12-09,1629.259765625,1659.7066889721575,1607.1982488171611,1657.011436304251,713344
2025-12-10,1650.8221435546875,1666.9940250477355,1622.1721367140296,1632.9533910427283,154444
2025-12-11,1653.417724609375,1666.095575089491,1635.1495218673374,1650.4229452652955,70181
2025-12-12,1671.0869140625,1676.078213088971,1647.128678735439,1653.4177642519471,102077
2025-12-15,1718.5042724609375,1730.9825201552514,1661.503661364888,1671.0869312225439,142641
2025-12-16,1697.44091796875,1720.0015641425139,1677.0763945208494,1698.139651056648,153360
2025-12-17,1743.2611083984375,1759.2332649319567,1702.2325338166531,1708.2220925167228,376292
2025-12-18,1715.110107421875,1743.5605112145024,1698.3394161956878,1743.2611063945735,96178
2025-12-19,1735.6741943359375,1765.9215137786334,1715.9087242212613,1746.9545783564774,133661
2025-12-22,1740.965087890625,1752.944205467854,1738.9685682944203,1745.9563868811372,43567
2025-12-23,1719.2030029296875,1747.4538044090762,1714.0121006400364,1740.9651156180685,68321
2025-12-24,1694.845458984375,1739.9667511193613,1688.2568471220595,1713.8123943092562,79125
2025-12-26,1678.673583984375,1712.0154842593104,1672.0850939558861,1701.5337568046616,39912
2025-12-29,1647.7275390625,1683.9644171723417,1642.2371103705775,1672.0851016309691,60294
2025-12-30,1631.9552001953125,1647.1287006949226,1609.5941558870281,1642.2372032121905,144074
2025-12-31,1671.885498046875,1680.9696375089886,1627.6625418496058,1631.955107569117,94768
2026-01-01,1677.6754150390625,1684.1641038146004,1652.1199882331364,1670.5877947481292,52535
2026-01-02,1661.3038330078125,1686.959181787124,1657.2109923900969,1674.5807364723248,52111
2026-01-05,1699.8367919921875,1705.6266255669368,1662.5018520712135,1662.5018520712135,90289
2026-01-06,1665.0972900390625,1699.0381220902184,1658.8082047687838,1699.0381220902184,55925
2026-01-07,1665.6962890625,1678.1745366460586,1647.128681029742,1665.0973575500666,57391
2026-01-08,1630.9569091796875,1686.7595344858885,1619.1773948023363,1659.6069166824193,64095
2026-01-09,1618.1790771484375,1630.956850868456,1599.1123400310964,1630.956850868456,114315
2026-01-12,1566.569091796875,1614.2858352614926,1524.2428535557533,1614.2858352614926,583224
2026-01-13,1549.1993408203125,1582.04211118787,1539.3165448572406,1566.5690849587602,79001
2026-01-14,1530.03271484375,1563.1750126280729,1527.4372637893946,1549.1993757192083,87255
2026-01-15,1530.03271484375,1530.03271484375,1530.03271484375,1530.03271484375,0
2026-01-16,1527.0379638671875,1560.1802622670486,1519.351412167706,1532.5283927547844,105112
2026-01-19,1478.5225830078125,1523.8436028388621,1468.8395115757057,1522.3462131210383,116147
2026-01-20,1370.71044921875,1475.527723799614,1356.8346142121834,1472.4331429216597,446014
2026-01-21,1344.6558837890625,1388.479511203207,1318.7011302786575,1383.188685782934,399544
2026-01-22,1343.65771484375,1378.596808468959,1331.1794671204611,1344.655974661613,164494
2026-01-23,1286.3575439453125,1360.328570180814,1277.7725341033824,1360.328570180814,240373
2026-01-27,1266.69189453125,1295.142299054499,1253.9141202478293,1295.042497445293,204131
2026-01-28,1303.5277099609375,1321.3964630917196,1266.691898563065,1266.691898563065,225276
2026-01-29,1281.466064453125,1326.68728241634,1265.8932358482577,1293.2455789092312,305662
2026-01-30,1264.1961669921875,1302.6291672218886,1228.957549207258,1277.872276772332,274082
2026-02-02,1193.31982421875,1244.131273897523,1183.9361574525233,1235.047011965328,342845
2026-02-03,1245.7283935546875,1336.669834390725,1208.8925836050546,1267.4903834643926,841825
2026-02-04,1216.6790771484375,1271.7829686481225,1196.9134846225265,1245.728412578792,430635
2026-02-05,1301.2315673828125,1312.1126228893881,1199.009745926465,1217.7770777281487,758147
2026-02-06,1349.5474853515625,1380.2938149279921,1276.0755864091918,1300.6327537974391,641122
2026-02-09,1424.117431640625,1454.8638827706973,1346.752295764454,1349.6472736075268,418895
2026-02-10,1459.75537109375,1472.4332219565945,1410.0419837380946,1427.4117288297023,236166
2026-02-11,1439.889892578125,1463.6484015927065,1429.7075699794073,1453.566002455626,97003
2026-02-12,1412.7371826171875,1457.4592692100741,1408.4447387061612,1443.7831590572148,62366
2026-02-13,1384.38671875,1410.6408779839717,1371.7087463642233,1407.1469687360454,77682
2026-02-16,1383.5880126953125,1406.547986931959,1367.2165284332582,1383.6878142986786,73007
2026-02-17,1384.6861572265625,1401.556772376749,1374.3042308373797,1383.5880958078162,60113
2026-02-18,1368.0152587890625,1397.9630528875189,1365.3198842054699,1387.3815233443083,67757
2026-02-19,1342.5595703125,1370.0117136044737,1296.439896467256,1367.7156674223563,389169
2026-02-20,1298.63623046875,1341.3616778559453,1293.7447329555964,1332.6768661232416,110067
2026-02-23,1302.3297119140625,1315.2072877175613,1289.8514644025108,1298.7360010023128,70262
2026-02-24,1265.59375,1295.1422139997785,1251.9175184160988,1292.4468395809074,106499
2026-02-25,1260.203125,1285.5589468652086,1251.8177187801361,1265.5937519883323,64750
2026-02-26,1289.0528564453125,1308.6187230603102,1260.203125465983,1260.203125465983,196518
2026-02-27,1287.9547119140625,1326.6872398957057,1272.381883808308,1289.0528951519752,348193
2026-03-02,1253.7144775390625,1281.765552884029,1203.0028321553264,1203.0028321553264,189848
2026-03-04,1224.764892578125,1253.315096612049,1206.2970874906516,1253.315096612049,104637
2026-03-05,1231.253662109375,1235.7458312108993,1203.2025860914337,1224.7649734071733,148560
2026-03-06,1230.7545166015625,1255.8108129007396,1217.5774142894634,1228.8577986333949,133024
2026-03-09,1187.3302001953125,1209.791045122195,1173.9534948450594,1204.8995478554307,236676
2026-03-10,1174.0533447265625,1211.0887595128295,1168.0637858331106,1187.3302490168694,204699
2026-03-11,1180.9412841796875,1207.2953659496943,1172.1565496370586,1174.1530691369398,146047
2026-03-12,1187.7294921875,1213.8838487378785,1139.61329941063,1180.941277184959,162544
2026-03-13,1132.026611328125,1187.729556819171,1122.0440133446318,1187.729556819171,183377
2026-03-16,1092.99462890625,1140.012638942915,1078.220335805519,1138.016119435134,332733
2026-03-17,1119.0491943359375,1135.3208772161781,1082.7125145907412,1099.9824572339933,361621
2026-03-18,1215.281494140625,1243.8316997964791,1115.2557899507678,1127.933762413344,989501
2026-03-19,1176.24951171875,1214.8821152858382,1159.2790959752338,1200.9064787911777,409767
2026-03-20,1163.3719482421875,1193.918672515232,1153.0898239748656,1177.946516361182,212529
2026-03-23,1108.667236328125,1157.4821616975532,1091.5970192464636,1152.98999289407,177521
2026-03-24,1131.72705078125,1156.9830716669162,1106.271426685041,1138.9145942290265,192808
2026-03-25,1165.767822265625,1215.7806129766616,1144.4050385573632,1156.9830874400964,448490
2026-03-27,1128.7322998046875,1166.7660954246055,1102.0788120605087,1165.7678356310723,565082
2026-03-30,1121.0457763671875,1133.0248941912357,1086.2064843240028,1128.0335950978824,271951
2026-04-01,1152.989990234375,1173.8536430006677,1128.0334969392586,1128.0334969392586,191326
2026-04-02,1142.608154296875,1152.9900806937467,1103.276693406394,1149.4961713583111,144851
2026-04-06,1176.6488037109375,1181.7400262905849,1123.5414299118363,1141.0109768007364,168445
2026-04-07,1181.140869140625,1186.9308243439907,1162.6730640520095,1173.0549896625905,126589
2026-04-08,1261.1016845703125,1347.6507625794839,1233.8491426283274,1233.8491426283274,2619341
2026-04-09,1287.1561279296875,1296.6395954213906,1237.8420726012555,1261.1015731924786,297654
2026-04-10,1358.7313232421875,1394.568872688581,1287.8548808936628,1300.9320592652653,1096732
2026-04-13,1361.3267822265625,1383.6878251606681,1320.7974604535536,1320.7974604535536,233457
2026-04-15,1407.8458251953125,1427.4116926328984,1388.0802326857597,1397.5637006544866,280774
2026-04-16,1419.525390625,1472.4331583487167,1403.8527610047122,1446.4784043710442,279615
2026-04-17,1417.92822265625,1432.502791142288,1405.7493801673484,1425.415171042011,88188
2026-04-20,1401.1573486328125,1429.1086213915207,1394.369255506139,1412.4377324535856,194988
2026-04-21,1426.51318359375,1449.1736311890013,1401.1573615571767,1401.1573615571767,145197
2026-04-22,1411.4395751953125,1442.4854310349367,1404.6513597178755,1433.5010927101516,301597
2026-04-23,1420.9229736328125,1445.1806128034905,1408.7441313871386,1417.429064455902,151767
2026-04-24,1411.23974609375,1447.1770967439081,1379.5949610699568,1434.2996435805708,196974
2026-04-27,1466.2440185546875,1482.4157783021024,1415.6321744231784,1428.0106201085237,255014
2026-04-28,1508.7698974609375,1512.363608396441,1474.8290640051757,1477.1249884477454,210059
2026-04-29,1547.7020263671875,1567.3676957866448,1497.3897078130904,1512.3636048912213,235900
2026-04-30,1483.6136474609375,1547.2028690403436,1467.8412159329384,1547.2028690403436,244766
2026-05-01,1483.6136474609375,1483.6136474609375,1483.6136474609375,1483.6136474609375,0
2026-05-04,1491.8992919921875,1534.4251356961315,1479.9201742244347,1505.7751277780783,282626
2026-05-05,1479.8203125,1505.1761351166263,1457.4592692036551,1497.3896601407414,141551
2026-05-06,1547.003173828125,1552.2939995472284,1484.5121342951,1495.692717245799,480330
2026-05-07,1588.430908203125,1595.2191234289544,1552.4935562360145,1569.164567624376,208829
2026-05-08,1483.2144775390625,1591.0265372442434,1467.4419237649645,1587.2331012151656,553663
2026-05-11,1375.6019287109375,1480.2195987377656,1343.6576168685935,1478.7222091201559,1209220
2026-05-12,1318.9007568359375,1384.3866951078835,1288.7533605832618,1369.4127985867767,639256
2026-05-13,1301.3314208984375,1334.6733218211175,1296.73945029591,1315.7063860585138,304022
2026-05-14,1304.326171875,1329.582192426692,1265.3940414191477,1311.313990161948,327483
2026-05-15,1289.65185546875,1316.3053432921215,1282.7638385013292,1307.7203334138064,93444
2026-05-18,1238.940185546875,1285.4590668091714,1226.961068216264,1283.7620739304882,262203
2026-05-19,1268.98779296875,1286.75686592719,1232.8508374089058,1232.8508374089058,115165
2026-05-20,1276.7742919921875,1282.9634540468057,1243.6321151730742,1265.793434125171,112979
2026-05-21,1252.5164794921875,1293.644854960703,1249.3220969845606,1283.4625322341142,138054
2026-05-22,1247.525146484375,1274.7776860891022,1239.7387936386517,1266.1926767094121,125739
2026-05-25,1283.5625,1305.3244905323359,1253.1155760901122,1254.812569007509,218318
2026-05-26,1266.4921875,1325.5892420804812,1258.1069024810356,1287.75517045296,230519
2026-05-27,1250.619873046875,1275.6761685907072,1243.9314595563205,1267.7898921342016,89183
2026-05-28,1250.619873046875,1250.619873046875,1250.619873046875,1250.619873046875,0
2026-05-29,1241.6356201171875,1295.4417272434027,1222.868286648327,1245.8282626425405,215115
2026-06-01,1248.3238525390625,1275.7759964373624,1234.747543928207,1241.735362375047,108635
2026-06-02,1227.9593505859375,1256.809083059516,1225.3638994881303,1239.838666528927,119794
2026-06-03,1252.616455078125,1268.388886920432,1204.2008544188598,1225.962845105612,166387
2026-06-04,1248.822998046875,1276.5746689688483,1239.439331643611,1252.616433994328,235974
2026-06-05,1235.64599609375,1276.4747233340877,1229.8560406656452,1243.4323492105075,115914
2026-06-08,1213.5843505859375,1235.7457905387892,1201.1061034923998,1225.7631928639591,105624
2026-06-09,1216.6790771484375,1233.4497684554406,1213.3847711081576,1214.4828325022895,68237
2026-06-10,1192.2216796875,1228.8577641233292,1182.3388836954357,1216.9784486119743,120874
2026-06-11,1178.7452392578125,1187.72957760015,1152.9900872666237,1182.438751833174,137626
2026-06-12,1196.3145751953125,1226.4619725760538,1179.3441585030532,1187.9291684581483,261330
2026-06-15,1237.8421630859375,1258.8056190736834,1215.9802488985683,1226.8613051875946,345582
2026-06-16,1313.410400390625,1317.702966372722,1242.833479646999,1242.833479646999,638373
2026-06-17,1297.2386474609375,1311.0146818408464,1274.7778013140571,1306.8219174453618,208334
2026-06-18,1317.3035888671875,1325.6889954388291,1300.8323024027743,1305.723799724389,133278
2026-06-19,1277.2734375,1318.601418348717,1256.0104546273021,1316.005967192745,386849
2026-06-22,1311.5137939453125,1325.4894313580317,1277.872365058535,1277.872365058535,229705
2026-06-23,1297.33837890625,1364.9206387722177,1289.2524991022722,1315.7063831334067,446813
2026-06-24,1303.2281494140625,1314.2090070498762,1286.257733067805,1297.7377205961557,139339
2026-06-25,1344.3564453125,1357.6333496069583,1315.4069106517634,1317.0042238434935,338677
2026-06-26,1344.3564453125,1344.3564453125,1344.3564453125,1344.3564453125,0
2026-06-29,1312.711669921875,1341.3616781572425,1300.932155243299,1332.976393113254,140969
2026-06-30,1321.296630859375,1345.4545908406733,1304.7255427522318,1322.6942189339763,127038
2026-07-01,1393.5706787109375,1409.4430338787208,1321.2966449277042,1321.2966449277042,696452
2026-07-02,1421.6217041015625,1441.487097756627,1401.5567072370527,1409.9421136177396,289532
2026-07-03,1403.1539306640625,1467.4418852464355,1397.5637002347005,1422.5201948817487,412207
2026-07-06,1415.033203125,1434.798795022914,1399.160848644297,1414.3344700394484,111639
2026-07-07,1407.3466796875,1422.819706201642,1382.1904602401007,1420.5236599757452,107308
2026-07-08,1350.0465087890625,1425.0157915601612,1333.275696264327,1404.0523368331817,163834
2026-07-09,1401.5567626953125,1415.9317282227391,1358.5317895795906,1358.5317895795906,156055
2026-07-10,1444.48193359375,1449.4732326040946,1401.5567621047858,1413.4360781209832,179363
2026-07-13,1434.0999755859375,1442.4853821095699,1403.7528539021596,1417.5288876094044,125427
2026-07-14,1422.5,1438.0,1406.0,1434.0,104200
2026-07-15,1426.5999755859375,1445.9000244140625,1415.5,1422.800048828125,80740
2026-07-16,1456.5999755859375,1464.5,1407.0,1435.0,243677
2026-07-17,1448.5999755859375,1465.0,1412.0,1460.0,155791
2026-07-20,1441.800048828125,1456.5,1419.199951171875,1431.699951171875,81565
2026-07-21,1445.300048828125,1449.9000244140625,1435.0999755859375,1446.9000244140625,65296
2026-07-22,1408.5999755859375,1450.699951171875,1398.199951171875,1446.0,87321
2026-07-23,1398.0999755859375,1412.699951171875,1378.0,1403.0999755859375,153424
2026-07-24,1374.199951171875,1394.5,1359.0999755859375,1390.0999755859375,113460
2026-07-27,1400.199951171875,1430.0,1380.5999755859375,1380.5999755859375,93552
2026-07-28,1391.699951171875,1424.0,1387.699951171875,1401.0,69114
2026-07-29,1405.5999755859375,1413.800048828125,1395.5,1398.5999755859375,56974
2026-07-30,1378.0999755859375,1407.4000244140625,1364.9000244140625,1405.0,74591
2026-07-31,1418.0999755859375,1471.199951171875,1372.0999755859375,1378.0999755859375,267520
2026-08-03,1432.0999755859375,1449.5,1415.0999755859375,1446.9000244140625,98610
2026-08-04,1424.0999755859375,1437.5999755859375,1412.0,1428.0,65477
2026-08-05,1421.199951171875,1458.800048828125,1411.699951171875,1424.5999755859375,96361
2026-08-06,1390.800048828125,1428.9000244140625,1384.0999755859375,1428.9000244140625,98585
2026-08-07,1382.800048828125,1411.0,1378.0,1400.0,265738
2026-08-10,1393.199951171875,1407.800048828125,1368.0,1386.0999755859375,70340
2026-08-11,1400.800048828125,1405.0,1380.199951171875,1391.0,52419
2026-08-12,1375.4000244140625,1419.4000244140625,1371.0999755859375,1419.300048828125,52933
2026-08-13,1393.800048828125,1449.0,1372.5999755859375,1375.5999755859375,650510
2026-08-14,1402.9000244140625,1427.9000244140625,1381.199951171875,1401.0,201919
2026-08-17,1402.0999755859375,1443.800048828125,1378.699951171875,1414.9000244140625,174072
2026-08-18,1390.800048828125,1401.5999755859375,1378.699951171875,1400.0,89905
2026-08-19,1395.0999755859375,1400.0,1377.5999755859375,1377.5999755859375,60733
2026-08-20,1445.5,1460.0,1390.4000244140625,1399.0999755859375,524278
2026-08-21,1406.300048828125,1465.0,1386.5,1459.9000244140625,399297
2026-08-24,1429.800048828125,1486.0,1411.199951171875,1417.9000244140625,963156
2026-08-25,1408.0,1434.4000244140625,1401.0999755859375,1425.0,118346
2026-08-26,1392.300048828125,1431.5,1385.5999755859375,1413.800048828125,120050
2026-08-27,1393.4000244140625,1404.9000244140625,1380.0,1400.0,111296
2026-08-28,1387.0,1406.199951171875,1380.0,1382.0,81323
