Date,Close,High,Low,Open,Volume
2017-09-01,1195.9122314453125,1207.6617804063417,1188.430956234426,1194.137833182155,582556
2017-09-04,1192.5074462890625,1213.3208882099896,1171.1184225331203,1198.3582192503186,575724
2017-09-05,1221.7613525390625,1230.0099923576465,1193.2267326264034,1195.1929134964191,807491
2017-09-06,1213.12890625,1227.3722126580753,1206.7984437723235,1213.3206887745696,394360
2017-09-07,1249.8643798828125,1263.9639104417147,1214.280051091359,1214.280051091359,1224101
2017-09-08,1237.4432373046875,1256.3863861434181,1223.2478181770089,1251.6865435211903,707341
2017-09-11,1252.3582763671875,1279.9817586820257,1246.891184928163,1256.4826555814566,1218914
2017-09-12,1266.9371337890625,1273.74705320201,1241.567628631522,1246.8909406344976,828715
2017-09-13,1236.34033203125,1276.6245011121753,1227.7080100853375,1264.05970036313,770855
2017-09-14,1238.642333984375,1250.9193440930899,1222.384723728068,1243.1982817737482,898093
2017-09-15,1235.5250244140625,1245.59606622633,1222.9122200610755,1233.462835292975,408293
2017-09-18,1260.319091796875,1269.6227703748136,1230.6814276370328,1238.3546032339698,708650
2017-09-19,1244.87646484375,1263.196142506718,1236.627827041314,1263.196142506718,464644
2017-09-20,1245.404541015625,1255.2357990736573,1239.2180888758776,1244.972971641555,281371
2017-09-21,1224.063232421875,1246.4114021251828,1201.0437067189089,1245.8838244944782,551477
2017-09-22,1198.0224609375,1233.271108884602,1193.2267265229284,1212.3616600037255,570362
2017-09-25,1189.3900146484375,1197.8304360856778,1156.7310198661417,1197.8304360856778,517472
2017-09-26,1206.366943359375,1213.3207579802101,1175.0987796533939,1175.0987796533939,384614
2017-09-27,1169.727783203125,1217.061664743072,1159.8485221640362,1208.477228751167,468284
2017-09-28,1168.1451416015625,1188.3831196576698,1153.949719327589,1169.0083973085452,534402
2017-09-29,1172.50927734375,1195.0972374532046,1168.4329023363855,1174.9551491815214,394413
2017-10-03,1178.40771484375,1189.2940074202888,1167.3775268330103,1189.2940074202888,317436
2017-10-04,1186.5128173828125,1197.9745769502288,1175.4346229403566,1180.5660358620999,257765
2017-10-05,1223.6317138671875,1231.5446761555702,1187.423916729436,1190.3013575615753,728561
2017-10-06,1235.2373046875,1241.9034458544122,1227.5641295313612,1235.3812001383499,565437
2017-10-09,1231.544677734375,1249.480678777689,1225.789796062719,1235.621052251798,507308
2017-10-10,1236.34033203125,1246.7470522938172,1227.7560142628254,1231.5445976168542,454422
2017-10-11,1224.2552490234375,1263.724171322687,1217.157537836871,1234.422183763635,810193
2017-10-12,1237.491455078125,1243.0545547025836,1226.1735903393476,1227.708202175391,636005
2017-10-13,1237.0115966796875,1245.0684533176568,1230.58535987223,1239.2176811807647,309042
2017-10-16,1235.7169189453125,1248.5695111729847,1231.017075590289,1237.2995347902056,229432
2017-10-17,1252.7896728515625,1263.1963926851834,1230.585400011458,1236.675959050027,451225
2017-10-18,1287.8465576171875,1293.889230210599,1258.688584124206,1261.853698796124,1100696
2017-10-19,1265.402587890625,1292.5463756804156,1252.6458869254957,1290.052617086364,146358
2017-10-23,1273.8428955078125,1278.254947557637,1252.6937779238633,1273.5072175302937,363858
2017-10-24,1279.4537353515625,1288.134060102942,1265.0665343824305,1273.8427503902694,372398
2017-10-25,1310.24267578125,1313.8873637684874,1263.2444774587527,1280.940691014185,891141
2017-10-26,1294.32080078125,1314.0313173752254,1288.9496012947839,1314.0313173752254,547685
2017-10-27,1293.6494140625,1327.459343141798,1288.3261017996476,1294.8483477177942,534795
2017-10-30,1296.2869873046875,1305.0152003545145,1292.9779774556766,1296.8145649134783,215252
2017-10-31,1304.0560302734375,1315.4218969981519,1290.1005138941546,1295.8073908026895,464224
2017-11-01,1307.0294189453125,1324.581853849215,1300.1236081771258,1304.05608700577,378454
2017-11-02,1311.1536865234375,1327.5550735234103,1299.7398160916769,1305.3988056754927,436907
2017-11-03,1354.12353515625,1360.070198641369,1305.0151474376642,1311.8250664824561,898925
2017-11-06,1315.3260498046875,1354.219502602319,1307.0294058802206,1354.219502602319,1231364
2017-11-07,1278.015380859375,1328.3705986565667,1268.9514884892303,1315.9496917666092,608775
2017-11-08,1268.9031982421875,1290.0524317824434,1255.5231473629876,1277.5835235198622,368535
2017-11-09,1286.216064453125,1290.052652266557,1268.280063258677,1278.5428888262607,219435
2017-11-10,1290.3883056640625,1306.358125549457,1273.9389123111387,1281.4203052379403,388655
2017-11-13,1263.2445068359375,1297.390114014984,1256.7702650797266,1291.0117635347847,250905
2017-11-14,1242.047119140625,1266.0737936488933,1235.620882324384,1257.44147232856,467553
2017-11-15,1208.90869140625,1238.354452338126,1197.5428248549133,1234.517865007153,505334
2017-11-16,1239.6014404296875,1246.6031423432403,1209.8678874063175,1214.2799395995653,368701
2017-11-17,1261.517822265625,1280.4609714690055,1253.700752468826,1257.4414483864166,580800
2017-11-20,1266.02587890625,1272.0205469132748,1247.226623452892,1247.226623452892,343454
2017-11-21,1283.38671875,1291.1077820218372,1266.9373239171814,1267.5127887133158,576162
2017-11-22,1274.130615234375,1289.5728550880042,1266.793118897346,1286.2158413335915,262860
2017-11-23,1272.452392578125,1282.4754319074686,1250.20011189992,1275.9533025492335,298665
2017-11-24,1279.31005859375,1289.381100071846,1273.6030648394853,1280.460987929335,248861
2017-11-27,1298.25341796875,1304.4398690437347,1269.910578392577,1271.8288723176413,614858
2017-11-28,1299.8359375,1309.8590936681776,1290.9638279552219,1302.5215958712274,481109
2017-11-29,1294.3687744140625,1307.6529358996754,1287.4629633920683,1299.8358650495272,267800
2017-11-30,1258.3046875,1296.7184458928282,1251.7345554559097,1285.2566886741847,455662
2017-12-01,1244.2532958984375,1275.473573821775,1236.3403341014346,1262.2372999825352,431283
2017-12-04,1236.2445068359375,1256.4824837297201,1222.288872110784,1245.931867454127,418825
2017-12-05,1240.4168701171875,1252.0225255162234,1221.2819341097584,1240.1290791809686,655759
2017-12-06,1213.8963623046875,1246.795149680262,1210.6352392424285,1244.972747049879,370319
2017-12-07,1234.61376953125,1240.1768680542398,1217.1573438212145,1217.1573438212145,279476
2017-12-08,1266.7452392578125,1269.6226799016176,1238.5464146152096,1238.5464146152096,514148
2017-12-11,1312.0172119140625,1327.4594552821,1268.711701209825,1268.711701209825,1248882
2017-12-12,1328.6103515625,1337.9141475304264,1305.5429369140102,1314.990511262423,957706
2017-12-13,1272.4041748046875,1337.05069525145,1255.9068959864333,1334.1732547308227,1862425
2017-12-14,1264.9708251953125,1281.6600041382749,1242.286978319056,1273.6990382895171,641552
2017-12-15,1276.4805908203125,1287.0792105862317,1259.9353072830334,1275.6653393960169,419546
2017-12-18,1279.5018310546875,1294.1768239263606,1221.3775583979586,1266.0737758562125,624500
2017-12-19,1300.6031494140625,1303.2888074703844,1277.8714155386199,1282.2834677025564,661315
2017-12-20,1329.041748046875,1342.8054808084928,1287.2229722040797,1287.2229722040797,659168
2017-12-21,1334.2213134765625,1345.6830718525114,1311.8731443522968,1339.2568345936158,854218
2017-12-22,1367.35986328125,1375.4167210471537,1331.2959615156549,1331.2959615156549,1085072
2017-12-26,1374.5054931640625,1381.1715171949581,1348.560523038966,1366.7363097131527,642888
2017-12-27,1372.2994384765625,1385.0081350062248,1361.9886092166478,1373.4983721114363,372925
2017-12-28,1364.8179931640625,1384.4805040182364,1362.0844479985685,1366.8801823532451,503626
2017-12-29,1378.677734375,1390.6670702501767,1367.7434366401671,1367.7434366401671,368882
2018-01-01,1359.1590576171875,1386.9263114169873,1352.3970256555685,1368.4627350028954,459843
2018-01-02,1349.087890625,1369.181967944687,1335.9475100696764,1361.988367412578,349581
2018-01-03,1351.7735595703125,1365.8250840270082,1341.2229444549353,1356.2336157403017,436771
2018-01-04,1378.05419921875,1381.9866777800137,1351.6296573873394,1355.2744621514487,543466
2018-01-05,1376.3758544921875,1395.0312155820975,1367.6476407828127,1379.7328687714366,592765
2018-01-08,1377.2869873046875,1386.3988831397176,1372.0596833695165,1376.3758445545307,278811
2018-01-09,1390.1875,1411.0968315641953,1369.8056289655058,1377.3349084956944,728822
2018-01-10,1379.8287353515625,1400.9299675863056,1372.5392421780514,1395.5587682523164,412221
2018-01-11,1377.6226806640625,1399.8268367872406,1373.8339803203135,1381.1714772096611,347963
2018-01-12,1372.2994384765625,1387.6937931816872,1347.5534014194218,1379.2532535588305,420805
2018-01-15,1368.606689453125,1384.3367215059993,1361.9885526468315,1371.5800213274429,725302
2018-01-16,1359.7347412109375,1391.146804842837,1347.2658304562904,1368.6068507863595,609673
2018-01-17,1358.583740234375,1370.5251908006792,1337.8183010619239,1362.8520146938333,402964
2018-01-18,1327.3634033203125,1376.6155726618254,1314.2230206888526,1364.8660232696584,423433
2018-01-19,1351.8216552734375,1357.5285324570846,1321.7044193973481,1341.8465041632005,514662
2018-01-22,1357.9603271484375,1363.9069915299174,1336.9069809039838,1348.752422568459,404414
2018-01-23,1366.6883544921875,1380.0205189727574,1357.2886686353772,1366.496454874349,522845
2018-01-24,1363.37939453125,1385.2959961547363,1355.1307541217352,1370.3332099661181,500559
2018-01-25,1341.70263671875,1371.6280906741154,1330.432660483563,1369.565901393132,867473
2018-01-29,1349.8074951171875,1380.2124053723078,1342.8056758312932,1360.9335758716884,1228914
2018-01-30,1340.503662109375,1350.5268173005381,1329.7612638383316,1345.2993965309765,490491
2018-01-31,1331.53564453125,1347.7931371719242,1320.3615600601652,1333.214151556591,428050
2018-02-01,1326.595947265625,1340.695475811515,1282.0436241776351,1340.695475811515,791779
2018-02-02,1240.656494140625,1312.9761925926298,1214.2799548372873,1309.2354963293028,1072610
2018-02-05,1196.0081787109375,1226.7008794747348,1139.0828336797547,1179.9424681548874,1448322
2018-02-06,1210.0596923828125,1229.6263123453864,1105.0811121598365,1141.384798510928,1135785
2018-02-07,1174.5234375,1245.7879852129313,1163.397239279198,1227.8039800069373,667171
2018-02-08,1216.677734375,1222.4806194369323,1166.6103174839614,1172.0774074940875,562983
2018-02-09,1210.7791748046875,1217.1575256806025,1170.1593233493577,1170.1593233493577,546864
2018-02-12,1228.235595703125,1232.4557483485892,1204.160915119384,1214.2799616330035,454445
2018-02-14,1223.10400390625,1246.7950011114604,1216.1981934894936,1222.9122213715336,559095
2018-02-15,1199.0775146484375,1236.3403481164223,1184.7381983128191,1235.3812012210644,583978
2018-02-16,1146.995849609375,1212.889314914703,1134.9106215311886,1203.7294147658074,967047
2018-02-19,1138.41162109375,1150.7846410645025,1126.6140659181399,1141.384953438132,663905
2018-02-20,1148.0987548828125,1162.725744032322,1131.841262956535,1131.841262956535,690785
2018-02-21,1123.4007568359375,1158.745295117797,1114.5286484041487,1155.8199674524644,720044
2018-02-22,1102.0596923828125,1125.0792159834978,1098.271109290207,1117.1182505715867,712359
2018-02-23,1145.892822265625,1149.9213097335382,1104.0261512749414,1111.6513227468897,583553
2018-02-26,1169.6317138671875,1177.1131069906367,1147.8591247024194,1154.8129401643728,509724
2018-02-27,1160.4720458984375,1176.873437131268,1156.7313489652072,1176.873437131268,252158
2018-02-28,1170.3988037109375,1175.8180061818707,1140.1856815499914,1152.894375792294,322842
2018-03-01,1173.0845947265625,1188.8625134815802,1165.363415796789,1165.363415796789,466853
2018-03-05,1159.0330810546875,1171.1183079907462,1149.057930362747,1165.3634268703986,597752
2018-03-06,1131.313720703125,1173.8998646786931,1122.2018255384962,1164.404287353619,479926
2018-03-07,1117.74169921875,1135.581806270196,1110.7878849233823,1126.901597985988,416527
2018-03-08,1123.44873046875,1130.8341142372976,1088.1520802393675,1122.2017927545703,433691
2018-03-09,1087.96044921875,1131.2179539230156,1081.3901988418893,1127.9568308253838,500864
2018-03-12,1137.7879638671875,1141.3847645959563,1100.141449572741,1100.141449572741,709577
2018-03-13,1164.9798583984375,1170.1592753288617,1124.839582083543,1149.6335072465836,813347
2018-03-14,1160.6158447265625,1171.070453094522,1155.916001129171,1162.5820257766356,423896
2018-03-15,1148.1468505859375,1177.6885050387978,1145.221405689483,1160.375973636642,470639
2018-03-16,1135.533935546875,1157.929990218084,1123.592487472706,1150.9761758224897,513059
2018-03-19,1112.9942626953125,1147.4276652830529,1097.9355837270193,1140.4258449692336,517004
2018-03-20,1107.814697265625,1119.8040338161188,1091.2694128259436,1103.4985361074473,293994
2018-03-21,1107.3353271484375,1128.9161369023047,1101.5324403590432,1117.4063717002423,372541
2018-03-22,1102.9232177734375,1116.782845832211,1091.5093444455993,1115.4880207295535,310217
2018-03-23,1080.6708984375,1096.0172507267816,1070.456076361648,1088.0564007267426,461057
2018-03-26,1097.35986328125,1102.9229617209612,1057.9869562137637,1081.9176227561004,696222
2018-03-27,1108.006591796875,1123.1611615616293,1093.6193864822512,1102.059927100181,538204
2018-03-28,1095.9212646484375,1107.814710060566,1080.5749136865595,1102.059828449862,555849
2018-04-02,1133.2320556640625,1139.46651047728,1097.2640471262696,1100.0934836312315,312227
2018-04-03,1149.9691162109375,1154.1414988465092,1115.056263103522,1126.0384481537901,411792
2018-04-04,1118.413330078125,1167.2818195693972,1112.8502310233303,1152.8946155484102,544943
2018-04-05,1152.2232666015625,1161.5269450922412,1131.745385752607,1131.7933899329848,410178
2018-04-06,1165.6993408203125,1175.242924193439,1141.3849865816564,1155.5324055329838,475683
2018-04-09,1154.333251953125,1178.7914970090492,1146.5161815872073,1169.2000283596672,491969
2018-04-10,1160.999267578125,1172.0294564465062,1150.0170828859925,1161.5268451834338,390850
2018-04-11,1160.040283203125,1165.8431693408859,1139.7064137962218,1162.006581371027,496036
2018-04-12,1151.6956787109375,1164.5482710176598,1144.4540725402874,1161.526934764893,334040
2018-04-13,1167.1378173828125,1173.0365939086726,1150.592534271672,1162.1981877039748,544038
2018-04-16,1178.2161865234375,1184.5465332439371,1157.1628398323576,1163.4452994533567,599643
2018-04-17,1178.3118896484375,1192.219518789587,1166.993910134712,1179.7506099044185,497803
2018-04-18,1171.7896728515625,1189.3421072352317,1167.2817294397394,1174.954904325128,423982
2018-04-19,1188.4791259765625,1191.260675931243,1170.1594401256978,1184.5466463567514,462967
2018-04-20,1175.770263671875,1188.3830694642181,1160.615812132118,1177.8804572090799,586310
2018-04-23,1189.294189453125,1194.1379282847347,1163.4452265135608,1163.4452265135608,457842
2018-04-24,1175.051025390625,1200.852104405143,1167.5697486643269,1187.9036192538097,566893
2018-04-25,1181.5252685546875,1199.3174931418803,1165.507559674339,1176.8734287850493,731768
2018-04-26,1170.68701171875,1185.4577830385126,1163.541295744746,1177.3530370708486,431178
2018-04-27,1198.6937255859375,1206.1271133621256,1177.2568178028912,1187.2798551322817,644189
2018-04-30,1210.9708251953125,1213.3206879948486,1199.3171682931588,1206.6066604723474,551880
2018-05-02,1097.1680908203125,1221.9530709609576,1086.905149409168,1209.9637354923454,2259551
2018-05-03,1039.571533203125,1103.0191355932757,1014.2980312085992,1102.059988518847,2096852
2018-05-04,1067.7701416015625,1085.9459260580059,1029.9797354504656,1038.7559518118053,1524539
2018-05-07,1056.3564453125,1071.0793272347228,1040.866199014839,1071.0793272347228,454181
2018-05-08,1066.906982421875,1082.6850184614732,1056.979835873671,1056.979835873671,442580
2018-05-09,1055.781005859375,1074.2445846581877,1052.1842047946714,1064.5572238739258,282766
2018-05-10,1030.123779296875,1057.411461998908,1026.3351958432345,1056.0207458155116,492435
2018-05-11,1062.9744873046875,1072.5659557216034,1019.1894105647963,1040.2906410820108,765459
2018-05-14,1034.871337890625,1059.713262103763,1031.1786463240346,1051.2728409634628,368905
2018-05-15,1036.5023193359375,1059.8575274055272,1025.3282323950305,1043.5520269839037,546668
2018-05-16,1019.8129272460938,1034.9194907110605,1008.0633778844528,1030.1237562777378,473521
2018-05-17,1026.95849609375,1038.708045127893,1007.583776356506,1025.7595625188374,455851
2018-05-18,1022.6424560546875,1042.5927599318093,1015.4009666566095,1025.3281144131593,565883
2018-05-21,965.8130493164062,993.6762569759768,888.7935596394432,959.1469661930278,5708881
2018-05-22,957.0367431640625,973.5820268096317,947.6371154679591,968.7383467840473,1104426
2018-05-23,898.0972290039062,968.6904801038778,890.2322707965651,954.351221400627,1641049
2018-05-24,911.6211547851562,915.9852613376438,879.5376802582401,894.4044567511548,1542535
2018-05-25,911.717041015625,932.0030206314568,905.4346407568449,912.9159745971357,1038564
2018-05-28,912.2926025390625,929.3174601108676,904.043904027151,914.2588419869065,915333
2018-05-29,911.8130493164062,922.6513978801646,896.9462719520284,905.4346988369518,540875
2018-05-30,924.6176147460938,932.7703634238343,900.1593687128724,900.1593687128724,818515
2018-05-31,908.4559936523438,930.3724765122754,904.8111886635909,924.6175952142613,1060932
2018-06-01,875.9889526367188,918.3353165503107,868.411726381762,910.1346213220993,957838
2018-06-04,887.4027099609375,892.5820680163922,855.6069672975365,876.0367842454698,1164555
2018-06-05,864.5748901367188,890.8554755443647,846.2072067492395,890.8554755443647,721896
2018-06-06,868.0759887695312,880.4969542441671,853.6887836348226,857.8611082489007,650970
2018-06-07,883.0864868164062,898.5287271656097,868.0278700692999,869.5145359284867,702907
2018-06-08,905.2427978515625,908.2641338875534,875.5571907248342,880.4968204873771,725200
2018-06-11,892.7259521484375,912.1486763289435,888.1700045011584,909.2712357096092,640043
2018-06-12,895.4595947265625,902.4614144952641,887.2588997777395,895.7473856531448,450462
2018-06-13,892.869873046875,910.6620363419122,889.3210178068687,898.7206457229561,533795
2018-06-14,883.9977416992188,893.4453150113302,878.0989649950325,889.1291540692465,458442
2018-06-15,876.2764892578125,891.047373330335,868.5074236282221,885.2924925553275,362312
2018-06-18,881.26416015625,887.2108826455618,866.1096508420998,872.9195704165447,393844
2018-06-19,860.2589721679688,884.3335385758646,854.8397681732531,878.5786565460867,587187
2018-06-20,862.4168701171875,877.4754280696989,858.6761741740959,863.1362302184225,571198
2018-06-21,861.4578247070312,874.7419860566798,858.6762752382047,865.2464081861024,477862
2018-06-22,872.0084228515625,878.5306100280718,854.6478289301273,862.2251128159581,631966
2018-06-25,840.1168212890625,880.4968837160103,833.450738402266,875.6532034169767,804666
2018-06-26,866.733154296875,870.8095287850517,835.512874618787,835.512874618787,1054462
2018-06-27,857.0457153320312,865.6300919410573,835.6567508073641,865.6300919410573,747628
2018-06-28,858.484375,864.8147793247999,838.4382409923278,845.0083734875634,797039
2018-06-29,852.3938598632812,869.4666629373892,847.2623888345606,862.2730612032133,665452
2018-07-02,823.1397705078125,855.5589196564138,813.5483027986598,850.1877211559574,749965
2018-07-03,837.9107666015625,841.8912499296098,817.4809479214053,825.8255382391272,629559
2018-07-04,836.6159057617188,848.4613468748906,827.83968797678,834.3139297238613,620570
2018-07-05,835.3690795898438,845.9676420821962,824.9622996614399,837.3353192038064,514244
2018-07-06,881.31201171875,896.7063646563761,830.5731812414654,836.2801163965606,1957649
2018-07-09,879.393798828125,891.9107125211458,873.9746540483688,885.2925755924608,636905
2018-07-10,897.23388671875,909.2232217314499,881.4559101337019,881.9354835342099,906858
2018-07-11,878.38671875,898.7206447253341,872.3441049922,893.4453367787073,358810
2018-07-12,863.615966796875,898.3850449260757,859.5875377604649,878.5786363130429,825211
2018-07-13,856.7100219726562,868.5075171230876,851.3387642127617,860.9302332036297,475565
2018-07-16,812.2535400390625,853.6407527609427,808.1292200205763,853.6407527609427,608292
2018-07-17,842.4187622070312,845.8717263837274,811.342435866873,812.2056330047835,777830
2018-07-18,827.9356079101562,843.8574228819806,812.6851489285989,840.116785132583,660644
2018-07-19,851.9141845703125,861.6494892950594,816.2339125259435,824.8662335749841,829354
2018-07-20,845.73046875,863.4122435359119,834.812218885615,845.6338705547096,460141
2018-07-23,852.9288330078125,859.5957599647219,830.271011942095,844.474426563385,389494
2018-07-24,882.4468383789062,900.9016365333832,850.2717925684133,853.7018544824173,1099714
2018-07-25,874.2822265625,896.5052378389453,865.7312218997803,884.0893616498872,537983
2018-07-26,888.6788940429688,907.2785882102177,872.7845981417588,875.2968000106415,771309
2018-07-27,910.1289672851562,927.3759332977475,889.8866903835175,895.2974870614745,1018561
2018-07-30,905.6360473632812,926.2164773269388,895.0076502111024,909.2110654727574,1637534
2018-07-31,885.1038818359375,914.0421192888352,882.1569290810852,910.1772477485019,881031
2018-08-01,877.8089599609375,893.6065989972375,871.4802445263721,884.8623388186958,728488
2018-08-02,872.446533203125,891.0945283448289,865.7313064754314,878.96850454097,781550
2018-08-03,880.5142211914062,887.809153387807,870.5621901903181,875.3932789261135,716247
2018-08-06,889.0654296875,901.4330070881497,880.8042194135921,895.7805969547778,1222218
2018-08-07,873.0261840820312,903.4137492609143,868.388349891173,892.7370531097557,1131004
2018-08-08,873.5575561523438,883.1231366926951,866.9389873058212,877.0359758821346,445559
2018-08-09,878.1470947265625,882.446776077803,867.6636543408129,878.6785617380066,485292
2018-08-10,870.1758422851562,879.3066134985447,857.5184110188588,879.2583143968017,961785
2018-08-13,874.620361328125,879.8862601145538,859.9338390242951,870.1757240795525,537392
2018-08-14,881.9636840820312,889.9349817277177,865.2481262681529,874.427196284398,644082
2018-08-16,880.7559204101562,897.471478389124,874.4272049205766,879.499848927022,649010
2018-08-17,889.1619262695312,896.2153043817183,880.2244116615517,886.9879362297524,907477
2018-08-20,896.4569091796875,902.3991725447958,889.0170199421577,891.8190752956616,570686
2018-08-21,903.5103149414062,917.906984925863,898.5826273484763,898.5826273484763,996922
2018-08-23,892.1572875976562,912.206309319787,882.881619209493,910.2738734911478,598799
2018-08-24,892.9785766601562,903.3171197727705,882.640033547542,892.302212349376,317970
2018-08-27,899.6937866210938,903.4137018039243,891.0461249535596,895.5873607038031,391273
2018-08-28,897.1332397460938,904.86298225333,889.5967525961896,898.5825664662005,324903
2018-08-29,927.7623291015625,943.8981779083205,893.7514512694162,897.6163224100407,1902665
2018-08-30,928.2938232421875,937.2313385843579,923.221179399334,934.7191956991055,835022
2018-08-31,945.1058959960938,954.6231170453532,922.9794863943052,927.5690206108695,1120738
2018-09-03,936.3134765625,958.5364890306023,924.718861361751,952.6908823282105,1642186
2018-09-04,903.1238403320312,939.1637545076849,899.5488224759821,936.2651009443896,855526
2018-09-05,895.5389404296875,910.9018269718962,880.3210101461475,899.5487678714775,658615
2018-09-06,901.7227783203125,912.0130216675695,887.3261092480501,901.9643327747245,1054789
2018-09-07,906.5538940429688,912.1096466576739,892.4954361778013,901.3846521559808,407580
2018-09-10,896.0704956054688,910.1289541233413,891.1910480778403,904.8630548233107,404915
2018-09-11,876.214599609375,899.3555280116329,873.557500625203,896.070422833337,571146
2018-09-12,882.4951171875,887.954272046733,863.7022257466222,874.9586291758798,597215
2018-09-14,899.9835205078125,904.8629082719165,887.1811355269231,887.1811355269231,637684
2018-09-17,894.7659912109375,909.2109592659779,890.3697119698178,892.9785118516294,485205
2018-09-18,873.6058349609375,900.7565311632005,864.7649186281195,894.7659690942544,495483
2018-09-19,867.7601928710938,880.6109369419406,862.8325056220169,878.0021370563832,511026
2018-09-21,853.8950805664062,882.7850197528089,813.6037818018879,878.2437837673085,737618
2018-09-24,837.8557739257812,855.1027377590782,825.2949427496592,855.1027377590782,330323
2018-09-25,835.2469482421875,849.9817689730857,808.2411502554975,833.8459207059108,618748
2018-09-26,847.1798706054688,856.5038972344192,832.6383025300005,840.7545567444892,357358
2018-09-27,821.6234130859375,863.6055949558995,813.942027535004,850.1752007875724,887062
2018-09-28,793.7963256835938,835.4886527993867,784.5689562806109,831.8170364735141,815817
2018-10-01,807.854736328125,810.6567917363025,747.8526302787819,785.5351271532942,922020
2018-10-03,777.998779296875,805.5359934968418,772.9744336832798,805.5359934968418,509379
2018-10-04,771.138427734375,779.2063820113907,751.1377658008386,753.6982076703714,649525
2018-10-05,737.803955078125,773.5540169045981,728.9147976944746,765.244566663965,614859
2018-10-08,722.5377807617188,739.0117852322252,702.8752688087376,725.7262882441935,844446
2018-10-09,713.406982421875,734.4222223226581,697.1745330517847,724.6634448545877,635939
2018-10-10,741.2340087890625,748.6255395744095,715.0011719322465,717.7065699773393,829828
2018-10-11,717.2235107421875,737.9005966813337,700.5079534409382,711.3296053439188,501015
2018-10-12,785.0037231445312,795.1973099156265,720.3154247170105,722.1512622660221,1623158
2018-10-15,789.013427734375,800.704698436741,772.9742359281672,785.5350672619999,870964
2018-10-16,800.1734008789062,811.1399507753672,781.9118584454626,787.4676115329652,632478
2018-10-17,756.8385009765625,812.5892879364125,752.2972648616945,808.724416174527,684279
2018-10-19,740.1712036132812,771.428387771399,732.3931613853057,748.8188655324695,535815
2018-10-22,723.890380859375,747.5144176455267,719.0109928091555,746.113390053834,463049
2018-10-23,710.4600830078125,731.1371717797285,693.7928225218305,718.8661913953958,567320
2018-10-24,744.2293701171875,751.1861510969667,708.9624152203652,716.0640935075434,649211
2018-10-25,750.5580444335938,762.8290234194129,725.1465257457497,725.1465257457497,676192
2018-10-26,745.1472778320312,761.9111352927115,727.0306916829119,747.8526762356473,736453
2018-10-29,777.5155029296875,793.5546953871622,741.0890787878375,750.1715500180861,1872945
2018-10-30,784.2789916992188,798.0958942973675,773.070829954674,784.4722470518108,908281
2018-10-31,794.9557495117188,799.4003281074703,764.2783322561769,786.5013431814514,725512
2018-11-01,808.5794067382812,817.2270685316568,796.1152315095512,797.1297484856995,799236
2018-11-02,823.410888671875,842.3970346193411,812.5892366272526,812.5892366272526,876522
2018-11-05,846.2619018554688,853.4602368156895,816.6473593837613,821.28519338706,835539
2018-11-06,833.5078735351562,854.1366015790109,829.0149368266871,851.2379479537427,445939
2018-11-07,837.8074340820312,841.0925982042388,832.8797468719746,839.6432714985451,78610
2018-11-09,862.6392822265625,864.7649732851551,833.16963788556,839.4500538926588,604433
2018-11-12,853.7984008789062,871.8666269479853,845.4405931402745,863.991987092975,501991
2018-11-13,860.46533203125,864.3785026996769,843.7497742922565,847.0832378147163,448870
2018-11-14,863.3638916015625,876.8426415220899,841.3824369518352,864.6199629297533,964752
2018-11-15,875.2484741210938,878.147127864132,852.2042004532443,862.7359993089211,467164
2018-11-16,870.900390625,885.0555049872972,861.86627778239,875.8764358853548,385842
2018-11-19,879.596435546875,883.6062633932397,867.6636681543239,870.7555772074323,286345
2018-11-20,868.1467895507812,895.4424454270301,864.3785161236939,876.359641761334,656186
2018-11-21,883.6544799804688,888.9203788017168,861.5281276746831,865.0064881763445,440847
2018-11-22,866.1659545898438,887.8091978255715,863.8953073864159,885.0072016025118,301900
2018-11-26,870.4656982421875,873.4609500346401,854.1365927329888,866.1177178493159,400835
2018-11-27,877.5191040039062,880.417757688808,866.31094103833,868.6298875755555,320539
2018-11-28,864.8133544921875,883.9928159649602,859.4991558277803,878.2921065356546,262012
2018-11-29,863.9437866210938,876.842772411059,860.9001765490397,870.0792468938387,311638
2018-11-30,889.88671875,895.4424718800897,865.586314078651,868.2434134017374,636019
2018-12-03,877.6639404296875,899.0173898113509,874.6203896555966,894.2345997683439,617997
2018-12-04,879.0166625976562,886.9879596203886,874.5720842106472,877.5190367698547,294939
2018-12-05,874.0889892578125,881.1906667658,864.3784528237288,872.1565535850805,350509
2018-12-06,824.52197265625,867.5670247364076,821.285166471811,866.1176979720456,701733
2018-12-07,842.0589599609375,846.2136854328733,818.6281742133153,826.1163634728647,583954
2018-12-10,821.8165893554688,835.7784492326779,816.4540920249859,821.2851813269089,244174
2018-12-11,856.4072265625,862.6393439175733,808.3862432987956,811.6230497292445,539575
2018-12-12,878.871826171875,883.1232087529892,850.4650537469297,859.4025698092547,397308
2018-12-13,881.8187255859375,896.9399992320034,873.4609177723751,880.2244425781346,437266
2018-12-14,894.4279174804688,915.0083468558587,881.1907205201089,881.1907205201089,1251706
2018-12-17,902.350830078125,905.3460816790098,884.379143553052,894.7176858428635,452917
2018-12-18,900.8532104492188,906.0225114545674,889.210296872321,899.5488399097595,330193
2018-12-19,908.196533203125,921.6752847963285,899.5488711434525,906.3123964903958,806346
2018-12-20,910.2255249023438,915.9745329746315,897.906247164552,899.5488293242425,434729
2018-12-21,882.3018188476562,920.6606188154757,873.6541576333454,910.1771791418383,630706
2018-12-24,866.1659545898438,878.1953779387364,863.4605565570346,877.3257583334655,405578
2018-12-26,866.3109130859375,876.3596024586699,842.8801298889995,866.6974238207573,734872
2018-12-27,866.3109130859375,885.7802266306346,861.1416711039576,873.702503333244,713739
2018-12-28,887.8576049804688,897.1332727409919,869.5960640461957,869.5960640461957,554673
2018-12-31,891.7706909179688,903.7034566316346,884.6206559244614,893.3649148336043,675580
2019-01-01,891.2393798828125,895.6839584606278,878.5335914027247,893.7515227357936,315496
2019-01-02,875.0068969726562,892.7370306255078,870.2724646989778,892.7370306255078,324587
2019-01-03,867.80859375,888.4373214527203,863.7987660453855,874.4271624956083,456198
2019-01-04,877.6639404296875,881.1906590910098,854.6196688223664,873.0744057469218,522486
2019-01-07,874.5721435546875,887.6160850224361,870.562315736409,884.0893661474076,360208
2019-01-08,874.8619384765625,881.1906534142174,867.3737503581851,877.1325267683166,339243
2019-01-09,866.359375,881.867161777969,854.2332921773748,879.4516168289624,355954
2019-01-10,860.4169921875,870.5622795743262,855.1027940324958,868.5815447839307,303127
2019-01-11,863.5089111328125,868.4365986172753,851.2379325466261,863.7987646954413,434729
2019-01-14,855.5859375,859.837319784956,845.6339050752842,859.837319784956,332022
2019-01-15,862.1078491210938,869.5960372193716,857.5183144802137,857.5183144802137,273714
2019-01-16,871.7217407226562,878.2920101923703,861.0450454627138,865.7311783634365,509583
2019-01-17,863.7505493164062,873.9924360103723,849.5954327412585,873.4610279318365,395449
2019-01-18,852.3490600585938,867.1804797723623,847.8561236771565,864.7649352604616,214695
2019-01-21,855.6824951171875,860.8517959427402,846.0203167216761,854.8129344455456,231324
2019-01-22,847.4696655273438,865.3446960240466,837.9041440509011,862.8325531651647,914472
2019-01-23,855.972412109375,863.702154866075,841.9622533628561,846.4068318586559,395664
2019-01-24,841.8656005859375,858.0014504693711,837.904130991767,858.0014504693711,411896
2019-01-25,808.3378295898438,852.0591872952662,800.3182332307935,850.2717078623584,779079
2019-01-28,785.58349609375,807.7582099436747,764.4716573777094,802.9271201712843,1751784
2019-01-29,768.19140625,795.680312885692,759.9785554187573,780.7039378404846,886624
2019-01-30,773.0225219726562,777.8536108656461,756.5968197364907,769.2059499525436,395184
2019-01-31,766.7904663085938,778.530036838748,759.8337449296586,773.5539912950924,541762
2019-02-01,764.9063720703125,782.3948912808663,756.1137543947182,770.5587228113502,413461
2019-02-04,739.06005859375,770.5587369800581,732.6346862885631,769.0611111040902,773778
2019-02-05,724.5668334960938,744.0843880778758,716.9336884262405,735.291828695915,739750
2019-02-06,737.1276245117188,739.9296209047664,712.6822656234034,725.1464995310957,623005
2019-02-07,737.1759033203125,748.5772618906955,730.750531177834,737.3208006104907,647167
2019-02-08,729.8809814453125,750.4131105880716,726.1127082721622,733.3593420872536,628759
2019-02-11,711.4744873046875,730.0741808399755,705.9187346902509,730.0741808399755,467639
2019-02-12,709.6387329101562,721.9580108653917,704.5177899469455,705.4356497532381,505554
2019-02-14,710.991455078125,719.832372911919,694.7107062062682,698.5755780071376,611397
2019-02-15,689.34814453125,712.5856722871138,681.6667007438085,710.170127635293,968916
2019-02-18,689.7345581054688,695.6285221135557,685.0484253296804,688.9132965586208,450797
2019-02-19,691.2805786132812,703.3583018437416,688.430224136241,693.6961232593733,615972
2019-02-20,716.0158081054688,718.6246083944611,691.8120599804157,695.6286327204912,649595
2019-02-21,741.3306274414062,746.2583147676479,712.102538187444,712.102538187444,736561
2019-02-22,753.263427734375,756.3553367125,737.2242346844108,742.5867320673456,482476
2019-02-25,767.2735595703125,770.6553219945143,754.2296187912484,754.2296187912484,446984
2019-02-26,772.008056640625,776.1627815713236,748.287420387057,762.6357317678584,460919
2019-02-27,772.9742431640625,794.1344366599806,764.9063480903395,774.9066787719727,616389
2019-02-28,774.9549560546875,787.3708898699889,769.4958609999525,774.5201462604955,566682
2019-03-01,802.685546875,807.7581910171532,778.7716530619922,780.8006871295485,533531
2019-03-05,830.657470703125,832.9763580845321,799.3519897814573,800.0283540493385,848300
2019-03-06,822.8794555664062,844.7642544856061,817.1787466619328,833.8460045749312,704978
2019-03-07,825.1017456054688,839.5467142716838,804.4729591039301,821.2851732996014,1183046
2019-03-08,827.3723754882812,831.9619105105795,814.1351784714218,826.1646031139923,355975
2019-03-11,849.7402954101562,855.1027926541836,829.0632099419839,831.4787545540014,422274
2019-03-12,870.9971313476562,876.794438705045,850.5133002235642,857.0352710006265,843568
2019-03-13,864.136962890625,875.3934251141231,857.4217956050582,869.5961176630362,556795
2019-03-14,860.9484252929688,867.1805423782497,848.8224027624428,865.7312155664755,468289
2019-03-15,857.9531860351562,871.0454266319214,850.8031500697278,864.6684121560332,397492
2019-03-18,853.7501220703125,861.5765225287859,837.6626292455405,859.9339402863956,590112
2019-03-19,876.06982421875,886.021857276825,852.6873381099216,852.9288925966382,896220
2019-03-20,869.789306640625,883.992720606167,865.8277781341777,881.5288179489379,441100
2019-03-22,863.7021484375,881.5771784293242,860.9000931197493,870.7555268558388,503733
2019-03-25,856.6487426757812,864.5717410296184,850.3683265008173,857.4700632518473,272664
2019-03-26,885.1521606445312,888.9204338992772,858.9676801483232,860.9001158741912,499013
2019-03-27,866.6008911132812,893.316781682092,862.7360193660454,889.5485671124947,595247
2019-03-28,874.620361328125,883.1230661440514,866.9872171452369,872.3014150268476,397369
2019-04-01,893.0750732421875,912.0612760167896,889.596712858609,903.4136151784523,457716
2019-04-02,887.7127075195312,900.8049484453031,881.1907366071429,892.7853515625,299164
2019-04-03,874.2339477539062,896.6502149215984,869.789368984763,890.7563092964396,343788
2019-04-04,881.7704467773438,886.0218291981333,872.2532238916193,873.5575944892475,597677
2019-04-05,893.7032470703125,898.9207882802142,882.0603333175601,886.0218030680369,308050
2019-04-08,873.1710815429688,902.3991714620643,862.0112771866928,901.4812527112758,556161
2019-04-09,859.8372802734375,871.2869380996949,842.4936582332751,868.6298390370122,768564
2019-04-10,868.7265014648438,873.9441017812002,850.5616165060559,858.9677241387362,411674
2019-04-11,876.2631225585938,881.6739197369882,852.3008691230193,869.4995965989675,617764
2019-04-12,893.9447631835938,895.6839435122671,871.5284973549783,878.2920222790192,597348
2019-04-15,893.5582275390625,900.5150076330245,889.4518018068303,897.1332452653039,239757
2019-04-16,897.9545288085938,903.2204278476294,892.4954333795624,896.650158309838,296854
2019-04-18,908.7763061523438,913.6556951398206,884.4276013458739,897.9546530191054,468414
2019-04-22,871.0453491210938,904.3798633137478,867.663586811694,902.0609169980005,354791
2019-04-23,873.5092163085938,885.1521293506707,870.4656655319089,874.4271350405804,311128
2019-04-24,892.25390625,901.481275138708,855.8757797571892,877.1808720534361,934238
2019-04-25,898.2927856445312,930.2745742682325,892.3988211216226,895.8289418155226,913723
2019-04-26,890.5146484375,906.5538401386885,885.2970487898464,902.4474145372076,300938
2019-04-30,886.2150268554688,894.2829223413487,872.4464224457254,894.2829223413487,464252
2019-05-02,898.7276000976562,905.7809789480732,880.2245037887532,891.5292649734474,786632
2019-05-03,910.3222045898438,918.2935021467662,886.8914208619203,898.582633689436,2292537
2019-05-06,883.4613037109375,903.4137267192276,876.9393329565474,900.9981819953795,582166
2019-05-07,880.4177856445312,892.7370641965351,871.2870144525112,887.0846539475408,517498
2019-05-08,885.0555419921875,898.582591760627,872.4947100643508,875.8764725064607,600972
2019-05-09,894.9109497070312,900.4184030327776,874.4271202879552,885.0555162251568,557176
2019-05-10,897.9061889648438,903.7517948551116,886.3115753749224,894.6693829269591,538489
2019-05-13,866.0211181640625,896.6502383149475,859.644103420524,896.6502383149475,311319
2019-05-14,876.5045776367188,886.939718996134,853.1703921334591,859.9339173259101,423005
2019-05-15,865.2963256835938,885.0554911842688,857.4216861186901,874.4270955477765,378900
2019-05-16,884.5242309570312,889.5485760737052,856.8420631992818,866.745797151343,661214
2019-05-17,881.1906127929688,887.6642836947607,874.4270883526718,883.9443098686456,365362
2019-05-20,953.3189086914062,960.4205866229054,898.9691521546473,906.3123845596431,964738
2019-05-21,936.8932495117188,961.5801060946433,933.3182313375345,951.3865186179285,657879
2019-05-22,943.8016357421875,946.5553921493625,929.1634698974552,939.6469105544395,354653
2019-05-23,958.0050659179688,981.6774049144288,951.0965842133706,965.1067440276022,648852
2019-05-24,995.9290771484375,1000.0355031274632,956.6522968420987,963.8023327242944,722942
2019-05-27,1019.3599853515625,1025.3022496137714,987.9579004947608,990.4218035621383,555801
2019-05-28,995.5909423828125,1024.4325229530448,990.4217002349802,1024.1909684793468,557021
2019-05-29,989.16552734375,999.5523692670176,982.1121488091128,987.571244296457,356744
2019-05-30,996.412109375,1004.8665151515152,987.4745946969697,990.952955198577,395787
2019-05-31,991.9192504882812,1011.8233151962679,969.1165321447669,995.5909256052237,651607
2019-06-03,1020.8576049804688,1025.1572276066179,983.5615573574769,992.257459787098,600292
2019-06-04,988.9722900390625,1027.089596843572,985.8803810572992,1022.2585074887105,479069
2019-06-06,962.5945434570312,993.4169167941682,957.5218996897545,991.581079270041,595911
2019-06-07,962.2564086914062,975.6385027179919,951.7729093267722,966.1212802050205,436421
2019-06-10,956.120849609375,975.107053711627,950.7100533069465,970.4692198847946,317407
2019-06-11,956.7972412109375,964.2854296677764,946.0722464943167,964.2854296677764,545268
2019-06-12,949.6472778320312,963.3192852592689,946.8935802949684,951.7729690926521,372092
2019-06-13,947.2315673828125,955.5410755901028,932.69000173662,951.7245036033373,521263
2019-06-14,925.5401000976562,953.8019721488822,922.7380447494284,937.472866929982,461023
2019-06-17,910.6119995117188,937.2312887533085,905.0562470268409,937.2312887533085,596854
2019-06-18,912.6411743164062,917.1341114787538,902.0610757207198,912.1097662260757,533659
2019-06-19,895.6840209960938,929.0185395768544,873.267753228292,920.2259800042776,727205
2019-06-20,911.9163818359375,916.9407263778647,887.567680573718,900.5150231656164,278364
2019-06-21,908.4862670898438,918.5832546793243,901.239633744272,902.9305148582388,567160
2019-06-24,902.1576538085938,916.457666756157,895.6839821644254,916.457666756157,361369
2019-06-25,905.9742431640625,910.950229996082,890.6596539697717,906.3123958418633,266586
2019-06-26,931.0474243164062,939.0187209594346,901.7227384371123,905.8774630745856,558572
2019-06-27,928.535400390625,942.5455599178508,921.3370652526742,935.2989256796305,434809
2019-06-28,916.8441772460938,938.1009707759172,914.0421217824041,936.1685350004786,285340
2019-07-01,918.0518798828125,924.5738501295959,908.6312561930143,919.8393592500363,236555
2019-07-02,930.4678955078125,934.0912128579207,917.0374422741054,917.8104638207398,320216
2019-07-03,955.1063842773438,968.3918802650155,926.3614020494723,931.4340459720378,774817
2019-07-04,939.5503540039062,960.3723389394414,934.670906199428,957.5702833075587,805241
2019-07-05,900.1768798828125,946.8934891511184,893.8481058124314,942.4972097461397,948398
2019-07-08,869.1129150390625,894.7176868551104,864.7649349193562,893.8480672418673,876925
2019-07-09,880.8525390625,887.9542167716425,863.9437264471532,869.0163702317573,480426
2019-07-10,864.958251953125,889.0170416137921,859.9339072174276,880.8525477632,555437
2019-07-11,879.596435546875,884.4275250132131,862.735980487963,868.3883315742746,582438
2019-07-12,894.62109375,901.3846184191057,877.6156249122957,879.5963596278829,755437
2019-07-15,895.29736328125,902.1575448413088,879.2098727733446,898.5825272929122,392438
2019-07-16,913.5106811523438,919.5978418331837,893.751514258676,894.6211339159065,468419
2019-07-17,923.076171875,936.2650687234092,905.4910547081288,913.4623517328637,535739
2019-07-18,903.4619140625,928.5835760830186,898.1960154212408,919.6460617103342,497444
2019-07-19,893.8191528320312,918.9491289870613,887.6827128423405,910.6698693598156,687087
2019-07-22,894.0138549804688,900.0041662305508,866.1566069486119,889.7768461597491,687289
2019-07-23,889.1436767578125,902.0495802820789,886.4650930074931,894.2086470120731,504059
2019-07-24,869.0787353515625,891.6762554065107,866.8871666717744,891.1892401443356,294312
2019-07-25,868.7378540039062,880.5235996438761,857.5851925387498,871.172930330355,441739
2019-07-26,889.1924438476562,892.7476194091064,864.4033563844944,870.7832441017068,364238
2019-07-29,861.1891479492188,897.9588017832813,857.3904049651269,891.2379671037672,600299
2019-07-30,852.8610229492188,874.630638786477,844.4843850094418,861.042902362568,685623
2019-07-31,868.2507934570312,875.6534013233276,833.9162190447428,847.8935326495625,577252
2019-08-01,856.0753784179688,872.8774035260633,846.6272712497738,862.1143195923921,530531
2019-08-02,852.9098510742188,870.783287387648,836.9357267201751,852.179328182115,458582
2019-08-05,843.4130249023438,852.2766785795296,820.1336724159588,849.354587110114,628866
2019-08-06,866.789794921875,870.880675599565,839.6630089132342,839.857826909816,643730
2019-08-07,861.0916137695312,887.9261409744951,858.4130300123187,861.5299393652772,604506
2019-08-08,866.0592041015625,881.497563055702,847.9908915749808,863.9650148402295,499544
2019-08-09,885.6859130859375,898.0561122048097,873.9488575659061,876.6274414146732,496629
2019-08-13,857.1468505859375,883.7378716743212,848.4292656132528,883.7378716743212,468574
2019-08-14,874.7767944335938,881.2054315959297,859.143616331043,859.143616331043,628866
2019-08-16,882.66650390625,886.8548234173207,850.3286774775629,871.6599704864244,656244
2019-08-19,875.2638549804688,894.1600720032831,870.0528151600573,884.4197662080403,690193
2019-08-20,843.3155517578125,877.9910714494285,838.9811043650978,877.9910714494285,630661
2019-08-21,813.6563720703125,842.974726427268,808.5427118342266,837.6662481969292,908360
2019-08-22,790.718017578125,814.484387649155,784.0946214854129,809.4194167135132,724509
2019-08-23,805.2310791015625,815.2148923819766,780.2471713563858,784.0946039739815,492579
2019-08-26,821.5946655273438,826.5621969271374,789.8899870048976,816.140118913841,595920
2019-08-27,829.8253784179688,847.163111142299,824.7604074271247,829.8740680577624,584479
2019-08-28,825.1986083984375,838.8350346863481,817.2115468254983,833.2343596038133,498864
2019-08-29,818.3317260742188,833.5265776804652,815.4583242874324,819.1596281966358,291229
2019-08-30,829.4356079101562,836.692146566087,818.3316965827153,821.1076595520504,479224
2019-09-03,808.0069580078125,826.9518623871497,803.8673285435658,826.9518623871497,528136
2019-09-04,819.1109619140625,823.4454095346345,787.7471678838739,805.5232245316398,928386
2019-09-05,822.7149047851562,829.581808080225,812.5362739328391,820.182389756053,357095
2019-09-06,828.266845703125,832.6012934950691,821.4486319248193,826.805799893488,255641
2019-09-09,838.007080078125,840.2473976897824,822.0817058828287,825.0037972544501,242874
2019-09-11,858.1695556640625,863.478033751427,837.6662256359022,837.6662256359022,662709
2019-09-12,878.2833251953125,885.8807513043836,855.2961694254329,859.143601840635,640014
2019-09-13,897.4230346679688,901.1730880023572,873.2183989782847,882.4716893188242,615961
2019-09-16,899.1275634765625,910.2315353605213,885.92946161149,885.92946161149,552594
2019-09-17,879.890380859375,903.8028759025989,877.6501227204244,899.6144974187906,421045
2019-09-18,883.2022094726562,890.5561283039125,873.1697066038486,883.7866040280791,362428
2019-09-19,859.2410278320312,887.341783927181,854.711762235018,883.445661934087,486963
2019-09-20,927.91015625,937.8452195398563,856.0266595991892,861.0429403279734,956003
2019-09-23,941.64404296875,961.9038667071227,930.1504942618941,935.0693366951125,616601
2019-09-24,930.9296875,947.3908273865034,920.2153515727177,943.543394868049,358231
2019-09-25,895.6209716796875,928.2023011365214,884.4196218435632,923.770474613118,688306
2019-09-26,908.5756225585938,915.4912746572414,894.3061116541783,899.9554765649746,443552
2019-09-27,891.8710327148438,912.5691804130521,888.7054336551178,904.8743158416771,314235
2019-09-30,883.00732421875,892.8450677865543,864.6468733579546,889.9229763317793,326044
2019-10-01,875.7021484375,903.7055265693239,857.1955681069034,885.3937642374916,722466
2019-10-03,866.3027954101562,884.1762322321065,859.7280891941642,874.7768136395715,394432
2019-10-04,847.9422607421875,875.0690465044992,844.0948282825298,867.3741815851837,1176014
2019-10-07,840.101318359375,853.202040663232,833.4292331182438,846.7247139648251,539333
2019-10-09,900.29638671875,911.6925555531857,838.5915778125799,842.4390102094758,2634864
2019-10-10,859.2897338867188,897.3743033169136,841.5623665893753,896.108075534983,2058265
2019-10-11,383.62188720703125,410.3590044250484,370.22896891998596,379.87186414164864,2235482
2019-10-14,371.5439453125,391.56026015424476,369.6932635864559,391.56026015424476,1255595
2019-10-15,374.2712707519531,382.79403879119735,342.95619184419843,371.1056711945195,3672355
2019-10-16,368.8653564453125,377.58291144833254,362.43674930129265,375.8783581001103,944234
2019-10-17,377.4855041503906,383.3784064443159,365.504941024808,371.1543059714133,999031
2019-10-18,389.6609191894531,397.6479817852658,369.10889786069276,376.94983209038054,894903
2019-10-22,432.22607421875,452.48589859633375,388.8330233336838,389.22262962458836,4251143
2019-10-23,444.4501037597656,451.80405184497397,418.8331135862549,428.52472891856223,2049114
2019-10-24,435.9760437011719,446.6416594975756,430.86238374089515,443.18386322398027,1159835
2019-10-25,399.79083251953125,439.9208714756703,393.16740725294767,436.5117647094301,2485587
2019-10-27,404.4175109863281,412.9889682486365,397.4044788807634,404.1252839756478,406028
2019-10-29,412.74542236328125,420.0019614429337,399.64470031211334,404.12524653528556,902003
2019-10-30,410.7486877441406,418.8331292797519,407.1447628812472,412.98894608049955,715170
2019-10-31,411.430419921875,418.58954904425576,403.24857080703174,412.79405648684093,893102
2019-11-01,399.88818359375,415.8623065235496,394.92065215038906,412.5992986180704,785467
2019-11-04,396.5278625488281,410.0668819214125,394.238884697605,401.25191689602167,674911
2019-11-05,383.8654479980469,406.1220521437982,380.60243969100196,398.96292161342893,1497426
2019-11-06,389.0278015136719,390.5862563618722,380.4563444361511,384.15764869120466,1097207
2019-11-07,387.0797119140625,394.53103923936396,380.3589074583995,393.50831911189084,1419781
2019-11-08,381.2842712402344,393.5570324079823,373.78422410434086,387.03104554855423,1428453
2019-11-11,378.7030334472656,387.6641256281888,375.09913855660693,382.7939732961764,626622
2019-11-13,380.3102111816406,411.04086080436343,378.70303711646415,379.87188557749226,4348656
2019-11-14,394.8233337402344,401.2032226694018,372.7615452494204,382.6479504975052,2447581
2019-11-15,405.245361328125,408.9953845472365,396.4790871808751,396.4790871808751,1476606
2019-11-18,436.6578369140625,438.7033067950274,407.3395442787494,407.48564290059323,3515787
2019-11-19,432.03125,438.3137591038434,425.31044497208524,434.56373544205525,1118280
2019-11-20,439.53125,455.84626038781164,434.27149140207393,434.27149140207393,2540689
2019-11-21,441.57672119140625,444.8397292232708,431.5441894773905,441.9176378022072,760623
2019-11-22,441.6741943359375,450.97617482072735,436.9501399073832,441.5767853294101,1106907
2019-11-25,443.62225341796875,449.8560433798165,439.28780531145884,443.7683520645247,502059
2019-11-26,439.6286926269531,447.32352799087647,429.20655390078076,445.1319592636484,755796
2019-11-27,443.0377502441406,449.6611453261644,437.6318634833985,441.6741135772593,690987
2019-11-28,451.073486328125,454.7747899756909,438.31368208249154,443.18383410563035,757693
2019-11-29,450.92742919921875,465.48916725310124,445.13193586845995,450.4891035867893,1404999
2019-12-02,458.42742919921875,462.56705864650013,445.37542700456527,450.9761021391224,1359686
2019-12-03,459.6937255859375,467.04764427840206,453.0216104369497,457.7943541414994,1132025
2019-12-04,463.39501953125,465.5865881995533,453.4112067089792,459.74240508407775,543538
2019-12-05,460.61907958984375,464.8074291394044,456.5281687734787,460.91130661426286,324623
2019-12-06,475.42425537109375,478.4924452582743,453.89817707960475,460.6189810527263,1331366
2019-12-09,484.531494140625,501.72309715128,473.0866355288156,476.30092435530275,6211145
2019-12-10,475.9599914550781,488.8172057715413,472.989210360201,486.8204254384644,2057682
2019-12-11,476.8853454589844,481.95028629526155,468.99569235289715,475.32689069203286,768587
2019-12-12,483.2652587890625,488.8172448985423,475.7165219117289,480.5866747358151,1158420
2019-12-13,488.2327575683594,494.4665464331997,481.2197265172577,483.2651963842498,1024282
2019-12-16,481.706787109375,491.5932207768783,480.2457413131985,489.1581444499175,596022
2019-12-17,478.1028747558594,488.33019496063457,475.81389714597077,481.706769754892,1208044
2019-12-18,474.15802001953125,480.14833117887304,469.19048841185895,480.0996118204335,614712
2019-12-19,471.3333740234375,484.4340967226665,467.6320698484038,474.15805665438984,871785
2019-12-20,475.71649169921875,480.6840532093102,469.48270242530396,473.3788244371322,612133
2019-12-23,478.7359619140625,488.86587255889225,471.96643845679375,472.4047640454126,1018351
2019-12-24,476.15484619140625,483.02174976366786,471.4794816586493,481.0736886396159,727384
2019-12-26,471.91778564453125,479.02819653099135,470.067133606622,476.1548243399106,412053
2019-12-27,467.82684326171875,480.1970426604365,466.804123113619,474.8398748417095,1254037
2019-12-30,466.0736083984375,473.7684436370166,463.8820397069088,470.74894305034434,1021617
2019-12-31,464.9534606933594,470.2619090327885,463.39500596318646,466.365787069882,498399
2020-01-01,463.68719482421875,468.6060665483512,457.843011985682,465.830073755036,1024990
2020-01-02,478.39508056640625,480.19704296066055,462.3722964608639,466.5606157771935,1233932
2020-01-03,464.4664306640625,479.22298618386026,462.27486212968506,478.58987233005024,796938
2020-01-06,458.7683410644531,462.6644628569326,453.21635562014984,462.6644628569326,444247
2020-01-07,462.95672607421875,466.0249462030681,455.5541173936517,462.8593467955701,583998
2020-01-08,464.3203430175781,467.4372227273515,451.95014399661574,458.6709483825896,1000355
2020-01-09,475.32684326171875,482.0476471906963,467.5345999295594,467.5345999295594,1699529
2020-01-10,494.8074951171875,497.72958662378505,475.52170306366435,475.52170306366435,2155742
2020-01-13,507.810791015625,510.3919956899004,495.83022743429916,497.72959885026546,1380163
2020-01-14,523.2492065429688,525.4407752100743,503.2328912734252,507.9082258732295,1274605
2020-01-15,517.6972045898438,526.3173506322298,511.658203671682,523.0056826416982,1389214
2020-01-16,516.4796752929688,525.0024422119947,511.7556511236075,520.8628125656106,612728
2020-01-17,516.91796875,528.8011520620886,514.3367642922154,516.2361355488777,933539
2020-01-20,523.7848510742188,526.9504498952159,517.2588354609128,519.0608273829238,830322
2020-01-21,543.9473876953125,549.158427502982,520.132328194154,523.0544199255818,2895443
2020-01-22,551.5448608398438,558.0221885043659,546.4311998784148,547.4052305377345,1698013
2020-01-23,571.122802734375,578.5741603983363,548.5740306380737,553.2493654987458,1115782
2020-01-24,612.9574584960938,617.5354143092286,570.8793237383134,571.9507930925129,5128862
2020-01-27,603.1683959960938,630.6847580257904,597.1293949172544,606.8210104248145,4265221
2020-01-28,599.467041015625,617.4379143685866,575.846803049428,604.8728980209615,4907456
2020-01-29,603.2656860351562,611.2040573327433,589.3370636305806,598.0546473343496,1874398
2020-01-30,596.78857421875,604.6295088388407,589.9216702210334,603.89898587206,1122800
2020-01-31,627.470458984375,639.84065820457,597.3728928025708,597.3728928025708,5086340
2020-02-03,547.648681640625,594.1586408195309,542.9246572108733,580.035197718083,2117772
2020-02-04,568.0545654296875,581.155286759194,531.7232418481204,551.0577223337909,3585799
2020-02-05,590.5546875,605.6521604350904,564.9376969259642,569.8078494856708,2884975
2020-02-06,589.921630859375,603.6554379384398,583.6878115120775,594.1586400039504,2279270
2020-02-07,593.3306274414062,609.6456362427325,589.2883776001437,593.184499104938,2195472
2020-02-10,589.4345703125,596.5449809453035,578.5741066517071,594.8891172348992,968485
2020-02-11,581.2039794921875,602.0969444659456,577.9896909077863,593.7689365857739,1064924
2020-02-12,578.817626953125,591.1878262429012,573.4117695464023,583.4442718467343,1094054
2020-02-13,579.4994506835938,585.1488156235635,572.8273061712158,579.6455195867213,774724
2020-02-14,568.103271484375,591.4800027584856,564.9376724576725,580.9117959416889,1232538
2020-02-17,563.5740966796875,572.4865006916825,559.0935795780957,568.9800142165335,621374
2020-02-18,568.2494506835938,570.5870883501227,553.2493563270773,564.8403437343952,683231
2020-02-19,594.4020385742188,602.9248043874501,570.9766198575851,573.0707495016355,1925038
2020-02-20,585.8306274414062,601.1229174329424,582.4702104908619,596.739780397476,1321773
2020-02-24,556.5610961914062,579.5481940580344,552.4701558727396,579.5481940580344,822920
2020-02-25,546.3824462890625,562.9896551968016,543.0220290176762,560.0675635608319,864138
2020-02-26,544.629150390625,559.3369864189006,538.6388393376614,538.6388393376614,1051786
2020-02-27,528.7037353515625,548.9635575489128,522.2751579308033,545.1648743275925,1375099
2020-02-28,493.5899353027344,518.5738403664752,490.2782376857725,518.1842044026732,1203242
2020-03-02,487.06396484375,527.6810506859727,480.00224335325936,505.5218556640883,2762684
2020-03-03,514.6290283203125,519.3531122589242,490.0347861317979,495.4893632734814,2804030
2020-03-04,488.1841125488281,521.9342346757074,472.4534957407737,516.2361798666554,2787270
2020-03-05,496.7068786621094,504.54781250699426,489.59643798672823,491.7880066703976,1533428
2020-03-06,496.85296630859375,502.794558331271,470.45673369067,470.45673369067,1463855
2020-03-09,475.32684326171875,489.7424815361938,468.50863034607937,486.9177992732959,959903
2020-03-11,472.502197265625,479.90483494437404,464.12552909559446,471.4307577802051,1287001
2020-03-12,406.4142150878906,457.4047163231371,404.2226465224077,450.0994877715273,1602684
2020-03-13,422.6805419921875,435.0994307093269,345.4886258483997,367.20949383227776,1053653
2020-03-16,376.5602111816406,407.92397660739385,373.05369530685283,403.63824819378783,1161299
2020-03-17,329.4658203125,387.1771280834257,321.47875823308516,376.94980771895786,1259453
2020-03-18,279.30322265625,345.7807987549041,261.2836599042339,344.8067683358762,2512347
2020-03-19,269.4655456542969,294.74165031135976,255.29341304487878,255.7317089572521,2531193
2020-03-20,295.95916748046875,309.8391018292602,266.4947454418062,272.72853457274437,1607914
2020-03-23,238.1991729736328,281.49482776661563,222.17637346599687,266.3973543050843,1040762
2020-03-24,221.10494995117188,256.1700521460714,215.69907705695266,256.1700521460714,2091607
2020-03-25,247.98817443847656,258.75119971205663,212.92307598692597,215.26074327201889,1744129
2020-03-26,263.0368957519531,285.14739756410836,246.52709842485885,246.52709842485885,2078565
2020-03-27,275.0661926269531,289.33573274808776,262.0141905660698,277.1116625131853,1560236
2020-03-30,278.1831359863281,284.4169256724953,257.1440697860917,262.988253190321,1217086
2020-03-31,288.41046142578125,293.2806143383238,277.5987160149259,285.390960674994,946049
2020-04-01,290.65069580078125,306.33259282523954,279.54675402494036,286.2675585425505,1658121
2020-04-03,278.67010498046875,293.52406866551155,271.3648769386444,287.38765927534973,939216
2020-04-07,295.7156677246094,301.8520480256672,282.7123545175514,290.3584999387471,1126711
2020-04-08,313.15081787109375,325.27750995550105,287.728614892069,290.26110023510404,1524093
2020-04-09,317.09564208984375,332.777540306628,309.9852307758936,316.8034448070995,1039386
2020-04-13,311.3975524902344,328.248267695565,300.0013841253235,320.4560239520501,1173203
2020-04-15,312.5663757324219,336.0405162939049,308.2806475565823,317.38783850839843,1822855
2020-04-16,323.9625244140625,329.0761841313281,304.92021182235817,311.68973514761524,1139613
2020-04-17,339.30352783203125,340.91067219881535,325.61838158444783,336.0405197388323,2182190
2020-04-20,319.96905517578125,347.72892754262983,316.80345569535115,342.4691681970801,1897215
2020-04-21,303.264404296875,314.41703576689866,300.9754266604341,313.63782325132615,1124284
2020-04-22,277.8908996582031,302.29038238732187,272.9720573480191,301.9494657551684,4306104
2020-04-23,288.41046142578125,295.61828179133335,278.1831403094419,282.46886892746846,3051849
2020-04-24,276.67333984375,290.74809185893474,274.676589293868,281.6896204850083,1697169
2020-04-27,279.9850769042969,286.26755574466017,277.69609930236,279.5467512927371,966133
2020-04-28,281.29998779296875,286.17014014205097,274.1895772533291,282.4688362467689,2575740
2020-04-29,284.0760192871094,287.82604305191694,280.95913919399976,286.2675881428346,1522080
2020-04-30,284.4656066894531,301.3650424661839,282.76105324821333,288.8000544729127,2437816
2020-05-04,263.2317810058594,275.8941793521172,260.6018863823833,275.6506716916122,1996323
2020-05-05,255.63430786132812,271.65709120262835,254.3193607863455,266.83565822775995,1460550
2020-05-06,260.9914855957031,262.89082724462816,247.5011571620803,257.14405321254014,1831551
2020-05-07,258.7025146484375,268.0532136791141,256.2674383240453,259.0921209153297,1014858
2020-05-08,259.1895446777344,270.92660133987084,257.0953848644764,264.93631918564745,1451311
2020-05-11,264.3031921386719,268.63761019294094,261.3323811660294,262.01421443189565,983261
2020-05-12,259.43304443359375,264.49798548776994,250.13103479241946,263.7674625710572,1192809
2020-05-13,271.8519592285156,278.8649620442924,263.23178206688306,271.75455021890974,1852106
2020-05-14,265.131103515625,275.55321161885314,263.3291412168038,265.91031599482034,1095717
2020-05-15,267.7123107910156,270.48830388833176,258.897316209189,268.6376220067515,1865577
2020-05-18,249.15701293945312,268.78373706742246,248.13427790883486,267.858396172442,1881572
2020-05-19,252.0303955078125,260.55316250566125,249.10830396569293,255.19599467844202,1611511
2020-05-20,257.2901916503906,258.11812365240024,250.6180757166286,252.27393972064777,920248
2020-05-21,256.1213684082031,262.9882725229465,253.4914737929512,256.1700580501294,1301798
2020-05-22,264.1083679199219,267.51747471884227,252.90701700918348,256.12133554033977,1821895
2020-05-26,268.5888977050781,272.4850195212896,263.2804198404698,267.37135963751206,1306380
2020-05-27,274.82269287109375,275.74803371335696,269.4655252528461,270.7804723405171,1514928
2020-05-28,277.1603698730469,282.2740300531773,275.2610282126012,276.52725598623164,1306353
2020-05-29,278.1831359863281,290.11501043662975,275.3584532859614,278.0857269845802,2448634
2020-06-01,286.9980773925781,295.1312379137597,280.52078059129633,280.52078059129633,2087467
2020-06-02,303.8000793457031,309.2059659635587,288.0208045173484,291.23509298468474,4143672
2020-06-03,300.050048828125,313.0046708103747,298.19939703781745,311.68972384290277,2019084
2020-06-04,298.44293212890625,307.45271403877484,293.57277974519354,300.9754173134471,1027607
2020-06-05,309.64434814453125,316.5599719380352,300.975481011855,301.4138067091768,2761453
2020-06-08,309.839111328125,318.89758318555135,306.8196108006322,313.5404153779213,1659022
2020-06-09,304.3844909667969,315.97544643780293,300.4883694824219,312.46893115685583,1559496
2020-06-10,306.4300231933594,310.472244112877,303.5079314840617,306.72222047426754,1258444
2020-06-11,285.7805480957031,302.82608216425285,283.5402897938576,294.5955421204703,3120433
2020-06-12,291.429931640625,292.2091441349644,268.0044807507746,268.83241260416725,2349896
2020-06-15,292.550048828125,298.63773908289267,285.3909191435082,292.209132228848,4385378
2020-06-16,289.2870788574219,299.95272547299487,282.5662738794825,298.05335397431344,2137287
2020-06-17,286.0240478515625,294.1085187651276,284.4655931203287,288.3130254513385,1564136
2020-06-18,297.46893310546875,298.540372688186,285.39095986178955,285.97538415464027,1331074
2020-06-19,309.9365539550781,312.56641878370186,297.17674693824983,300.00142978012957,2517722
2020-06-22,315.9267883300781,324.2547369438109,307.0631051237634,311.88456783174615,2799976
2020-06-23,308.2806701660156,318.41058197685504,303.89753267550356,315.9268159555863,1828250
2020-06-24,297.3714599609375,313.54037004196374,292.209110891867,311.15401347137555,1743056
2020-06-25,299.4657287597656,302.92352560250504,293.76764363541474,295.6182958854028,1054848
2020-06-26,299.8553161621094,305.8455982074678,295.9591938919505,302.92350650484866,998410
2020-06-29,290.3585205078125,298.9786970461839,287.53383778381254,296.93322689257906,980750
2020-06-30,286.8519592285156,294.5467936159515,283.44285275211564,292.11171756138003,1164690
2020-07-01,294.79034423828125,296.1052914446416,283.6377121159414,285.68315252021983,3497535
2020-07-02,291.624755859375,299.9527353291024,290.35852796868323,297.0793331674607,852993
2020-07-03,298.10205078125,303.8001356892635,290.26111640594354,292.9883901734272,2494208
2020-07-06,309.839111328125,313.1021194832374,299.17346534836787,301.31634436144077,2419297
2020-07-07,308.2319641113281,318.069648397127,306.04039548279934,317.43653451611794,3444934
2020-07-08,301.3650207519531,311.5923406624836,300.4883992760607,310.5209012030369,1399289
2020-07-09,313.0046691894531,314.806631341098,300.5370624652725,304.33580473497454,3699667
2020-07-10,307.306640625,319.2872045818486,304.6280565941957,312.61511904879717,3090476
2020-07-13,303.45916748046875,310.1800012032347,301.0240914142636,308.0858120062586,1019764
2020-07-14,294.4494323730469,307.69625420286667,290.26111277007755,304.3845561766753,1855406
2020-07-15,291.2838134765625,296.10527641344714,287.3876914184908,294.1572153844113,1223316
2020-07-16,293.0370788574219,296.9818904518462,282.71234971855563,291.186426871458,1101859
2020-07-17,296.10528564453125,298.7838696429604,292.20916346499797,295.3747627358688,561317
2020-07-20,299.3683166503906,301.99818148626844,294.30334554231746,297.566354060496,1194716
2020-07-21,300.34228515625,305.74814208290735,298.6377319257662,302.92345981740124,955528
2020-07-22,300.14752197265625,304.384561006883,294.3033384013241,302.2904011721666,796602
2020-07-23,299.4657287597656,308.8163990176118,297.7124557926276,300.05012335708915,1617933
2020-07-24,292.2578430175781,304.2871257768157,288.31303133694155,297.51763155849653,1931110
2020-07-27,290.4559020996094,296.9818885047001,285.68312894992715,294.64422128906983,2073700
2020-07-28,296.7383728027344,299.4656759175733,287.82600006551286,290.2610762081991,2078978
2020-07-29,298.1994323730469,304.48194100372245,295.1312422354119,298.4429399986537,2195372
2020-07-30,292.550048828125,304.43320237040143,291.23510178808516,298.1994134945294,1371442
2020-07-31,299.95269775390625,302.33905459127857,284.90391497056856,290.2610826024938,2779651
2020-08-03,297.1279602050781,306.62475655953546,295.1312097846733,297.90720235637053,1861517
2020-08-04,296.88446044921875,302.63126371351524,295.71564177897585,298.54032405504137,916874
2020-08-05,296.6409606933594,300.3909838586814,290.99159599174067,298.0533167312892,1174090
2020-08-06,295.7156677246094,299.9039870126264,293.865015707231,297.56631974198774,1192483
2020-08-07,315.293701171875,317.2417622734002,295.4234541562752,295.71568115653605,5191877
2020-08-10,314.6118469238281,322.35540117621537,310.2773993718539,320.45602983882185,2786753
2020-08-11,307.59881591796875,319.6768177373357,307.06311104011604,317.5339387758218,1297565
2020-08-12,305.9429626464844,311.348819618907,299.56304552334683,306.81958408457325,1310303
2020-08-13,308.134521484375,311.0078933153522,302.4364377271153,309.25465049391016,768973
2020-08-14,306.4628601074219,318.2139751114601,298.6451987114114,310.39628370580914,1503774
2020-08-17,307.4461975097656,314.18219101866634,301.93939880140744,308.7737338962793,1773446
2020-08-18,310.7895812988281,316.05054070739794,307.00368556530884,308.62621659533664,1531758
2020-08-19,327.5558166503906,339.11024707704763,311.6254409944641,312.3138020450133,10633333
2020-08-20,332.9151306152344,337.5369153862144,319.7873532524999,326.4741614223545,3416434
2020-08-21,335.2259826660156,343.58450687744863,330.50588687988477,337.4385331925714,2143371
2020-08-24,330.3092346191406,340.6344713756789,328.440864446076,338.96278438278523,1689879
2020-08-25,326.2774353027344,333.94762838082323,323.17987060238397,333.35760891179535,1746377
2020-08-26,334.48846435546875,342.4044964326225,323.7207365126151,329.7683685900585,3244919
2020-08-27,368.561767578125,381.2470822918333,336.79938502355503,336.79938502355503,9901357
2020-08-28,356.3681945800781,365.71007621785145,353.17228770399777,365.71007621785145,3024471
2020-08-31,327.85076904296875,358.9248137114181,323.67150751345224,358.9248137114181,2297376
2020-09-01,325.49072265625,334.1442404390282,314.67381042296074,330.06332046203204,1451986
2020-09-02,327.1625061035156,333.1609528322272,325.49078914032896,327.3591592694181,806757
2020-09-03,339.3560791015625,344.1745163282305,328.2441409971836,328.44082415322566,1219297
2020-09-04,342.45367431640625,358.67904582027046,328.4900092607403,332.47261845383576,3419139
2020-09-07,338.2743835449219,352.23804742766566,332.8659268312676,347.02624386145334,1971836
2020-09-08,325.441650390625,339.70031108441,321.75406572843923,337.1927355083392,1058486
2020-09-09,330.7025451660156,333.25927626054397,316.0997354717555,321.0165144959879,1245380
2020-09-10,331.83343505859375,339.257759531441,324.55657794788993,334.04598566423357,1552559
2020-09-11,332.5710144042969,337.68444764771897,328.4409071606941,331.88265319381514,800469
2020-09-14,369.7418212890625,374.5602592347844,334.6851891820676,336.3077204278175,3666378
2020-09-15,357.253173828125,370.6760053959977,353.1230972000129,368.1192741445153,1394608
2020-09-16,364.3333435058594,370.38097599937294,354.2047902246668,360.8915980206488,1982564
2020-09-17,357.0565185546875,363.64498480696915,355.089806835862,359.0232302735129,777623
2020-09-18,363.7925109863281,369.74180191217636,358.03987322592627,358.5807069429528,1497350
2020-09-21,337.2419128417969,365.75923351332415,334.43934256697736,361.87496576282905,1125434
2020-09-22,333.2592468261719,342.20778986184246,326.5232541559874,339.74940056685796,942885
2020-09-23,327.2607727050781,342.20779170284976,321.8523162270158,338.1760272354581,632984
2020-09-24,312.5596923828125,324.2124663055006,309.8554635404421,320.9182178955937,655873
2020-09-25,322.4916076660156,325.2941482188657,313.1988815929179,316.6406275444885,757134
2020-09-28,328.3424987792969,333.84929731424285,323.6224028977076,326.42497295661775,542852
2020-09-29,328.4408264160156,336.06183361578843,325.49075911287775,331.3908937191535,604676
2020-09-30,326.0316162109375,334.09514608950656,323.7207539984561,330.4075616955827,455932
2020-10-01,329.12921142578125,336.307697048995,326.52329444386027,331.39091785237224,716794
2020-10-05,329.2275390625,333.3084900024862,327.4575104692251,331.39093401840495,586088
2020-10-06,333.35760498046875,341.4211342729364,328.63750930318395,332.030068693221,1153606
2020-10-07,330.4566650390625,337.7826768761841,328.9816315155857,333.35757630575375,429015
2020-10-08,326.42498779296875,335.7176826090173,325.4907877276591,333.1609513862679,445646
2020-10-09,325.3924255371094,331.3909018696144,324.1632307972369,327.40832291628254,364568
2020-10-12,316.64056396484375,329.0800086901066,315.1655302817777,326.6708050135477,479310
2020-10-13,311.6254577636719,318.9514707301455,310.74044351508195,316.0997448137386,511024
2020-10-14,310.6912536621094,313.1004571852497,300.90685218365604,309.7570537184694,724076
2020-10-15,312.3630065917969,320.52487885392657,307.20038793567517,314.6738990397987,773245
2020-10-16,316.2472229003906,322.3440106930243,309.75706879047243,313.88717504486675,400436
2020-10-19,315.5588684082031,320.42649159414015,306.8070078403264,318.5089357912832,990695
2020-10-20,313.8379821777344,318.3122688541018,309.06870077968824,311.9204564675506,470921
2020-10-21,314.1822204589844,319.8365170713135,309.7571187623789,316.4439271000594,519207
2020-10-22,313.8379821777344,322.29484764494464,311.82211489044573,314.18216269278355,586100
2020-10-23,318.06646728515625,319.19732053063444,312.8546631826315,312.8546631826315,349502
2020-10-26,308.5770568847656,324.35993644460393,305.8236724804374,320.32817141640663,1006846
2020-10-27,303.0703125,311.08465740346935,300.16940047517113,307.8887506007034,766575
2020-10-28,299.97265625,306.26615698881704,298.20262792322995,304.5944402282621,430422
2020-10-29,301.8410949707031,305.62699104581407,297.26846618763454,299.8251974402997,484896
2020-10-30,300.61187744140625,306.0203342942245,296.4326153278649,301.8902279663993,290316
2020-11-02,299.92352294921875,303.56195146098247,296.973455510374,300.85772297537477,320670
2020-11-03,300.2677001953125,303.75860128917003,298.8418222783073,301.8902312669697,282441
2020-11-04,302.9227294921875,308.18368880365483,298.20263385383777,300.26768694922936,478371
2020-11-05,305.9711608886719,309.757086840877,303.36527393781125,306.36449721924055,502775
2020-11-06,308.4295349121094,313.98548907649575,305.3319702018441,305.3319702018441,774269
2020-11-09,308.97039794921875,312.6087963278983,307.83951479498745,309.953753728803,262354
2020-11-10,304.88946533203125,310.64210298180586,303.02109524320525,309.1670692259477,456861
2020-11-11,303.2177429199219,307.98702417416695,300.7101678227159,305.33195172056884,484833
2020-11-12,307.1512145996094,310.8879549334233,300.7102155907366,300.9068987702594,925419
2020-11-13,308.626220703125,310.0029128072408,305.8236506996095,306.6103233277794,342237
2020-11-14,307.0528869628906,311.23214963572417,306.02037524757645,309.9537989396551,211406
2020-11-17,309.80621337890625,314.1821584186382,307.3478240329075,310.6420717584729,1090054
2020-11-18,331.5384216308594,334.29183603994056,310.78960701836706,310.78960701836706,3443441
2020-11-19,327.7524719238281,340.68362453534525,324.4090682487255,331.3909003409216,1996921
2020-11-20,325.6383056640625,331.3909437760497,322.88492110242055,328.4408760273015,1065567
2020-11-23,327.4083557128906,332.2759493645918,324.8024385956156,328.44086739395567,737926
2020-11-24,347.5179138183594,351.40218100979183,327.5066184323269,329.3258325600818,2229142
2020-11-25,333.8984375,354.8930890531194,329.9650144459125,350.02549602946794,2066023
2020-11-26,342.20782470703125,343.5353610634258,331.0959159660892,332.9642860185965,1159933
2020-11-27,345.9937744140625,353.9097772907456,336.35686872762216,340.83115601371094,1590307
2020-12-01,348.8946533203125,351.5497261933208,342.4536843267803,347.61630268346545,595719
2020-12-02,366.89007568359375,368.7584458070885,349.8288455889913,350.9596988208719,2269996
2020-12-03,392.40814208984375,395.1123706921685,371.70851333772305,371.70851333772305,3889451
2020-12-04,385.032958984375,407.846825992513,379.82118514673454,397.2757509366492,3472924
2020-12-07,399.63580322265625,403.1758902118096,383.7054567859239,387.04886060526485,2202917
2020-12-08,386.3604736328125,404.79839420586256,380.55868062775335,399.78327380806564,1799352
2020-12-09,383.9512939453125,395.25988593488034,380.1161822194007,390.39226259638497,1002432
2020-12-10,379.8211975097656,385.37715206688034,372.54437021312447,383.95130408848473,687369
2020-12-11,366.20166015625,383.01704878788917,361.3832231824115,379.87029851414763,1498292
2020-12-14,369.98760986328125,375.6419055621885,366.8900451779811,369.44677619158824,803054
2020-12-15,371.80682373046875,374.3635547419021,364.0383191265895,370.7251263783658,879862
2020-12-16,390.0481262207031,392.1131796893339,373.23273370419776,373.23273370419776,2264152
2020-12-17,389.90057373046875,407.60097808645475,386.45882843902706,393.93233850237084,3942740
2020-12-18,388.917236328125,395.30904931455433,382.5254233416956,391.47396752462447,1073261
2020-12-21,360.3015441894531,388.4255249061006,353.12305915073915,385.4754576283327,976565
2020-12-22,353.6639404296875,368.561776186244,344.86292320521176,362.85832401853503,1323544
2020-12-23,384.98382568359375,387.8355517237665,355.9748273242936,356.46650526258685,1779456
2020-12-24,385.9671630859375,392.8506538925657,380.5587060235868,387.442196830215,985831
2020-12-28,400.2749328613281,406.1259113851375,383.6070714531186,389.3105226115741,1973691
2020-12-29,389.6547546386719,405.88012612520333,386.5080039222769,402.24169748497405,1949019
2020-12-30,389.1630554199219,393.24397596251157,384.0004375021592,387.54052436198106,871725
2020-12-31,404.0608825683594,405.6342578127118,386.3604785910774,390.244745912169,2131664
2021-01-01,401.75,411.68189957979786,397.47242627862715,405.92926214910386,1717953
2021-01-04,410.15771484375,415.6645133882674,398.55409826608167,403.91339944085007,1751776
2021-01-05,419.30291748046875,423.72801868982805,404.2575853725026,407.99432550099516,2421642
2021-01-06,410.9935607910156,424.5147027836546,406.3226208299222,421.26961069963914,1315239
2021-01-07,410.0102233886719,425.2030528847367,407.30599486892555,420.384615342389,1696143
2021-01-08,409.272705078125,417.38539060878986,407.40430500880683,413.4519673211948,962920
2021-01-11,421.76129150390625,426.7764120250217,404.40506784629076,412.81274783048644,2028957
2021-01-12,422.9412841796875,432.5781578446135,417.9261642072735,419.8928755682489,1643102
2021-01-13,417.5328674316406,426.1863862346194,412.026069098092,426.1863862346194,654531
2021-01-14,412.1243896484375,419.64705492996507,406.71593317013685,418.1720213449739,721098
2021-01-15,405.7326354980469,413.94366296457144,400.2258366575871,413.5011408219051,615542
2021-01-18,399.38995361328125,406.51928318907903,393.58816037421474,402.19252365535,510018
2021-01-19,408.28936767578125,414.9761755625061,397.27576996979263,397.27576996979263,696809
2021-01-20,407.6993713378906,412.37031196824717,406.61767382156404,409.56774158810504,254241
2021-01-21,403.0284118652344,413.0094680068042,394.81738429698066,409.8627171990869,619105
2021-01-22,401.356689453125,411.3869312588711,397.9149439328685,404.1592596644046,520077
2021-01-25,386.9504699707031,406.1259062208396,377.9035854796054,404.9458673708235,846607
2021-01-27,396.1940612792969,400.5700067639204,379.624509400753,388.9172340772507,798807
2021-01-28,411.3377380371094,417.8770784153019,387.7371977526648,393.1456549011834,1337380
2021-01-29,411.9277038574219,416.844482442518,403.8150191920134,412.37022593393453,674583
2021-02-01,426.53057861328125,437.4949897906923,410.79688579988067,412.0260805509276,1818744
2021-02-02,463.5047607421875,468.519881306914,428.6447857478961,428.6447857478961,2079600
2021-02-03,458.538818359375,475.2067119301547,454.2612444428311,463.50478338067256,964499
2021-02-04,448.0169372558594,459.22718809391137,443.5426500727154,459.22718809391137,900300
2021-02-05,449.5411071777344,456.22794476050876,442.9526411885402,446.44354234620266,960947
2021-02-08,462.8655700683594,468.0773436131385,445.5585026219127,450.47528144137846,1305680
2021-02-09,451.1636657714844,468.7165742326317,448.06610075119715,463.99647801215974,430481
2021-02-10,448.1152648925781,455.49043363663213,445.01767001236465,453.9170583026396,258808
2021-02-11,448.4102783203125,459.71887086567125,442.60848466853463,442.60848466853463,622042
2021-02-12,451.6553649902344,458.0963643139188,447.9186244737827,450.6720090638375,480453
2021-02-15,454.4087219238281,460.21051515137304,450.47529871740613,455.1953945612575,255120
2021-02-16,449.73779296875,456.7687811218738,447.52524236051704,451.36032407952655,210427
2021-02-17,471.32244873046875,479.23848135947634,447.52525507388907,451.6061758653004,2158998
2021-02-18,476.7308654785156,483.81103902913816,468.47068300921376,475.64919813880203,1213065
2021-02-19,477.2717590332031,496.34885617087934,467.0940201707136,474.66587208049424,1841113
2021-02-22,471.4699401855469,496.10299044251474,463.30806921510106,475.94419697557413,1236694
2021-02-23,479.2384948730469,485.04028857223636,472.994179023306,474.86254919631415,499443
2021-02-24,474.5183410644531,484.59773826463993,407.3059944738446,481.8443539601515,225053
2021-02-25,486.0727844238281,489.61287148410037,477.9109428765007,477.9109428765007,611728
2021-02-26,473.3874816894531,484.79441510563083,468.0282105221614,475.9442128014712,379358
2021-03-01,479.6318359375,486.56448296667185,468.5690821613916,471.2241550715137,421224
2021-03-02,511.0500183105469,519.5560099198266,478.40259393535814,482.3360171126273,1203067
2021-03-03,527.6686401367188,540.599791489747,511.24664810142167,515.1800708680593,1163662
2021-03-04,512.6725463867188,526.9804219637386,507.50992819438966,521.1785984636958,786208
2021-03-05,504.7565612792969,530.5204973431929,492.66129595725613,511.345057680186,745263
2021-03-08,500.23309326171875,515.2784245707112,497.77470383151496,508.3949341661406,385311
2021-03-09,480.3693542480469,510.21418162503926,477.1242918015068,503.52737354929104,606318
2021-03-10,503.7240295410156,508.3949697856615,481.30352837057114,484.25359589350535,548535
2021-03-12,491.4320373535156,508.05077357988256,485.87608335334704,506.4282125804113,654772
2021-03-15,485.5811462402344,493.89051585276366,475.2559089750198,493.89051585276366,452902
2021-03-16,490.5962219238281,501.0197998159403,485.5811011445475,488.2361739128839,389591
2021-03-17,480.6643371582031,496.49637266403687,477.17343582424127,492.56294918480563,214238
2021-03-18,468.8640441894531,488.72784380888055,464.1439482450536,484.30274260739174,290919
2021-03-19,461.9805603027344,470.3882707163961,453.5728798987113,468.07737849709827,448447
2021-03-22,475.60003662109375,478.9434404091346,460.9480408963946,465.176458921029,413517
2021-03-23,480.0743408203125,481.84436935695174,474.0758640978185,477.9109459336297,227457
2021-03-24,476.5834045410156,484.0569149690785,472.30580061097106,476.92758508888386,283889
2021-03-25,461.34136962890625,478.8942767392434,455.2937374338187,476.6817261793599,441210
2021-03-26,460.0138244628906,468.7657149617375,454.0153781789218,466.01230075649636,348472
2021-03-30,451.7536926269531,466.30737789374615,446.9352547384121,464.488163484192,550473
2021-03-31,457.30963134765625,459.6697094227661,440.05174798366113,452.34369625136117,816033
2021-04-01,451.261962890625,463.06223228855623,447.96771501510847,459.227150736156,498618
2021-04-05,437.83917236328125,452.7861926095212,434.0532465104865,452.7861926095212,361997
2021-04-06,431.0048522949219,442.5101276168145,426.82558997854085,439.36337692768393,590321
2021-04-07,440.3959045410156,446.4435367572758,434.1024333727965,436.56082289238503,485299
2021-04-08,473.14166259765625,476.3867549178502,440.543422077551,440.543422077551,1663502
2021-04-09,476.8292236328125,495.41464233720916,470.83074722302376,474.4691757037782,1414176
2021-04-12,447.77105712890625,469.15904518647034,438.183338344481,469.15904518647034,592524
2021-04-13,451.5570068359375,460.40720926078234,441.23177067361854,445.558530301615,503134
2021-04-15,453.62200927734375,457.16209608701513,438.084999958322,451.0653082572381,461983
2021-04-16,464.34063720703125,471.0274448799687,449.4427723017599,454.31039568798656,491808
2021-04-19,441.3792724609375,455.7854294391245,437.888341241543,455.7854294391245,381972
2021-04-20,437.6916809082031,452.09783765032614,431.9390433668423,443.49347423664403,779265
2021-04-22,440.54339599609375,447.23020339575095,429.0873069905335,433.75824701504564,533454
2021-04-23,452.8844909667969,455.6870609323902,425.59636816268096,432.67654175895495,694430
2021-04-26,462.3247375488281,464.4389465817492,453.8187156198528,457.1621194404766,424423
2021-04-27,475.2066955566406,476.9275682254955,455.2937403884627,462.3247284335708,535465
2021-04-28,483.7619323730469,489.7112233841999,473.092515178913,475.94424120070835,798478
2021-04-29,483.417724609375,491.4320684989257,476.7308870622362,486.7611283781255,423659
2021-04-30,473.58416748046875,489.71119687772733,465.9139741019023,476.92757125642123,441044
2021-05-03,477.3700866699219,486.76112258667854,468.17570390802376,470.0932297184918,644812
2021-05-04,466.7006530761719,499.24973496970784,464.14392207973754,481.745984309224,1003071
2021-05-05,464.3898010253906,478.6484608768849,461.19389450695223,470.92911143811364,293863
2021-05-06,470.0440979003906,475.3542135065425,465.27481600972453,468.0773861936944,368482
2021-05-07,460.94805908203125,467.29071637885573,457.01463564453127,462.27559549411535,570131
2021-05-10,465.47149658203125,468.56906150083296,460.80055630474067,460.80055630474067,455967
2021-05-11,461.685546875,466.9956621789831,458.2438015841321,460.21051317891374,387615
2021-05-12,473.3874816894531,481.84434767091096,462.27557302253007,464.6356209683784,981727
2021-05-14,471.8633117675781,484.79443522447764,467.0940298815961,475.79673517710734,631103
2021-05-17,473.1908264160156,482.8277013224664,471.0274316363776,474.86251328242895,365820
2021-05-18,482.0901794433594,488.2361531741518,474.46917201717673,476.82921992787357,822246
2021-05-19,484.20440673828125,492.5137755407856,481.64767556753844,483.81107040654507,418705
2021-05-20,487.84283447265625,503.4290304186699,478.0092761483118,483.8110695577473,751014
2021-05-21,493.0054626464844,502.49484062105995,488.77701447500516,494.4804964252155,415438
2021-05-24,496.988037109375,509.37832673457626,489.66205408393705,495.6113449309391,820983
2021-05-25,502.54400634765625,513.3117651491817,498.5614270701823,504.31403491328035,1173711
2021-05-26,504.1665954589844,508.9850034866778,498.659796269327,506.37914629333983,555083
2021-05-27,501.9540100097656,513.3117581723675,500.1839514585601,508.4441346686014,574507
2021-05-28,493.1529541015625,506.4282579507571,490.00620340752755,501.95400087951367,425872
2021-05-31,494.6771545410156,499.83977281824565,487.006990818701,493.15296495826055,375490
2021-06-01,489.2195129394531,504.41237212906606,482.3360223051291,497.08635937868047,805728
2021-06-02,495.1196594238281,497.2830542493963,485.4335985155952,491.1370803240757,402727
2021-06-03,496.1029968261719,506.2315494750614,493.9396020809541,499.54474209652193,431591
2021-06-04,500.42974853515625,503.9206795466499,496.7421643741933,497.5780227859389,312442
2021-06-07,510.1158447265625,517.6876967388894,498.36473037189745,503.2815095981776,1236869
2021-06-08,553.186767578125,555.5960011800166,508.54245234442675,511.59083117505077,3437776
2021-06-09,543.697509765625,568.1830360535168,533.9622621930663,558.5461600840914,1731145
2021-06-10,564.0528564453125,574.2306248709091,541.9765670022759,546.2049848902411,1813211
2021-06-11,565.8721313476562,570.2972326371638,553.1376611884402,563.6595807029025,615616
2021-06-14,560.1686401367188,578.2131945648338,540.8948309729936,560.5127906495837,1331261
2021-06-15,573.640625,581.163321442629,556.2844298381964,560.5128480918758,1437370
2021-06-16,571.6738891601562,579.8849463722929,553.3343388973941,570.3463827941221,965649
2021-06-17,558.4969482421875,588.7351396134856,555.5960365783217,565.4295947478495,1168699
2021-06-18,556.7269287109375,566.8554817842582,536.0764562234912,563.4628921574653,560088
2021-06-21,565.2328491210938,570.2479992449331,540.8456395593619,545.7624181008106,359308
2021-06-22,582.933349609375,604.2721840609487,568.8713726269468,570.346406436697,2065809
2021-06-23,593.2094116210938,608.8939493031199,583.7200037391291,584.1133700835967,1490998
2021-06-24,592.127685546875,609.5330342087695,589.0300909440516,598.3719705166201,1452669
2021-06-25,588.7351684570312,599.8470777291416,583.2283396007374,593.9469425383631,666081
2021-06-28,588.440185546875,596.5036557878365,583.1300397605676,592.0785543056737,595845
2021-06-29,596.995361328125,604.173907635351,588.046846369348,589.9152466447899,776504
2021-06-30,604.9605712890625,612.7290470108371,597.5854019219639,599.5521137531902,988113
2021-07-01,607.3697509765625,614.3515533454063,604.9605171948821,608.6972573362249,518444
2021-07-02,603.04296875,616.0724336271912,599.9453738469568,611.6473323481451,597395
2021-07-05,639.3779907226562,651.9157779091599,604.7638525254727,607.2222421698851,1527137
2021-07-06,684.5342407226562,705.4627392059758,644.2037810348081,645.0901885446743,2473674
2021-07-07,677.0984497070312,690.2957380805557,669.7611526660431,684.189529129944,1052077
2021-07-08,659.370849609375,681.0380022477711,653.5108576689174,663.8027671945015,689716
2021-07-09,666.264892578125,670.0566199546114,650.999399843519,650.999399843519,567302
2021-07-12,703.7393188476562,712.0614879560735,668.7271788688436,673.7992868180654,2922058
2021-07-13,696.7466430664062,709.1067557448924,690.39421635718,703.1483012779921,867645
2021-07-14,699.455078125,709.0083345027325,690.7882292888503,700.2429625443358,640724
2021-07-15,702.1142578125,706.1522031301985,683.8941521529342,705.0688695410782,556165
2021-07-16,708.6143188476562,722.4025057328088,704.1824016345715,709.1067540935546,1150982
2021-07-19,708.6635131835938,724.8646439463141,699.2580125025585,706.1521055835697,682203
2021-07-20,684.0418090820312,711.9136328342938,677.5909191848118,704.133191776969,519761
2021-07-22,690.7389526367188,698.8641348675901,685.5191506198381,697.0913798577459,275615
2021-07-23,693.1517944335938,712.0613186525193,689.4092988336978,697.879160460395,489311
2021-07-26,692.80712890625,703.1975001138796,689.4093138371369,698.2731478721859,235414
2021-07-27,671.9771728515625,699.2580994584125,669.7119825798881,699.2580994584125,320754
2021-07-28,784.0061645507812,806.3627373522357,658.8783771464375,676.5075834795005,8361954
2021-07-29,758.5473022460938,814.2909507886063,750.6683379228141,795.4799475114671,5470341
2021-07-30,783.7107543945312,796.6618264069114,755.395725567836,761.3049489751463,1710229
2021-08-02,810.1544799804688,822.0714495494555,783.1198318195579,790.8018099885525,2153873
2021-08-03,797.843505859375,819.4121921740285,791.8850518208383,800.6996541315928,760526
2021-08-04,768.9869995117188,810.3515672428033,763.3732247258675,802.226384295626,820125
2021-08-05,752.2440795898438,773.8127676909713,747.5167131888601,773.8127676909713,685907
2021-08-06,780.4606323242188,790.9987585963333,750.1266332350768,750.9637491074249,645766
2021-08-09,764.308837890625,790.5556641390172,761.2557629922986,781.7902915159781,488170
2021-08-10,748.1569213867188,780.017458954632,743.5772493822566,767.2141420778515,730743
2021-08-11,753.57373046875,765.9830754379032,730.773953037511,752.1456561392555,946202
2021-08-12,753.8199462890625,765.0966660461629,749.978927082687,758.2518637833134,798268
2021-08-13,776.816650390625,788.881314691462,743.5772691536251,758.3503274811807,1091484
2021-08-16,803.2110595703125,810.0559210164429,762.09271950656,774.6005858716502,1427270
2021-08-17,798.3360595703125,819.1168646532352,789.0783122843015,803.6543846901596,1074840
2021-08-18,777.5060424804688,805.1316484888416,773.6650234154646,801.6846016757395,402743
2021-08-20,755.3464965820312,776.767431505003,749.4865046612173,766.2293043711262,410231
2021-08-23,732.3497314453125,763.1762283604585,729.7890920092699,758.3503385251522,436999
2021-08-24,753.57373046875,763.0776952734273,728.8042119242023,728.8042119242023,397391
2021-08-25,742.4447021484375,766.2293519642577,737.8650897750739,747.5168099497064,402250
2021-08-26,745.1530151367188,757.7101143299027,742.1984035618519,744.9560891211088,450417
2021-08-27,735.7968139648438,756.2328792689501,730.9709840082627,742.6416767757945,420856
2021-08-30,751.4562377929688,760.2216098276436,741.7059951976215,742.592402746918,698934
2021-08-31,765.7368774414062,769.8241144010588,754.4108657493468,755.7404169902445,458003
2021-09-01,814.58642578125,827.0450625575318,759.3352107554117,764.2595636137478,1966364
2021-09-02,808.9234008789062,838.9619526049302,804.4914834111322,820.3971668123901,1447976
2021-09-03,836.499755859375,844.7726923090742,805.7225519716937,812.3211965075578,1377924
2021-09-06,854.818359375,860.776813855891,833.3481945757678,840.6854316845877,1369019
2021-09-07,865.3565673828125,871.5120085662909,849.795563981595,855.8525421508298,1208284
2021-09-08,856.5419311523438,870.0839012432227,847.973545327042,869.7391604829636,744779
2021-09-09,842.0150756835938,860.6290927228182,839.1096955838161,851.9130125352124,398200
2021-09-13,835.7611083984375,848.0227585293345,827.3897088865749,835.1702101246439,418524
2021-09-14,833.6437377929688,842.6552677851197,827.8822086716938,837.1400164274665,264501
2021-09-15,829.9996337890625,839.1096861326387,819.7569562986215,833.6928982526745,308946
2021-09-16,822.6130981445312,836.8444891171171,818.5258614601524,829.9996270114382,226396
2021-09-17,837.1399536132812,846.0037884162455,817.5410059487031,822.7115762504321,851323
2021-09-20,832.1171264648438,839.5036553654843,817.7379808045613,832.2155894721619,282921
2021-09-21,830.1473388671875,838.1247655877876,808.5786516422721,828.2760609392825,321137
2021-09-22,897.7587280273438,910.0203782633018,827.0942668364434,830.3443275936097,2283584
2021-09-23,925.1381225585938,935.134582636737,902.2398823834446,905.785452413085,1539435
2021-09-24,940.3051147460938,950.4000374233888,911.3991894660413,926.7631453009418,699460
2021-09-27,931.8353271484375,954.3395959494048,916.9145137553106,936.6119254364129,625120
2021-09-28,910.6605834960938,933.4110692911553,895.247335252609,926.7631930392795,564091
2021-09-29,910.1680908203125,922.8236526199843,897.8572096487546,902.6338074986293,285324
2021-09-30,922.626708984375,932.4754143751385,911.0052486456195,912.9749897237723,297827
2021-10-01,902.4368896484375,922.3312871490652,896.3306801030546,915.9296284555587,196784
2021-10-04,906.9180908203125,918.6873068092516,901.1566217098116,902.4369414997303,267968
2021-10-05,918.2439575195312,924.6949071793989,902.7322476362938,902.7322476362938,247336
2021-10-06,910.2173461914062,928.7328999366204,901.2549883964563,921.0016904028352,266765
2021-10-07,918.53955078125,942.5211248452116,914.0583416489773,918.4410276583252,432766
2021-10-08,922.47900390625,929.7177782408713,915.9788223557504,921.838814018491,230604
2021-10-11,929.6193237304688,965.0746630552786,923.2668967457615,928.437467063963,820917
2021-10-12,919.1797485351562,935.6271001067478,909.6264913854039,927.8465980716932,263229
2021-10-13,921.986572265625,935.528542076059,911.0052417928368,926.7631702995237,295829
2021-10-14,948.085693359375,988.8100680329732,926.7632211344899,928.3389900269021,2529984
2021-10-18,922.0357666015625,962.6616743951886,916.5204557795145,955.7183494491683,440102
2021-10-19,891.258544921875,931.2442620073266,880.5234327412612,918.8841496162903,274944
2021-10-20,854.030517578125,890.322973135241,850.9281513150976,889.8305378624892,259913
2021-10-21,848.3674926757812,864.1746525498012,838.1248151904554,862.7465782689059,233870
2021-10-22,835.07177734375,863.7314867829629,828.7193501677552,849.0568912980591,415062
2021-10-25,776.6688842773438,844.3295024393339,773.1233743758524,839.6513673714545,465189
2021-10-26,798.3360595703125,814.7341785967335,778.8356343170883,779.0326204533287,394041
2021-10-27,790.998779296875,811.5333055192681,783.3660327947217,803.654341388013,222198
2021-10-28,778.9341430664062,797.9913641893345,777.0628649742486,797.9913641893345,183241
2021-10-29,769.7256469726562,797.695997567741,764.2596268698387,781.0024279739459,420261
2021-11-01,810.105224609375,816.4576514104868,775.536293811474,777.407511710277,493755
2021-11-02,848.8106689453125,855.8525175010888,807.5938600125348,815.472824500462,885608
2021-11-03,832.41259765625,855.6555185014787,827.4390134203712,855.6555185014787,203283
2021-11-04,843.492431640625,851.7653085571742,807.5938864930687,836.9430181505926,81830
2021-11-08,854.2274780273438,867.6709855599971,829.1625697234225,843.4924247157167,501730
2021-11-09,850.9774169921875,860.5306736895419,847.0871661588844,856.8374089955953,140624
2021-11-10,869.7883911132812,878.0120356017093,837.1399105568737,846.0037449039464,311508
2021-11-11,854.1289672851562,875.3529151878557,849.9432675319572,874.5650307860694,149248
2021-11-12,856.3941650390625,872.2998482862624,846.9886634153422,856.8373688038927,276525
2021-11-15,843.9356079101562,860.7768704614497,835.9581202976526,860.3828981922908,130083
2021-11-16,833.4959106445312,849.9432603822692,827.2912383790338,846.9886488166297,118214
2021-11-17,805.6732788085938,842.9506622968746,803.1618711235625,834.9731753946464,176028
2021-11-18,791.2942504882812,818.9198572212653,778.4909334180751,811.3363420111823,189822
2021-11-22,793.9534301757812,801.6846400678621,765.8353274501114,789.0290773498116,189713
2021-11-23,797.4004516601562,811.5333197741537,780.0174626955458,792.8207796337302,286380
2021-11-24,812.8628540039062,837.1399361983487,807.5938208031127,807.5938208031127,382958
2021-11-25,860.0381469726562,871.1179398766842,818.4273691775292,830.2458149418256,1272710
2021-11-26,794.10107421875,846.6439515991452,788.9305040801344,837.0906957016439,497458
2021-11-29,771.3998413085938,805.6240921678004,753.7706348069305,796.760257412898,317938
2021-11-30,754.706298828125,798.2375896441426,748.5016263165311,774.108260901044,500170
2021-12-01,755.6419677734375,777.8507877788411,743.4295482899824,767.9036187645413,531980
2021-12-02,818.9198608398438,827.1435058727386,760.3200632211177,760.3200632211177,1206395
2021-12-03,819.4614868164062,832.2155718030705,805.7225313305668,818.4273848146172,413671
2021-12-06,793.21484375,826.1587188281601,787.9949812274888,817.5411006602666,368964
2021-12-07,808.5787353515625,822.1699371512041,792.8208062825918,797.7451591166451,232061
2021-12-08,813.3060302734375,839.1096488689834,808.8741131139183,812.4196829085679,522710
2021-12-09,821.037353515625,834.5793235033001,817.4425519832967,820.200177485714,289626
2021-12-10,834.3331298828125,842.2613259723676,814.9803990804993,821.3820578043944,267033
2021-12-13,822.8101196289062,846.9886798032702,820.3971747396791,836.1551036662516,192229
2021-12-14,830.3936157226562,838.1248253785786,815.9652383386044,817.4425441412694,202792
2021-12-15,850.7803344726562,868.6557576110422,821.8251786193222,829.2609386717659,685001
2021-12-16,861.3677368164062,874.6634888992153,839.2081500117245,853.9812078815123,662795
2021-12-17,816.3591918945312,861.4170178435362,808.5786908007232,856.2464476526668,457442
2021-12-20,778.786376953125,811.9765260647151,763.2746659989527,811.9765260647151,278034
2021-12-21,791.146484375,813.5030574184082,778.0477183541676,778.0477183541676,304542
2021-12-22,870.0839233398438,885.3986487910245,795.282990988601,795.282990988601,1695441
2021-12-23,876.4363403320312,894.8533718185255,857.8714941042833,877.9136461803637,1114912
2021-12-24,899.8270263671875,915.9296362501187,871.9059094531704,883.4289072218887,1834983
2021-12-27,907.90283203125,923.8085143995567,883.4780560396193,899.5807245271577,767629
2021-12-28,895.9366455078125,912.6302113804136,891.4554970570789,908.9369472542505,330665
2021-12-29,875.8945922851562,902.092184763475,861.8601870648264,901.0087911004832,428177
2021-12-30,864.5193481445312,877.3718966714883,859.2995463039416,876.5347807570292,264796
2021-12-31,903.66796875,918.2933326078597,871.6104440995324,875.4514633216115,1369126
2022-01-03,904.160400390625,909.7249430673443,890.2737496191048,897.2170750048649,470443
2022-01-04,901.5504760742188,914.6984731509996,895.247280855191,907.1641898119839,315786
2022-01-05,898.8421020507812,905.096005793675,888.3532069922686,903.1262647582155,200609
2022-01-06,897.906494140625,910.9067974473419,882.4440144542924,890.3229788690628,433104
2022-01-07,932.6724243164062,942.3241438234171,886.4819708097934,903.0278443780736,1076048
2022-01-10,946.0173950195312,963.5973704085163,926.9601739169002,935.6270227367477,1004043
2022-01-11,981.0294799804688,990.9274765845086,945.9681142617858,950.400031507156,1904002
2022-01-12,974.9234008789062,1008.5074632571328,962.3170094988088,984.8705695870437,1194143
2022-01-13,977.9271850585938,994.3252429852677,965.2715629363535,980.8325650858303,380483
2022-01-14,976.8438110351562,1005.3065933939141,970.0974719500421,976.0066951294332,678942
2022-01-17,994.571533203125,1008.4090129698192,970.5407270689976,976.8438627268555,663846
2022-01-18,976.7453002929688,1002.4011643206687,965.2715351356874,999.4957843771098,359817
2022-01-19,949.7106323242188,975.5634835262279,944.4908305800632,965.271574549178,342429
2022-01-20,956.1614990234375,970.0974406160637,903.4709273757629,944.490807665792,850435
2022-01-21,935.7747802734375,945.4757311788627,917.9978186967858,941.5362489656175,535495
2022-01-24,867.1785278320312,942.1764449992771,853.0948908504041,935.430045598169,607846
2022-01-25,843.4431762695312,872.5953209612425,834.1853689099011,848.9584273911862,431485
2022-01-27,846.2992553710938,870.5763385816739,828.8178030305451,841.8673378763068,464877
2022-01-28,842.5567626953125,873.5309537787541,833.1512608851156,853.488801848655,278506
2022-01-31,852.9470825195312,862.648092989011,837.2383860587094,859.3979722571878,218475
2022-02-01,859.4964599609375,874.1709937051623,843.4923150325518,861.663186988971,245233
2022-02-02,870.0839233398438,884.4137782139488,860.2352175690871,865.1103389479575,234984
2022-02-03,855.3601684570312,873.7772618266971,849.1554953195863,870.62566369144,160437
2022-02-04,868.1141357421875,873.7279097535317,847.9735214961531,856.837356215625,236378
2022-02-07,848.4659423828125,866.5875837691669,843.2461407143521,866.5875837691669,162112
2022-02-08,824.77978515625,856.6895522410922,818.7720392365483,850.928084050026,226408
2022-02-09,845.3143310546875,851.9129753718199,831.4769126678138,832.0185794159366,187039
2022-02-10,854.325927734375,867.7693740000038,842.06427798004,847.9735009834086,262813
2022-02-11,825.5184326171875,846.8901336480121,820.3970941964975,846.8901336480121,119440
2022-02-14,780.7561645507812,817.4425942316599,770.7597039621717,816.0637513533239,191068
2022-02-15,799.7640991210938,805.1316555135293,766.2292697119581,781.9871981379109,249693
2022-02-16,808.4309692382812,834.1361267339416,801.9800791396505,806.4119966273441,379019
2022-02-17,790.1124877929688,815.5221388246057,787.9949918271095,808.4310580430075,154742
2022-02-18,784.6956176757812,801.6846348140394,773.9112730352368,787.8964469916849,193534
2022-02-21,773.6650390625,790.9987965974165,763.5701160485357,782.9228461638996,304340
2022-02-22,740.5734252929688,767.2141617631696,729.7398491961847,767.2141617631696,379755
2022-02-23,763.6686401367188,781.7409904862615,752.2441058150171,752.4903234498158,338661
2022-02-24,725.0125122070312,748.4524203344694,714.0311810333435,743.4788358544453,278827
2022-02-25,746.4334106445312,763.2746729316218,740.6226503801026,740.6226503801026,319021
2022-02-28,753.081298828125,759.3844343541226,729.0504330849889,746.4334225385962,112667
2022-03-02,743.9219360351562,761.4033880658933,733.7777815269894,738.6529027072023,167113
2022-03-03,736.68310546875,756.7251953228432,732.4974060058594,752.1455837422434,161860
2022-03-04,723.3381958007812,741.0166343992355,717.2319862981083,728.7057523824468,211064
2022-03-07,696.5989379882812,718.4138450284985,687.7843344169532,718.4138450284985,287041
2022-03-08,718.3153076171875,728.7057399514902,693.7920671251225,697.780780808173,269010
2022-03-09,732.4974365234375,750.4713232011554,713.2432302143093,718.3152772371508,343941
2022-03-10,778.7371826171875,801.7831182106014,735.7967890973418,749.4865142565757,698228
2022-03-11,759.5321044921875,785.0402131281742,752.4410252164939,768.1989524461587,567260
2022-03-14,751.9978637695312,773.0248851658265,740.770376054198,763.274643099606,651831
2022-03-15,743.429443359375,765.2443481128141,736.6831047469561,751.456161660331,226918
2022-03-16,792.2298583984375,798.7299796878284,750.4713249348031,750.9637601873849,607261
2022-03-17,809.0218505859375,849.6969885212002,797.0556504641318,807.5937763980112,1172490
2022-03-21,799.5178833007812,817.442538948257,792.1313543343813,813.8970290890757,207068
2022-03-22,821.4312744140625,829.0147897102651,790.506375052644,797.7451495875434,567788
2022-03-23,822.4161376953125,862.7465985901065,816.4576829123268,828.2761294683556,916571
2022-03-24,851.420654296875,857.8223133517387,822.4162024028767,825.3708142743523,499956
2022-03-25,833.052734375,875.943895107496,828.3745992417098,858.7086604059004,552083
2022-03-28,818.6736450195312,836.795287191572,807.4953883171888,836.1550972891212,207373
2022-03-29,846.4469604492188,851.0265721920448,823.2532722732358,823.2532722732358,288014
2022-03-30,848.564453125,863.1405855483099,845.166697771677,851.3221387910718,194810
2022-03-31,841.6703491210938,861.3677601476743,833.643690194799,848.564442980397,214315
2022-04-01,846.7424926757812,866.5876591774866,833.2005220165291,838.37109263188,370780
2022-04-04,858.80712890625,871.2164739260296,847.9735527388547,854.3752113832246,259600
2022-04-05,857.5267944335938,877.4211914389498,852.8978908557954,864.2239021084994,468521
2022-04-06,847.3333129882812,873.6293674338033,844.0340208487899,856.738874378835,317726
2022-04-07,910.069580078125,917.8993126320416,847.7765205030428,851.5683080224742,1859595
2022-04-08,907.1641845703125,917.8500654570983,893.4252893200119,905.0959805853729,464182
2022-04-11,923.8084716796875,928.6835923745418,898.3495948790455,905.9823407804503,489402
2022-04-12,907.4104614257812,935.5285638486765,901.6489927261275,918.884227431433,482421
2022-04-13,886.2356567382812,915.880293562738,878.5536791955791,915.880293562738,186744
2022-04-18,875.8453979492188,888.8457016747298,859.7920194593231,885.3986546322238,229422
2022-04-19,844.2310180664062,901.8459432339022,836.6475030732967,876.4362959516081,365321
2022-04-20,855.655517578125,870.6747933912088,847.530335580883,856.2464759722337,192414
2022-04-21,866.883056640625,875.0082385516688,858.462425591525,861.5155002043173,186421
2022-04-22,865.6519165039062,876.8301723566693,852.1591789665752,861.6632031002878,139904
2022-04-25,872.9892578125,904.1111423723478,849.4015967053859,856.8373571502642,1773776
2022-04-26,867.9663696289062,893.2283222896802,858.068433012201,886.3834602134644,387535
2022-04-27,862.451171875,877.4704480971685,852.9471468110344,854.1782350259663,250405
2022-04-28,845.0189208984375,870.6255548650568,842.0643092869045,869.6406843278791,185359
2022-04-29,823.15478515625,858.7086477106604,813.1090936277766,855.8032675958565,214477
2022-05-02,820.0524291992188,832.855745438946,813.5030164626688,817.442498382585,162684
2022-05-04,792.968505859375,830.787496932232,782.9720462555731,827.2419871825571,160412
2022-05-05,786.1729736328125,820.88966304159,777.4076010565417,800.1089169720927,277925
2022-05-06,757.7100830078125,773.4680107557036,742.2968959964409,758.3502728672602,450383
2022-05-09,732.595947265625,753.4259838037134,726.686723863243,753.4259838037134,161163
2022-05-10,714.966796875,742.4939411194433,709.106805005732,731.0694065273137,122362
2022-05-11,712.0121459960938,720.580531440628,677.9848819567568,714.0311185157587,250118
2022-05-12,684.8296508789062,701.818666327863,675.8181222295367,700.2428976352573,259964
2022-05-13,685.2236328125,708.7620612038926,679.806845201334,694.2352217012201,164462
2022-05-16,692.5609741210938,697.6823129393913,675.3257397116397,693.2503955198173,127085
2022-05-17,720.2357788085938,728.1639742471938,702.8035590770903,702.9020821933292,268139
2022-05-18,713.5879516601562,732.6452330480911,709.1068026380532,719.9403787894679,124482
2022-05-19,693.1026611328125,703.1975844388321,684.4850436764543,694.3337493408637,100741
2022-05-20,702.7543334960938,719.8418727440479,697.6329948719747,708.1218897452981,147859
2022-05-23,706.2999267578125,728.5087452537421,699.8982682935648,706.6446073996582,210880
2022-05-24,732.7435913085938,738.5543508219923,709.993108687652,718.8569424534818,266190
2022-05-25,709.4514770507812,748.5016184251531,704.2809066603443,738.0127230170042,206117
2022-05-26,714.27734375,719.6941316033265,691.4775671953993,709.1067735263703,601466
2022-05-27,720.5805053710938,728.8041497731693,707.2354623770849,719.8418525165939,108919
2022-05-30,731.266357421875,742.4446137229602,724.9631620808884,731.1186027999278,132600
2022-05-31,785.7789916992188,801.684676086412,724.9140000580021,731.2664275112542,513537
2022-06-01,793.5101318359375,811.6317120089071,775.0930424392427,775.0930424392427,241580
2022-06-02,862.451171875,875.5499384595289,792.2299121176333,794.5443339170134,1428814
2022-06-03,875.6484375,891.209441266369,838.1248912096879,858.8071740715015,884179
2022-06-06,839.0604858398438,865.6519909669902,835.76113339592,858.8071285508049,325323
2022-06-07,815.8175048828125,845.0189410512445,810.5977029336295,832.2156237625893,324666
2022-06-08,810.4992065429688,819.4122727275761,799.7148623254709,818.4274022074709,192399
2022-06-09,801.4876708984375,820.8896334658061,796.7603041077831,805.6241393821589,143867
2022-06-10,781.9872436523438,800.4535671013128,779.0326319005087,795.775431827574,96875
2022-06-13,742.493896484375,769.0361084589948,739.4407618571025,763.2746400593658,114718
2022-06-14,749.6835327148438,753.4260290722023,730.7740046687243,730.7740046687243,106858
2022-06-15,766.0814819335938,782.3811365331491,751.0622070526156,752.4410497749031,167293
2022-06-16,740.819580078125,775.0930604359202,733.826963669166,775.0930604359202,113714
2022-06-17,733.5807495117188,749.4864317331363,728.7549202495907,740.425611337671,96145
2022-06-20,719.0046997070312,739.3915311702339,687.0949314318544,735.7474982816486,145757
2022-06-21,740.4749145507812,744.5621514639589,721.9101283374099,734.7134457567637,183083
2022-06-22,726.0957641601562,737.4710062253664,721.0236571240462,728.8041579905265,47069
2022-06-23,738.4559326171875,744.5129105956387,724.5200502837852,727.8193426095158,101238
2022-06-24,767.06640625,772.4831942921401,747.024314538773,747.024314538773,246903
2022-06-27,795.4307250976562,797.4989292114634,772.1877440113042,775.7825455695759,176583
2022-06-28,790.4078369140625,801.6846165774544,782.4796411189036,801.6846165774544,75802
2022-06-29,795.282958984375,806.9536508083712,778.4909283433351,781.0023361914667,142828
2022-06-30,793.5101318359375,805.6240263218558,784.3508486934979,795.7753218435935,56009
2022-07-01,794.4950561523438,805.5748494416241,784.9418001383524,795.775375798982,156605
2022-07-04,796.4156494140625,807.5446753768442,785.9759847946021,799.714941940182,84708
2022-07-05,782.4796142578125,808.480219569219,776.1271874941674,796.4155559132615,165416
2022-07-06,799.9010620117188,801.8312895608647,782.9745813226828,785.2512336352579,65509
2022-07-07,800.5939331054688,816.5306193519613,796.8819804664264,806.7310402185312,187547
2022-07-08,799.6041259765625,807.6219803967928,796.585083069544,806.6321263016457,48974
2022-07-11,801.682861328125,805.741238979722,791.8832815525523,791.8832815525523,81548
2022-07-12,803.4151000976562,815.39231047669,792.0812586306122,792.0812586306122,109108
2022-07-13,793.8134765625,810.6904762249062,787.1814422684453,810.6904762249062,64620
2022-07-14,790.5469970703125,805.1968255918763,781.5887691786113,794.8528382168336,98320
2022-07-15,782.43017578125,794.5558883567467,774.164857898617,791.8832702365187,58460
2022-07-18,788.31982421875,795.446725359131,785.3007209008978,786.3895966532722,115087
2022-07-19,782.43017578125,793.8134977909,778.9162058527552,787.8248926429161,106278
2022-07-20,774.5608520507812,795.1498057473534,772.0862167407148,793.8630074692991,125629
2022-07-21,775.8970947265625,784.9542837049014,769.1660990806207,774.6102965085865,71675
2022-07-22,805.4442749023438,809.6016741108036,777.6293390765254,781.4403135242379,310436
2022-07-25,793.2195434570312,818.4113418957551,782.0836850483919,805.4442776040545,370817
2022-07-26,798.6636962890625,826.2806477662047,790.2499370725153,799.802052584718,730681
2022-07-27,794.35791015625,804.2069704712737,786.4885580285317,800.6434594845846,102278
2022-07-28,802.771728515625,831.1805551590998,795.9417106048027,798.3173847692375,350294
2022-07-29,831.031982421875,836.4266992517078,805.7412227111125,811.6803472028406,596899
2022-08-01,834.8429565429688,848.7998749264199,825.0928575901931,838.4064070701779,368335
2022-08-02,844.593017578125,848.3049704828047,826.5281801086837,833.4571588640858,270843
2022-08-03,837.26806640625,855.9763330645675,829.4977358867968,841.3759850880397,810537
2022-08-04,838.9508056640625,848.3049387167559,815.6397543787712,841.3264796004569,148735
2022-08-05,835.7832641601562,843.2071697235469,826.5281527241552,838.9508092837159,80215
2022-08-08,842.5143432617188,845.8303303377596,827.1220636396458,827.1220636396458,106032
2022-08-10,843.7516479492188,850.2846607572455,839.8417122222776,848.1564503037753,155119
2022-08-11,839.247802734375,851.2250739965938,837.4165967541692,851.1755933731102,97309
2022-08-12,835.2882690429688,848.7998002334504,831.5763165638136,839.2476850207341,87272
2022-08-16,826.0332641601562,841.9204107225968,821.3314570843495,835.288376027226,86025
2022-08-17,859.193359375,875.0310249855991,829.7946805021455,831.0814787498267,733839
2022-08-18,859.539794921875,866.7657782800392,852.6603571687277,859.1933701486591,128747
2022-08-19,837.3670654296875,873.6451809682561,831.477421610103,859.5397604230848,260706
2022-08-22,838.3074340820312,851.2744982022413,826.6271077507242,841.8708845593095,141443
2022-08-23,840.5841064453125,854.7390078682307,831.4774367218458,834.4469989958524,196702
2022-08-24,840.9305419921875,849.6907870623584,834.9419367460096,847.3151130463358,83413
2022-08-25,843.9990844726562,859.1933200561382,840.3860930042181,844.345509225675,128488
2022-08-26,846.2261962890625,867.1120912147503,841.3758875942211,848.3048654920559,255985
2022-08-29,834.4964599609375,841.2274555402928,823.6575458329409,833.3086229961342,72198
2022-08-30,854.194580078125,862.1628932424793,840.4355843663349,846.2262669137708,196376
2022-09-01,850.0371704101562,873.4967236155723,847.3150717567322,853.8480843585912,153663
2022-09-02,842.4153442382812,861.1730920623601,840.3861553574066,861.1730920623601,100416
2022-09-05,875.1299438476562,882.5538492430925,845.632305159636,845.632305159636,484137
2022-09-06,872.3583984375,881.8610339619726,845.4838961126193,880.7721582121803,262480
2022-09-07,873.4967041015625,880.9700899726457,859.6882282485874,859.6882282485874,150511
2022-09-08,915.96142578125,922.1480136260358,867.3596158389714,876.0208388216715,1088463
2022-09-09,897.3522338867188,925.2166513287423,891.4625898323061,925.2166513287423,258448
2022-09-12,928.0376586914062,932.6899848406521,896.7088140492419,901.5590626770921,398064
2022-09-13,920.6137084960938,932.4424759805116,912.8928593131919,930.413287346323,119261
2022-09-14,905.9639282226562,934.3232712019942,901.7570484685493,903.3903318335615,251786
2022-09-15,885.0285034179688,913.9322544626318,872.0614392146214,910.5667868604911,175395
2022-09-16,871.615966796875,898.7874724014415,863.1527267996222,869.190812304683,174157
2022-09-19,872.8533325195312,884.6326204654015,865.9738344474777,866.1223367287052,160297
2022-09-20,881.8114624023438,896.1643462270574,874.2885957364389,877.2581579070693,208883
2022-09-21,875.1299438476562,915.5160375315464,872.0614204505681,886.2163213213537,167888
2022-09-22,871.26953125,885.9193588437909,864.241531371646,866.6172052153507,64526
2022-09-23,855.9267578125,900.915633771471,847.3150160105229,880.9700516931839,324456
2022-09-26,805.0482788085938,853.2047020305095,800.8413991377588,850.2846205287507,184439
2022-09-27,801.0394287109375,816.5306695091492,797.5254587466366,816.5306695091492,110195
2022-09-28,817.0255737304688,824.5484404978233,796.8325265315099,800.2970157772991,154492
2022-09-29,814.64990234375,831.4774215902187,811.7793013647579,831.4774215902187,65518
2022-09-30,802.4746704101562,821.4303387454984,791.9821814922265,814.649862838414,105977
2022-10-03,791.9822387695312,808.5128142710705,786.3401187498766,803.7615266890932,123856
2022-10-04,797.9708862304688,807.275478280133,792.9720748221146,797.822383952952,103601
2022-10-06,817.2235107421875,821.974858696468,801.583828237728,803.7120386929118,105757
2022-10-07,822.3707885742188,827.5675226900726,814.5509772970458,817.22353508105,82652
2022-10-10,821.8758544921875,829.4977432134867,810.6410345231382,811.6803692542471,71347
2022-10-11,808.116943359375,828.9038802812923,803.6625997332499,825.1919272595213,58082
2022-10-12,826.3301391601562,841.2769713892989,803.612976896054,811.5813502377655,239707
2022-10-13,807.9188842773438,828.3098534547732,804.7513392475566,828.3098534547732,67443
2022-10-14,813.5610961914062,821.479928867158,808.3148212110017,814.1549844757282,69334
2022-10-17,811.4329223632812,822.5687813161168,803.761552862439,813.5611329072948,66793
2022-10-18,809.2552490234375,820.6385717593265,806.7311330217035,813.7590733270652,54638
2022-10-19,807.6219482421875,814.1549608436931,806.7310554256654,813.165106787956,60004
2022-10-20,841.177978515625,850.2846480635128,806.7310688844736,807.5229400590948,256604
2022-10-21,828.161376953125,849.294735780848,820.5889696530571,849.294735780848,181776
2022-10-24,827.616943359375,843.3556468507654,822.5687118931762,836.3277072933677,33172
2022-10-25,805.7907104492188,832.7147537993739,802.7716675557708,821.875839423055,100679
2022-10-27,868.4484252929688,874.9320176434196,823.5585683594464,845.3353574266433,1046500
2022-10-28,860.8760986328125,871.7644934264724,851.2745020497692,871.0715834927871,256195
2022-10-31,847.5130615234375,866.5182716319066,843.4546236122486,852.6107737025575,97410
2022-11-01,840.2376098632812,855.6793697281379,836.4266958297064,848.1069618658055,135507
2022-11-02,832.46728515625,847.2656158043358,825.7857700851386,844.4444954136605,99979
2022-11-03,821.4799194335938,831.4774214055634,817.1245373455864,831.4774214055634,129045
2022-11-04,812.9176635742188,829.398758180165,811.6803459736492,825.5383031000285,114715
2022-11-07,812.373291015625,824.5484846481376,809.799634045694,817.0256174779723,75752
2022-11-09,807.5724487304688,820.5890543990575,805.8402040438604,820.5890543990575,77865
2022-11-10,804.3553466796875,814.6003719622743,797.1294244690242,804.7513124511872,64275
2022-11-11,792.4276123046875,815.392237323721,786.9339346553666,811.5813235675337,97112
2022-11-14,785.8947143554688,796.7831100038032,780.005070080689,796.4366248018146,89793
2022-11-15,782.5291748046875,790.1015831082846,777.134457682561,790.0025614451848,109370
2022-11-16,779.16357421875,791.8831735271735,773.0759481559032,777.6787932683865,111466
2022-11-17,769.0670776367188,783.9643682584513,754.318228865499,775.8970339894342,156130
2022-11-18,767.2359008789062,781.6878072170299,756.199063738878,771.1458367189291,87710
2022-11-21,769.26513671875,780.945402996399,764.1673639457573,764.1673639457573,61064
2022-11-22,763.177490234375,776.7879837372578,762.187636161438,773.1255115842115,68900
2022-11-23,775.2042236328125,783.8654465726471,764.7117344504463,767.0379277181113,109467
2022-11-24,778.7182006835938,788.9136854131565,769.3640677382382,779.1141060578512,151259
2022-11-25,782.0342407226562,790.8934472398752,776.9365282196496,779.0151977193764,138225
2022-11-28,795.8426513671875,802.7716296751108,780.3514114124006,781.984694751341,138798
2022-11-29,785.0037231445312,799.7030916784533,781.9846804487626,797.7233836266843,60921
2022-11-30,800.2474975585938,804.3058748894825,774.3133100539837,785.944094832679,198217
2022-12-01,794.2094116210938,804.2069742636705,786.4390811156377,802.7221931161898,83493
2022-12-02,802.4746704101562,816.2831461465502,785.053203314986,787.1814136357822,383463
2022-12-05,797.9213256835938,810.1955400721822,794.3083946499754,806.1866432521333,142112
2022-12-06,788.7156982421875,799.7525951120199,786.0430802128755,799.7031144924931,85079
2022-12-07,775.0557250976562,790.7448877037085,773.3234805013333,782.9745575379899,100238
2022-12-08,764.3653564453125,779.0151852020178,759.0696007029759,779.0151852020178,170509
2022-12-09,760.6039428710938,772.086226691426,749.1215986348595,772.086226691426,138000
2022-12-12,755.3576049804688,766.5430041313741,752.8829698437015,764.5632960219604,61867
2022-12-13,773.521484375,778.3717331267148,757.2383726447533,757.2383726447533,154118
2022-12-14,763.1279907226562,775.9960933522862,762.1876172934656,773.5709388504458,110565
2022-12-15,757.980712890625,769.1165705726615,756.6939147527686,763.6723734836659,66144
2022-12-16,751.6456909179688,769.1166400480982,749.3690385582779,753.2789743585621,109217
2022-12-19,743.0834350585938,764.0683526527343,738.4805896362934,764.0683526527343,95236
2022-12-20,741.84619140625,746.3005350008244,725.2661346931118,745.459122738975,142901
2022-12-21,739.1240844726562,750.0619604300596,736.7484104151284,745.756119168679,85060
2022-12-22,723.6823120117188,744.3702869729383,718.1886338120532,744.3702869729383,121444
2022-12-23,666.4192504882812,723.4843616069602,663.2022247711079,713.7837434193812,193435
2022-12-26,692.25439453125,698.0945574983746,658.2529326287403,665.9243013924587,163419
2022-12-27,703.3903198242188,716.1594622532847,693.1948343798125,702.6974702667155,123526
2022-12-28,703.3408203125,708.6860566313287,699.6288674288411,706.6568678047751,50801
2022-12-29,691.8090209960938,704.3306385023092,688.34453181466,704.3306385023092,67115
2022-12-30,709.2799682617188,711.903105885499,694.8776026824635,696.5108861713684,78559
2023-01-02,719.7229614257812,725.1671595013648,702.7964788480565,702.7964788480565,78697
2023-01-03,719.3269653320312,726.2064632072564,715.6644931868993,726.2064632072564,27602
2023-01-04,706.557861328125,729.4730084553593,704.7761359888615,729.4730084553593,48823
2023-01-05,711.705078125,715.664494414986,704.6275973402907,704.924601894758,41698
2023-01-06,702.5489501953125,712.5959935155752,698.8369973059396,711.7545812777773,43673
2023-01-09,697.599609375,714.6251103283455,693.887656859702,706.2608319106953,61997
2023-01-10,693.1947631835938,704.6771061489592,690.9181110041517,701.3115782900308,48047
2023-01-11,690.6211547851562,703.1923127939694,688.3939832628981,696.8572229642999,41893
2023-01-12,712.051513671875,718.6340675200644,692.8978612452411,697.3522046389605,222341
2023-01-13,707.8446044921875,722.0490463091287,703.7862270678594,712.0514841898505,109895
2023-01-16,693.4422607421875,711.2596341071959,691.9079990078247,707.8446254623897,55145
2023-01-17,697.1047973632812,701.3611581997485,692.848436526814,692.8979171520012,31540
2023-01-18,695.52099609375,700.7672106542979,692.9968198475395,697.1047384613461,29915
2023-01-19,694.6300659179688,699.0844090553123,689.9777398913419,695.3724564408593,30262
2023-01-20,696.90673828125,699.8268198390052,690.9181333064012,694.085678378951,22755
2023-01-23,695.8179931640625,701.3116716634253,685.869970949124,692.8979113117822,99804
2023-01-24,691.7100219726562,701.6085628148978,689.0374038620713,701.6085628148978,50074
2023-01-25,680.0792236328125,699.925785563323,678.1489961218676,695.3724810282868,52700
2023-01-27,656.0753173828125,687.9486330399293,644.395050516538,687.9486330399293,113557
2023-01-30,661.9649047851562,684.0881189319908,646.8696303208966,684.0881189319908,63930
2023-01-31,695.2239990234375,708.2406045309318,650.9775693372434,676.0208658419498,621669
2023-02-01,687.9979858398438,705.567893707096,681.5639350715543,687.1071535214616,182347
2023-02-02,693.8876953125,699.826819666102,680.0297384874286,681.7125024707954,66756
2023-02-03,675.6249389648438,696.9068032202573,673.1008229619171,688.1466181465994,72361
2023-02-06,646.9685668945312,678.0500074613053,644.8898976073583,678.0500074613053,222416
2023-02-07,630.3389892578125,653.2046519693083,628.606744828876,650.3340513207144,217600
2023-02-08,646.523193359375,649.2452919818672,633.506588507281,634.2984596597358,78597
2023-02-09,646.2261962890625,657.0651102853718,636.9710850318812,648.3544066758076,478848
2023-02-10,642.8113403320312,649.7898003445815,640.6336490133027,646.2262889823243,85797
2023-02-13,642.9102172851562,646.1272430067525,635.8822775674128,639.6437109433303,36906
2023-02-14,639.74267578125,646.9685984364432,634.991388310431,637.2680405968757,50672
2023-02-15,644.9888916015625,649.98770301689,633.9520549063311,637.0700589954492,92692
2023-02-16,647.3645629882812,652.0168892091442,644.3950007727386,648.3544170601288,51145
2023-02-17,634.3479614257812,653.3036911770505,631.0319744323783,646.4736738756584,109113
2023-02-20,622.0242919921875,637.465990578985,617.6689101262216,637.465990578985,103858
2023-02-21,617.2235107421875,633.5066227379282,615.0458196433459,621.9747983295421,110677
2023-02-22,605.790771484375,619.6982109360883,603.1181530564098,618.1144683796158,96028
2023-02-23,607.7704467773438,623.6081131428771,602.8211760381146,603.8110301859604,113912
2023-02-24,600.24755859375,616.0356833713806,598.9112192909824,608.7602798035039,94592
2023-02-27,605.8896484375,610.1955498656478,582.034189660299,596.882000621021,189739
2023-02-28,601.831298828125,607.770423487613,591.0418648636949,606.7805693776984,145528
2023-03-01,611.779296875,618.4113312379625,599.0596962211786,599.0596962211786,82585
2023-03-02,602.177734375,611.7298508729527,599.752640095037,609.948125526406,41443
2023-03-03,617.5700073242188,621.6283850346772,603.9099721865961,603.9099721865961,87791
2023-03-06,629.3492431640625,631.8238784866767,616.6791223954581,616.6791223954581,95614
2023-03-08,635.5852661132812,638.2084035318454,623.6080561846647,628.5573264718446,71908
2023-03-09,631.22998046875,639.0497917184193,626.082726993685,633.5066328473652,130868
2023-03-10,633.70458984375,636.2287056476205,610.8884655361437,625.4888131181,232247
2023-03-13,600.8909301757812,633.7046183498585,596.0406812477105,633.7046183498585,390261
2023-03-14,612.0762939453125,616.0852516147412,595.9416832659472,604.0090188135814,134287
2023-03-15,624.0535278320312,633.407661136286,613.0661111005941,615.0458192955306,202804
2023-03-16,645.9293212890625,652.0664291762549,619.5002030821535,625.4393280537778,388433
2023-03-17,664.9344482421875,673.1007440337737,649.393727804111,651.3239552562105,478092
2023-03-20,669.0919189453125,675.5754514881354,660.4801758321735,665.2809442514791,373801
2023-03-21,653.4522094726562,668.9928705382684,650.4331061294324,668.1515187180944,91516
2023-03-22,639.2972412109375,658.2529712408494,635.7337906457677,657.7580441948037,93802
2023-03-23,623.9544677734375,638.455853575265,622.2222232094737,638.455853575265,113736
2023-03-24,616.1841430664062,628.5573186299887,612.1752462669848,627.2705204545554,82549
2023-03-27,608.76025390625,628.5573353340956,602.8706100982864,628.5573353340956,261344
2023-03-28,615.2437744140625,620.6879717042802,606.5330708328935,611.5318217161868,155703
2023-03-29,638.9508666992188,650.3836702788977,614.6994395355769,614.6994395355769,218673
2023-03-31,627.5674438476562,652.2148329222264,623.8554913012388,638.9507649900033,282627
2023-04-03,649.542236328125,653.303669615459,628.161352709354,634.8924085472,101810
2023-04-05,638.2579345703125,656.2238112983372,634.4965009381032,653.0067853575433,98678
2023-04-06,642.5637817382812,648.2059014994712,635.4863011032494,635.4863011032494,58973
2023-04-10,660.7275390625,662.9052299261093,645.3848022003746,661.1729854416758,144368
2023-04-11,674.635009765625,688.7404298541665,662.0143707390353,662.0143707390353,285316
2023-04-12,664.2910766601562,678.9904466114905,661.2225530503846,678.050073113044,108845
2023-04-13,660.4306640625,669.7352563030768,653.2047412544193,666.9636769211155,62301
2023-04-17,666.2213134765625,676.0703742029632,645.4838572651946,658.2035191494473,162685
2023-04-18,668.2009887695312,675.0804867514242,656.2732591146544,662.2123836315291,114270
2023-04-19,675.8228759765625,684.9295456342342,659.2428200664821,668.2009874451667,233980
2023-04-20,672.4573974609375,678.0500976149254,668.9434272864057,677.9015953249989,151109
2023-04-21,662.6577758789062,680.8215727083685,650.3340814307162,677.7530494585385,243459
2023-04-24,669.7847900390625,679.5348285991437,651.3239872079192,653.3036953757245,351387
2023-04-25,647.0181274414062,665.1819251905943,645.03841933072,663.202217079908,415822
2023-04-26,658.3024291992188,660.7770643442544,643.4546183290045,643.4546183290045,169310
2023-04-27,669.982666015625,675.525884750231,661.1235209123818,664.8354734693478,236314
2023-04-28,673.4471435546875,680.9205895743191,666.023238567684,673.1007188216514,322634
2023-05-02,671.8634643554688,677.0601983339088,665.082987997578,677.0601983339088,236544
2023-05-03,682.900390625,685.7709313615875,665.7758657888224,668.1515398747378,267216
2023-05-04,702.103515625,704.8256144565205,679.4358925138789,683.9891973020619,752210
2023-05-05,712.4968872070312,719.5743673749513,702.7963302251305,706.7062655539278,546595
2023-05-08,741.6481323242188,751.794136136462,714.9220735017244,719.6238801464225,664076
2023-05-09,760.702880859375,771.8882201798526,742.5885627932686,752.2891209539687,841199
2023-05-10,769.8590698242188,771.8882587608256,762.8806101076427,766.790546106999,212601
2023-05-11,774.5608520507812,777.0849679838688,761.692748438436,777.0354873608476,173703
2023-05-12,766.048095703125,777.035451810778,764.2663100286746,772.0861814170787,96816
2023-05-15,799.9010620117188,803.2171094463794,765.0087055115613,771.1952935435041,1001883
2023-05-16,793.4175415039062,802.6727135853208,788.913717433607,802.6727135853208,260984
2023-05-17,797.2780151367188,800.7919851887922,787.6764180642539,791.8832980853322,212357
2023-05-18,814.5014038085938,820.3415670343834,801.7818030743294,801.7818030743294,520828
2023-05-19,795.5952758789062,818.7578872372629,790.8439880252672,814.5014660444731,262107
2023-05-22,793.2195434570312,803.7615135835692,782.0836850483919,799.7031360187801,214214
2023-05-23,793.318603515625,807.424024849348,789.4581482474033,793.8135305799661,137646
2023-05-24,793.8134765625,801.7817896729841,783.9644165691401,801.7817896729841,131114
2023-05-25,788.31982421875,795.8426911628852,783.9644420410511,794.8528370693991,72329
2023-05-26,775.0557250976562,793.1205616021674,766.7904679044167,790.5964458449904,148955
2023-05-29,787.5278930664062,793.8629834347389,776.3920345082506,776.3920345082506,133553
2023-05-30,788.4187622070312,791.685268536009,783.5189725056159,791.685268536009,40859
2023-05-31,790.5964965820312,792.67516606466,781.9352730445767,791.7843336074909,276894
2023-06-01,793.8629760742188,796.2881306653559,784.4593622678533,790.5964696772926,140966
2023-06-02,782.8260498046875,795.0013029295193,778.3222259688325,794.8528006559399,122443
2023-06-05,786.0926513671875,792.3287200639173,783.8159386227552,787.8248960282735,57229
2023-06-06,786.6865234375,792.6256478673521,783.0240512892449,786.0926351608739,51006
2023-06-07,799.8515625,808.562266160069,791.8832493862305,800.6929747020113,318559
2023-06-08,796.486083984375,810.8884483013103,794.1104101025336,807.7209032641539,147402
2023-06-09,790.6459350585938,802.3756815719773,787.9733169977515,802.3756815719773,75394
2023-06-12,797.4263305664062,812.6701058038708,791.6357090336732,794.8527344220563,217357
2023-06-13,794.704345703125,806.7805778926858,791.982246908654,801.7818267351098,134421
2023-06-14,788.1713256835938,800.0495748618708,786.1916174872142,795.6941926634761,96793
2023-06-15,779.609130859375,793.9125358959865,776.0456799646746,791.7843856507283,103871
2023-06-16,775.105224609375,791.3883362948694,772.9770745887027,783.6674865605381,110912
2023-06-19,805.2957153320312,809.7005777464714,776.9859148974731,777.0353955146455,377578
2023-06-20,823.26171875,840.0892395066862,805.3948632062286,811.6804129695706,904690
2023-06-21,819.0548095703125,839.3962997994902,811.680384240073,839.3962997994902,344440
2023-06-22,804.0584106445312,828.5078170910913,798.8121964068227,819.5991308858107,270208
2023-06-23,790.5469970703125,810.096615444886,786.9834860790785,803.7615250710695,207430
2023-06-26,787.8743896484375,796.8325572460986,783.0240803510142,791.3388790277684,133164
2023-06-27,784.1129150390625,794.8033267663043,781.9847046511846,789.8540564837019,185541
2023-06-28,791.7348022460938,793.615549260718,786.092682034024,786.092682034024,181943
2023-06-30,852.75927734375,864.9839508851046,794.0114627285053,794.0114627285053,1584490
2023-07-03,857.3621215820312,866.0233446408399,833.4571217733603,858.6984004018884,427317
2023-07-04,869.3887939453125,871.0715579017109,839.0002627398803,857.3621035715481,520323
2023-07-05,919.1290283203125,923.8308353763855,865.3304812240269,871.0716230198411,1203401
2023-07-06,904.4296875,921.5541510485496,898.589524245363,918.5845888002727,361492
2023-07-07,908.2406005859375,940.3613776204689,881.9599867998294,899.777360270533,1160770
2023-07-10,892.5514526367188,918.5351227204833,882.4549287495619,908.6860623579336,194753
2023-07-11,886.117431640625,913.3879009122343,882.9498863329319,891.858573526874,339855
2023-07-12,879.3864135742188,902.7469463529571,876.0703660634041,890.8686970588393,383304
2023-07-13,887.8496704101562,910.0719076223187,875.229030303496,888.8890051592892,794574
2023-07-14,941.5491943359375,946.2015205029984,887.3546845290215,889.977761539544,1180621
2023-07-17,950.3060302734375,969.2126423940608,930.4043333043603,930.4540753997511,617065
2023-07-18,926.5233764648438,958.2666039424608,911.6966502904185,950.3059260280894,375910
2023-07-19,938.7630004882812,984.0393577246995,900.651205039612,928.4140945401808,2358838
2023-07-20,966.9736328125,986.0295306011433,940.3551150067533,940.3551150067533,975311
2023-07-21,950.4552001953125,966.9735823504595,946.0270610182234,966.9735823504595,240711
2023-07-24,962.9435424804688,972.3471056884182,931.250056167391,949.3108690070267,299726
2023-07-25,989.860595703125,994.9853066700912,957.3213108951317,964.436191443808,310409
2023-07-26,994.189208984375,1005.4337159210605,974.2377706987843,974.2377706987843,366673
2023-07-27,1004.04052734375,1018.4195143372796,993.1940791170355,997.074933992505,292081
2023-07-28,1026.0318603515625,1039.8137598305027,994.0896642042267,1007.9711085991541,280367
2023-07-31,1070.9102783203125,1078.6719888206183,1016.7279562522756,1039.863679259729,542158
2023-08-01,1070.263427734375,1102.55387856822,1061.0090911763218,1075.1392457250854,384356
2023-08-02,1024.2904052734375,1067.6263922767364,1017.4740994149377,1064.740622370644,417116
2023-08-03,1021.6535034179688,1031.3555801025498,1011.5036871668391,1029.9127557478391,187900
2023-08-04,1021.6535034179688,1044.8390275702716,1015.9815687135688,1030.9576433635339,240389
2023-08-07,1015.1854858398438,1033.2960406463621,1003.0454396023872,1028.1215270043238,148261
2023-08-08,1035.88330078125,1039.4655818501192,1015.9816043205151,1015.9816043205151,161777
2023-08-09,1022.4994506835938,1039.2666055295324,1019.9619358161206,1039.2666055295324,120127
2023-08-10,1001.7518310546875,1031.4551473153817,997.0251784870792,1024.937293607715,157119
2023-08-11,1010.6080932617188,1020.9569994212599,1005.0356427051388,1005.0356427051388,136132
2023-08-14,1003.3439331054688,1009.1652152866449,996.0798266366675,1009.0159282812995,114354
2023-08-16,1000.15966796875,1018.9170521355949,995.0847599868785,1005.0356075867472,99839
2023-08-17,1013.59326171875,1028.4698510214018,997.0748798201806,1000.0601339513787,146337
2023-08-18,995.1842651367188,1017.3747043400876,987.2235868890972,1013.5933335843434,77259
2023-08-21,972.5958862304688,1002.4981716598538,958.6148965126062,995.0847779173387,229577
2023-08-22,989.8108520507812,992.0995349191102,975.0338064887763,975.0338064887763,119192
2023-08-23,1008.8666381835938,1016.9766030992388,994.8359676599451,994.8857097498569,105506
2023-08-24,979.3624877929688,1019.1161383285952,976.1782042355868,1014.1904563436777,191294
2023-08-25,1000.3089599609375,1004.0405278294811,975.1830696460768,979.3624378058765,109325
2023-08-28,1009.8617553710938,1014.9864662348708,985.581723404215,1006.1799903071889,122286
2023-08-29,1024.8377685546875,1025.9323374431563,1006.0803853038943,1015.9814903292556,156803
2023-08-30,1035.5350341796875,1040.858713631253,1005.085402483224,1028.9176958840494,202561
2023-08-31,1023.4446411132812,1042.600022096685,1012.0011667595596,1039.863539099056,185596
2023-09-01,1066.78076171875,1072.203925561537,1024.6886239879284,1025.335453434303,292271
2023-09-04,1045.8839111328125,1084.5429307090335,1042.2020245486945,1070.1638826936273,266783
2023-09-05,1109.4697265625,1134.3966488826507,1049.8642454334226,1051.3070697758951,1046608
2023-09-06,1083.0999755859375,1109.469722143531,1075.5373555842368,1109.469722143531,287269
2023-09-07,1071.6068115234375,1104.2455190490186,1062.8003356160134,1087.1301096184354,296130
2023-09-08,1077.378173828125,1089.6177644276247,1072.20378189111,1072.20378189111,105643
2023-09-11,1060.85986328125,1089.020811239397,1055.337215615605,1082.005414928352,86020
2023-09-12,1003.1947631835938,1065.1387918458695,990.706400383235,1064.7407336326921,301422
2023-09-13,1042.6995849609375,1050.0134339579226,993.4926901147354,1013.8919285455485,243613
2023-09-14,1060.7603759765625,1101.1111124125755,1055.187925500016,1063.596343306828,387675
2023-09-15,1086.582763671875,1093.5981598733808,1062.3027925124434,1069.7161254448447,185098
2023-09-18,1041.4556884765625,1093.3991859781115,1035.9827222810356,1089.6178152912607,139861
2023-09-20,1021.8027954101562,1045.5355434294265,1012.3494898765437,1045.5355434294265,102762
2023-09-21,1011.9017333984375,1029.5644881792446,1002.3986251958513,1022.3501235504642,97797
2023-09-22,1081.1595458984375,1104.444552589206,1006.2794208833824,1021.3549786522346,1346461
2023-09-25,1080.413330078125,1093.6976879683064,1058.0239219024327,1080.6621012800772,222355
2023-09-26,1065.73583984375,1129.2222998063214,1059.7653309370623,1112.50482627947,796762
2023-09-27,1073.3482666015625,1118.4753389455611,1065.735843425886,1079.6670309216493,1013644
2023-09-28,1075.2884521484375,1088.9211847819213,1065.735663770048,1072.7012563437083,335745
2023-09-29,1111.5595703125,1120.3660468619623,1076.5823138546016,1076.5823138546016,576780
2023-10-03,1107.97705078125,1120.0176732638563,1084.6423623086941,1120.0176732638563,361163
2023-10-04,1066.4322509765625,1119.3210283935707,1061.3573431741597,1104.5440445243996,391594
2023-10-05,1069.4674072265625,1082.6522810537333,1056.8298786369471,1082.4533126784302,274584
2023-10-06,1118.2265625,1128.8739214480254,1062.8998709987347,1069.4674064933258,526823
2023-10-09,1093.5982666015625,1134.2972618728822,1086.483385522966,1101.957003761371,537074
2023-10-10,1141.3125,1171.2148478035006,1094.6927998933886,1103.5490791963314,1474472
2023-10-11,1166.935791015625,1175.5931008761913,1139.7700513104585,1151.21352547729,565468
2023-10-12,1173.55322265625,1178.9765076433075,1155.2934410559312,1155.2934410559312,243477
2023-10-13,1179.27490234375,1189.026781394323,1146.9346482590913,1169.2743735782155,331858
2023-10-16,1181.0660400390625,1185.3448313136812,1166.338738074057,1166.338738074057,98136
2023-10-17,1189.176025390625,1200.0721543231,1170.6673526999484,1185.145883746942,339743
2023-10-18,1180.5687255859375,1217.1380949154018,1165.9409049719584,1189.176234089522,1564153
2023-10-19,1152.059326171875,1178.5783580603907,1135.3916572335215,1170.219622179335,447546
2023-10-20,1078.7216796875,1151.0642929516207,1045.8340798721879,1146.1386719913446,1329225
2023-10-23,1056.6307373046875,1109.5195170528846,1050.908999884908,1109.5195170528846,433852
2023-10-25,1074.8905029296875,1080.9606171067278,1041.3063924744697,1049.8144157112476,281374
2023-10-26,1076.184326171875,1085.140090328645,1045.3366940763335,1070.711359187182,184731
2023-10-27,1093.1005859375,1095.5882977853323,1077.229032936452,1088.2246464216878,107998
2023-10-30,1088.9212646484375,1115.4899782542395,1074.1441592856868,1093.1005719110456,207775
2023-10-31,1077.477783203125,1094.692675973732,1068.322930898651,1093.4986228980758,114763
2023-11-01,1074.3929443359375,1080.8609951407966,1062.0539907459888,1079.5674578620078,83143
2023-11-02,1087.1300048828125,1089.6177165644665,1074.7412492962942,1074.7412492962942,82925
2023-11-03,1066.78076171875,1099.568758928537,1060.85993398079,1089.7173946223534,134824
2023-11-06,1090.1651611328125,1094.0956973601258,1071.1589449755943,1081.3088824444762,133250
2023-11-07,1131.461181640625,1139.372056941308,1082.6522252857146,1084.6423948174897,203581
2023-11-08,1156.387939453125,1168.229472024091,1132.40642177463,1132.40642177463,184620
2023-11-09,1163.552734375,1167.6822392221936,1143.9494904417534,1154.2983969150548,144539
2023-11-10,1165.5926513671875,1167.6823053237642,1149.3728406848797,1154.994973087728,98355
2023-11-13,1198.281005859375,1207.4855397853337,1179.1754272714536,1184.150851015215,205145
2023-11-15,1229.029296875,1243.7566015179434,1194.1516451138634,1194.1516451138634,377974
2023-11-16,1229.029296875,1237.7860923065318,1219.7750804795046,1235.8954067621873,80032
2023-11-17,1222.461669921875,1241.3682810154978,1218.9788731414708,1233.805660872111,200210
2023-11-20,1221.3172607421875,1238.6815627553315,1216.491123931083,1228.8798806541595,94267
2023-11-21,1236.840576171875,1242.8608876666308,1219.0286558227162,1229.924785553207,273932
2023-11-22,1226.59130859375,1248.8314296808564,1225.0488785586087,1243.7565214718336,203256
2023-11-23,1189.8726806640625,1235.8455510361534,1185.0962249112383,1227.984478087174,91973
2023-11-24,1175.642822265625,1198.3806058433322,1172.2098284867868,1198.0820318319961,86950
2023-11-28,1227.53662109375,1238.8308096119044,1172.2099288803859,1183.1558620023588,298606
2023-11-29,1242.9603271484375,1250.8215209056286,1216.2921289405087,1237.7859350772842,260256
2023-11-30,1257.538330078125,1268.384777951099,1231.4671586875745,1242.960314460112,143453
2023-12-01,1271.2706298828125,1289.629895783269,1251.8166735303644,1253.8068431226225,194108
2023-12-04,1316.1986083984375,1321.323319381455,1275.8976742425778,1284.704271845478,279615
2023-12-05,1324.0101318359375,1348.3399066557333,1295.650214980079,1315.502108191055,210846
2023-12-06,1307.4915771484375,1333.363781013996,1290.177199430041,1324.1095655904235,76488
2023-12-07,1325.3035888671875,1331.323900142268,1298.78455620826,1315.750799641447,100767
2023-12-08,1298.486083984375,1356.4497693065919,1284.3061266308712,1333.4135335926287,269198
2023-12-11,1284.6046142578125,1313.9099331377602,1261.3197281964462,1313.9099331377602,160469
2023-12-12,1282.7637939453125,1302.2674317701637,1274.1066047561646,1288.634818571089,65592
2023-12-13,1283.0625,1293.8093440850953,1274.1067358605915,1292.615290787971,43764
2023-12-14,1237.437744140625,1304.3571965357082,1214.2024170249676,1293.7097163579465,305027
2023-12-15,1215.1478271484375,1254.10542134116,1212.013285736092,1236.6416345226012,217225
2023-12-18,1200.2215576171875,1232.7607820379471,1196.6889579837555,1221.9641362357895,151063
2023-12-19,1216.44140625,1231.6164499624474,1186.7381482610103,1200.2215963444592,311496
2023-12-20,1202.6097412109375,1252.3141766296899,1195.395376665395,1221.8646071177377,273985
2023-12-21,1232.810546875,1238.8805396829996,1179.623192991966,1199.0771488498108,115388
2023-12-22,1223.357177734375,1248.2342957073763,1208.0328487689458,1239.9750439522188,73229
2023-12-26,1215.0980224609375,1230.2730656294034,1208.978226659592,1230.2730656294034,55365
2023-12-27,1224.7005615234375,1234.9001802564176,1202.908181107204,1222.5611050073364,84484
2023-12-28,1216.0433349609375,1232.8601696121166,1212.013193242576,1212.013193242576,73455
2023-12-29,1216.5408935546875,1224.4019657991103,1199.0771078358443,1216.043351186291,98090
2024-01-01,1273.70849609375,1280.5248024233151,1203.6545045145322,1225.1981139183044,479572
2024-01-02,1259.578369140625,1288.087451047825,1243.905783780614,1278.6341455925804,110510
2024-01-03,1239.925537109375,1263.409515487035,1225.447003823214,1257.4886876939636,140583
2024-01-04,1391.3773193359375,1417.9958376926236,1206.241744009067,1251.468420977661,2495732
2024-01-05,1406.2041015625,1492.6271916658927,1366.3509069568959,1392.123627427056,2544114
2024-01-08,1489.7413330078125,1506.40900232503,1413.517866573583,1423.966256294824,1398311
2024-01-09,1532.6295166015625,1552.1332753008053,1509.5435984889973,1511.4342838490638,837932
2024-01-10,1579.1995849609375,1591.0411184301954,1490.2389791322134,1527.4551751197473,855329
2024-01-11,1538.898681640625,1580.194701872171,1517.5541607355785,1568.2536839738925,785777
2024-01-12,1485.363037109375,1545.864241730466,1467.750084681324,1537.4060209034888,288293
2024-01-15,1442.524658203125,1512.4293631540522,1423.0707024009,1484.6664738332165,261739
2024-01-16,1426.9515380859375,1467.7500130242383,1416.8017221772147,1441.529554034782,204269
2024-01-17,1391.1783447265625,1417.946028506734,1378.6899819747546,1393.2181956719094,138407
2024-01-18,1382.123046875,1407.5973160832614,1358.2908134253707,1392.0738953250027,148501
2024-01-19,1393.9644775390625,1436.404867327776,1368.3410446788685,1395.1088493200846,249645
2024-01-23,1366.5499267578125,1398.09406453682,1352.4196505187444,1398.09406453682,150594
2024-01-24,1346.99658203125,1362.6691678432107,1317.4922930181626,1353.3153463026445,267320
2024-01-25,1338.6876220703125,1376.1524673913532,1333.4634269013677,1352.4197193464947,481311
2024-01-29,1411.2789306640625,1421.9760916051086,1343.3643972476534,1343.3643972476534,273861
2024-01-30,1381.4761962890625,1417.9957577424475,1376.2021985668807,1411.0799673717556,102225
2024-01-31,1418.9410400390625,1437.897452972602,1378.2421712453556,1383.1677921328144,395897
2024-02-01,1508.3494873046875,1535.4157434619747,1409.9355828885339,1417.9957449340984,567871
2024-02-02,1539.6448974609375,1582.184771021419,1484.5171773715383,1519.0963728388303,1195279
2024-02-05,1474.0687255859375,1579.1994505414364,1462.9735066645694,1579.1994505414364,264714
2024-02-06,1487.6517333984375,1509.2450243519502,1468.8446069229506,1477.5019173172207,106247
2024-02-07,1443.420166015625,1527.05696250698,1432.1756602719906,1487.6516325215398,236467
2024-02-08,1443.5196533203125,1479.7904422726097,1421.6277897842579,1451.2315597932406,115632
2024-02-09,1423.8170166015625,1461.9288118202219,1394.1137605582483,1456.4060427673603,146439
2024-02-12,1368.390869140625,1430.882120882199,1353.3153103234743,1427.9964721761403,135304
2024-02-13,1349.28515625,1389.2378343839903,1319.5818999183618,1383.1678415317617,221878
2024-02-14,1422.623046875,1430.9319808844034,1323.512622423523,1343.3147132998433,165391
2024-02-15,1421.826904296875,1438.0468352631592,1414.0653156729502,1430.9319545884932,77449
2024-02-16,1408.1942138671875,1447.798514192798,1403.069503090208,1432.9220457091487,82309
2024-02-19,1450.93310546875,1469.2426898668077,1395.2581601536926,1422.9712472126887,149748
2024-02-20,1452.127197265625,1470.9342015147258,1434.3151562777196,1457.7991316470516,91215
2024-02-21,1430.036376953125,1477.7009643393462,1424.4639262301507,1457.1524384199581,127958
2024-02-22,1416.1051025390625,1449.0423839144382,1405.0596859590833,1441.4300826504673,179417
2024-02-23,1425.757568359375,1440.1364953161228,1407.2488936651553,1432.922130423366,60264
2024-02-26,1484.2684326171875,1500.488363109075,1419.9859801638195,1425.757520472301,511407
2024-02-27,1472.9244384765625,1491.6320808741825,1435.9073333565345,1484.2684292295742,171311
2024-02-28,1443.22119140625,1491.532606231662,1413.1696795336927,1491.532606231662,222312
2024-02-29,1404.1143798828125,1438.1462296188306,1396.1038990868149,1438.0964267933923,208114
2024-03-01,1457.55029296875,1467.7001081719131,1412.8212849472463,1413.0700561186013,135126
2024-03-04,1451.48046875,1459.9883709132985,1427.8968860926054,1458.147488326174,95275
2024-03-05,1465.7100830078125,1488.646835851537,1442.922738645959,1452.8237836519008,202805
2024-03-06,1430.0860595703125,1475.5117022830223,1385.356927588058,1466.2573656052302,181457
2024-03-07,1522.7283935546875,1540.142376163547,1433.9170822495048,1443.0221317361975,770305
2024-03-11,1460.884033203125,1529.4454031559014,1453.8189551143603,1492.6272639777828,358820
2024-03-12,1426.2550048828125,1473.3224401515672,1408.4429637620754,1467.7001870826055,220430
2024-03-13,1337.9412841796875,1443.8680099984076,1277.3902783829,1432.6235034413094,441785
2024-03-14,1430.036376953125,1441.5793366229248,1334.159978409413,1338.1901205366464,255607
2024-03-15,1411.3287353515625,1417.9957545215418,1377.3465671859854,1412.025246081451,197853
2024-03-18,1408.0947265625,1421.2297966975757,1388.1432287016405,1415.9557989251384,80627
2024-03-19,1393.2679443359375,1426.951539006571,1380.232358336424,1415.2094903066786,84906
2024-03-20,1417.3489990234375,1423.9165343557981,1378.142633929214,1397.2483348155404,85154
2024-03-21,1449.8883056640625,1457.7991809589587,1399.2384668233722,1399.2384668233722,109970
2024-03-22,1452.127197265625,1479.6909957400449,1442.7733764954671,1457.7991316470516,156722
2024-03-26,1437.39990234375,1467.451412807744,1429.3397402695282,1447.8482920804129,112680
2024-03-27,1498.5478515625,1502.5779934442983,1381.2274550784268,1434.5141713015016,381940
2024-03-28,1621.888671875,1676.618333582437,1487.1541713048116,1512.429348460126,3549159
2024-04-01,1702.8387451171875,1716.0236177966924,1622.137397765373,1651.840652677593,669978
2024-04-02,1667.065673828125,1716.8199156128799,1651.8408272538632,1690.6989386758835,443694
2024-04-03,1666.7171630859375,1690.6490000502872,1652.8855821570044,1681.6932372483727,215722
2024-04-04,1665.8714599609375,1686.6687568318653,1645.8702795279676,1678.1607330986585,186325
2024-04-05,1661.5926513671875,1675.6730041426224,1653.6319729492736,1666.5182725501465,116761
2024-04-08,1733.835693359375,1766.1759477467847,1666.7669568895778,1666.7669568895778,1076822
2024-04-09,1822.7962646484375,1840.8072740429297,1730.9996979208668,1731.4474374631234,1214306
2024-04-10,1831.702392578125,1882.601005697597,1780.4057212343816,1816.8756043837961,654854
2024-04-12,1788.814208984375,1832.9461954215535,1776.5249360398618,1831.0058286562191,226558
2024-04-15,1737.91552734375,1766.3252457318522,1685.5740934424027,1758.6630202241042,227252
2024-04-16,1764.1859130859375,1795.8295376844753,1715.6257249676382,1726.4721738698754,204929
2024-04-18,1797.8197021484375,1826.8762518787519,1737.2191335695247,1772.2460707709192,330252
2024-04-19,1840.4093017578125,1850.8078891271737,1741.398366086062,1796.1280290201955,345043
2024-04-22,1865.783935546875,1932.7033860351564,1834.9363078125,1849.862579296875,631769
2024-04-23,1909.3189697265625,1920.71264215648,1857.8233310642304,1865.7840095047843,310958
2024-04-24,1855.8829345703125,1929.4694061389575,1840.9566627332397,1915.3889320785897,257364
2024-04-25,1914.7918701171875,1978.0792372428753,1852.400103579237,1869.7144814140536,949916
2024-04-26,1987.48291015625,1996.1899021147547,1901.6070437373892,1910.562806894708,860919
2024-04-29,1989.6719970703125,2022.957534029577,1975.0939808997416,2008.6284105217467,893152
2024-04-30,1987.33349609375,2010.5188974588361,1976.28807986658,1996.637514040546,397474
2024-05-02,1999.7720947265625,2045.3469034535187,1987.980364717822,1996.189813915975,749384
2024-05-03,1954.5953369140625,2023.9526995428953,1911.557918906409,2010.0713150395347,348339
2024-05-06,1922.50390625,1989.1745903694357,1913.3491743321745,1955.640279930324,244839
2024-05-07,1834.23974609375,2019.9722152601662,1797.1230367792352,1925.488967977752,1688131
2024-05-08,1972.1087646484375,2049.8248623698705,1841.901944310905,1847.8724530444897,2669175
2024-05-09,1990.6671142578125,2021.8629980027317,1958.3268587150087,1960.3170282868734,1077482
2024-05-10,1990.7169189453125,2012.907236810153,1961.6603702867494,1985.1941497901028,381553
2024-05-13,1953.7991943359375,1990.3685605930152,1883.24777946792,1990.1695922219178,287374
2024-05-14,1986.8857421875,2011.066351058014,1954.3465182968528,1954.3465182968528,285548
2024-05-15,2037.8837890625,2114.555118536866,1988.9754702029406,1996.339000263011,1143986
2024-05-16,2073.656982421875,2109.5298357124834,2041.9636793714221,2054.849978103611,343142
2024-05-17,2154.607421875,2164.3094989392102,2056.8403376125734,2077.9360873589353,492694
2024-05-21,2158.388916015625,2194.013003447443,2131.4718213179485,2184.211320164751,308493
2024-05-22,2142.716064453125,2178.9370525773415,2111.569862845648,2171.225145679578,179501
2024-05-23,2125.451416015625,2159.433709075691,2037.7347845208797,2157.841476154983,136750
2024-05-24,2214.71044921875,2267.64915639592,2120.3267990917866,2127.242590055003,615474
2024-05-27,2157.79150390625,2225.656236097078,2141.422408156928,2225.2582993684623,188187
2024-05-28,2148.736328125,2178.1906906321433,2100.6736866478955,2160.328968156968,173204
2024-05-29,2158.388916015625,2180.628917406446,2133.0142514761255,2142.0198182635672,129836
2024-05-30,2058.68115234375,2153.960515773814,2039.923707902162,2124.1079737069535,232441
2024-05-31,2009.1259765625,2084.6528142978464,1990.2690470719515,2071.567546598107,258531
2024-06-03,2103.957763671875,2122.7149674538973,2037.9835890929417,2054.85022882373,270424
2024-06-04,1887.427001953125,2079.279390584249,1683.1858567569323,2072.761536875371,592556
2024-06-05,1833.2447509765625,1911.4583909107646,1766.225693421515,1847.8724487517395,755029
2024-06-06,2095.349853515625,2169.2846970537908,1907.5774147945488,1942.3555772899276,1989926
2024-06-07,2110.425537109375,2124.5058887979994,2022.0619649028638,2036.3414064187568,386207
2024-06-10,2080.02587890625,2139.8303317172513,2064.80103234469,2119.4310926025205,128266
2024-06-11,2093.857421875,2130.4765917030472,2042.2126170851664,2072.065161574233,322855
2024-06-12,2071.070068359375,2114.555226067316,2064.8009854539678,2099.6289538833116,102526
2024-06-13,2170.478759765625,2201.624960334983,2075.0502315424897,2081.1201026179187,935624
2024-06-14,2234.412841796875,2277.748828115189,2163.8614352975487,2186.798185715312,502637
2024-06-18,2347.305419921875,2384.8203109527403,2225.009596096234,2247.647775126283,836813
2024-06-19,2278.24658203125,2357.3558212850103,2258.842429006743,2305.9597900655754,262321
2024-06-20,2262.72314453125,2300.536365510574,2243.9659425203495,2283.719530198647,174527
2024-06-21,2206.89892578125,2299.590969650432,2189.1863692960974,2271.8780061489324,228826
2024-06-24,2318.0498046875,2335.762360905342,2180.827721968309,2210.630460094244,771187
2024-06-25,2279.04248046875,2346.3598615777696,2266.0565768677325,2321.5325475167065,242890
2024-06-26,2259.73779296875,2313.571973485009,2234.9602806225075,2291.5805040016617,183851
2024-06-27,2264.166259765625,2288.4462313116305,2190.1816089213607,2262.6736325900765,201977
2024-06-28,2304.06884765625,2327.2543700324004,2248.891448967707,2287.699752733079,226696
2024-07-01,2291.879150390625,2317.104646009954,2240.0353806171356,2240.0353806171356,141441
2024-07-02,2375.764892578125,2408.10514766034,2278.744127331479,2278.744127331479,718325
2024-07-03,2339.493896484375,2398.850600748774,2328.498162130639,2393.1786666342678,126026
2024-07-04,2311.2333984375,2364.3710675763577,2302.5264072478585,2364.3710675763577,123997
2024-07-05,2269.390380859375,2348.4000129317665,2258.842385319962,2331.9811145362687,165249
2024-07-08,2215.9541015625,2296.60576800853,2201.17723899633,2267.7981134876272,173683
2024-07-09,2226.35302734375,2298.5960365306196,2216.1036055325158,2249.438945627097,211972
2024-07-10,2176.101318359375,2278.1470714803295,2149.3831939801757,2238.940827062683,585765
2024-07-11,2181.935546875,2213.1531227223763,2144.4347657925264,2199.838201444062,194794
2024-07-12,2135.8076171875,2209.0143675382224,2124.387834569684,2186.224475763731,123233
2024-07-15,2095.912841796875,2167.4737877594785,2089.6793099185993,2136.3560453225946,210387
2024-07-16,2212.654541015625,2269.0056708634424,2105.7869647297207,2141.34293421706,2502119
2024-07-18,2253.7958984375,2289.8008777630225,2178.893678249465,2212.1559034116053,1076228
2024-07-19,2180.239990234375,2259.1813362146995,2167.2742446382877,2255.04236867334,193090
2024-07-22,2186.5234375,2229.460051399421,2143.1879749813916,2180.2399890151755,256620
2024-07-23,2183.182373046875,2209.1637836260093,2031.2338184189923,2194.751906062095,527133
2024-07-24,2280.6748046875,2313.8371954143627,2171.3138150728905,2183.0328554049397,500957
2024-07-25,2294.687744140625,2303.8634543224325,2239.084640050289,2251.302362473726,214981
2024-07-26,2340.417236328125,2376.57172421962,2303.9135732235613,2318.8740509717663,395439
2024-07-29,2331.64013671875,2411.6786845258966,2300.0237123280417,2353.781592833223,454673
2024-07-30,2344.9052734375,2359.7659165953105,2308.9502115118003,2354.779090905126,142444
2024-07-31,2329.346435546875,2378.8158470983044,2305.4595875940904,2348.7950570382745,198134
2024-08-01,2289.900390625,2367.545362346727,2273.1945249229225,2338.8211982908506,140097
2024-08-02,2245.5673828125,2283.9160198199597,2234.5963673956944,2283.9160198199597,91136
2024-08-05,2161.9384765625,2214.1506397224634,2128.2774026478005,2199.1901624270417,142343
2024-08-06,2131.867919921875,2259.8798290269974,2109.427204975329,2154.308634868421,225290
2024-08-07,2155.854736328125,2202.7308994141267,2140.2957422453183,2148.77334620768,144214
2024-08-08,2161.689208984375,2218.938116818697,2150.4191771687483,2156.1041100353855,164890
2024-08-09,2185.177001953125,2214.6991061068084,2174.1063955184964,2189.216379279509,106381
2024-08-12,2200.9853515625,2223.1268080848736,2176.9986722060376,2191.1612079277475,102390
2024-08-13,2195.15087890625,2227.9144229858775,2185.5763191253814,2227.9144229858775,124207
2024-08-14,2100.500732421875,2209.1636069633373,2084.492974516196,2209.1636069633373,189437
2024-08-16,2125.0859375,2150.5686665145777,2104.5403609177424,2123.839231026658,111516
2024-08-19,2127.3798828125,2149.3219162967357,2108.7791200077595,2126.3825176541254,75998
2024-08-20,2145.930908203125,2153.3113127561996,2115.7606130614504,2124.43764098124,103209
2024-08-21,2300.223388671875,2436.5631615802713,2139.348334666264,2139.348334666264,3351740
2024-08-22,2329.19677734375,2343.8080792473525,2275.9872497201955,2312.8897599040897,418505
2024-08-23,2344.1572265625,2377.1698662089025,2316.9291098620247,2338.7213918157045,752391
2024-08-26,2370.0888671875,2443.494799089562,2318.9739011885254,2358.7686748795145,841375
2024-08-27,2505.181640625,2518.3468108973534,2361.1619778954805,2370.08859010227,1733823
2024-08-28,2485.68310546875,2517.3494465656036,2449.9274701699055,2493.7119430132457,472022
2024-08-29,2414.571044921875,2484.586027830749,2404.6473106512153,2483.439155338667,200683
2024-08-30,2382.954833984375,2452.770398859924,2364.7529188561066,2417.762782501952,148094
2024-09-02,2315.48291015625,2428.5840149311084,2288.952901136301,2428.5840149311084,357375
2024-09-03,2286.40966796875,2338.6218304803774,2275.9872509484953,2324.5588845983643,123233
2024-09-04,2319.023193359375,2386.5946738870293,2276.5855062907863,2283.965910086022,404053
2024-09-05,2364.0546875,2442.5472768942736,2349.493058764735,2354.7292258548514,1199234
2024-09-06,2401.854736328125,2423.4975116611677,2338.5719654486566,2364.7528009718585,347492
2024-09-09,2348.794921875,2425.791462546549,2320.220507803996,2413.6236564490446,232416
2024-09-10,2478.40234375,2523.3336899724954,2363.755274796369,2367.8445690841927,1481966
2024-09-11,2606.464111328125,2681.9146817133555,2470.5232031576543,2491.8168013711106,3857717
2024-09-12,2775.766845703125,2817.50642811485,2563.228250203648,2609.0571268336976,2145914
2024-09-13,2888.46923828125,2917.29299301846,2725.8987227728708,2775.7669790637847,1572695
2024-09-16,2853.31201171875,2928.7126663343242,2805.7874191385895,2883.7813203840024,462309
2024-09-17,2780.604248046875,2866.3277378991515,2767.7383344240916,2857.401368099053,235369
2024-09-18,2708.344970703125,2784.0948025136554,2691.5891880659606,2772.8744449660912,213597
2024-09-19,2783.396728515625,2837.005104098431,2654.7366271168917,2727.7936226785755,350352
2024-09-20,2768.885009765625,2892.3588608705327,2752.7277434491966,2828.527492906493,515162
2024-09-23,2818.753173828125,2839.498416437639,2753.226335994416,2797.609082580814,248328
2024-09-24,2764.8955078125,2880.390436190233,2757.7145277236823,2842.490562029835,221379
2024-09-25,2737.368408203125,2791.525139469765,2722.806780039143,2762.751301830395,158458
2024-09-26,2703.058837890625,2759.3103754744093,2686.602313785859,2759.3103754744093,156586
2024-09-27,2740.809326171875,2791.625031438752,2702.859533833161,2706.99850177201,270207
2024-09-30,2842.54052734375,2862.387995961205,2708.7438495318183,2742.8040146985586,566141
2024-10-01,2883.183349609375,2902.332712622048,2837.503975054889,2842.540717980733,506273
2024-10-03,2842.490478515625,2890.3640023643093,2782.6485737047697,2842.490478515625,190481
2024-10-04,2744.300048828125,2844.4853265857164,2730.7857027320097,2842.490596342669,172880
2024-10-07,2630.699951171875,2877.398305357719,2583.574450330228,2757.6146597877396,604246
2024-10-08,2678.723388671875,2717.8200541458045,2600.13096556261,2650.248564726216,333629
2024-10-09,2706.898681640625,2741.7565416831844,2690.192816935935,2697.8724791753416,115737
2024-10-10,2679.47119140625,2782.6485597334595,2661.668127415474,2721.8092901478894,51017
2024-10-11,2695.030029296875,2729.7883007110768,2650.996457175755,2687.898966173311,60007
2024-10-14,2724.60205078125,2772.6750002882177,2693.8831567548477,2702.8594427270036,127294
2024-10-15,2850.868408203125,2872.41159254616,2729.937885426659,2740.7593945544613,285167
2024-10-16,2917.242919921875,2959.1821699172706,2872.4613255684367,2902.332360788425,527500
2024-10-17,2848.474853515625,2956.1902891527707,2814.56443859282,2920.335060897098,137439
2024-10-18,3044.75634765625,3116.766062054487,2773.3232787456395,2848.4249224763744,992436
2024-10-21,3022.51513671875,3131.7266224375103,2944.2219711578123,3041.913840505397,455543
2024-10-22,2730.286865234375,3001.0714803617298,2704.8540560787674,3000.074115296804,383325
2024-10-23,2825.63525390625,2860.2936922559834,2709.9408985517452,2730.2870498530815,445185
2024-10-24,2760.856201171875,2853.810826555812,2742.754121369773,2842.490634874129,79987
2024-10-25,2631.89697265625,2767.1894501019083,2555.2992848261906,2757.7144817198687,229456
2024-10-28,2739.06396484375,2919.287799058481,2593.249228363053,2633.2434248482587,1140458
2024-10-29,2728.39208984375,2766.640895679202,2693.7833257602233,2747.7408755612887,123557
2024-10-30,2688.148193359375,2742.753930707089,2667.9515507787137,2742.753930707089,117948
2024-10-31,2735.5732421875,2786.638290289322,2676.778614003451,2692.8859641306976,222352
2024-11-01,2760.756591796875,2782.5488737495066,2744.748832789892,2751.5309643610804,20759
2024-11-04,2741.956298828125,2758.7120825190354,2677.9255030960267,2753.4759153342106,138927
2024-11-05,2766.640869140625,2811.572215573901,2725.4496418305853,2733.777737810593,148772
2024-11-06,2879.891845703125,2917.293038504464,2767.6882672991073,2772.6750930059525,298128
2024-11-07,2831.86865234375,2910.061977632288,2804.441112498017,2906.57119983374,92031
2024-11-08,2777.612060546875,2840.047217117012,2757.814508170076,2834.761133056402,63261
2024-11-11,2702.51025390625,2780.653907124115,2692.885778061374,2780.653907124115,95909
2024-11-12,2702.011474609375,2767.688061688372,2677.925205633614,2712.1847930934455,167595
2024-11-13,2551.2099609375,2687.8988940251475,2504.383719071297,2687.8988940251475,262369
2024-11-14,2592.6005859375,2674.933121274248,2554.9500544952543,2554.9500544952543,219481
2024-11-18,2540.139404296875,2652.2431442245697,2521.5383990690975,2643.0175170424404,311356
2024-11-19,2560.535400390625,2623.070141762843,2545.824265565149,2573.600736747394,91580
2024-11-21,2534.753662109375,2581.2309764213755,2509.3707672372293,2556.496271510663,93657
2024-11-22,2547.819091796875,2587.4144379853387,2516.551598182909,2538.244289336877,91915
2024-11-25,2648.60302734375,2677.925465771129,2529.367973268883,2584.223057297714,307123
2024-11-26,2592.6005859375,2667.7521414602265,2583.7241342017046,2662.9647404184348,145739
2024-11-27,2788.832275390625,2809.577518404189,2598.086197863184,2598.086197863184,584961
2024-11-28,2725.848876953125,2835.5091266991603,2710.190292768608,2805.5382551867074,168347
2024-11-29,2745.546630859375,2792.5722968100636,2689.943527853194,2727.3447182160958,314721
2024-12-02,2833.115478515625,2841.942013795406,2717.819972380121,2742.7541005670946,233340
2024-12-03,2846.180908203125,2911.4087357611966,2813.965964837798,2838.9999277510738,228370
2024-12-04,2883.831298828125,2903.329835429568,2827.5300870638353,2851.5666836155897,194216
2024-12-05,2845.73193359375,2972.147958331508,2827.5300207616865,2902.3324022633183,133952
2024-12-06,2840.595703125,2883.3825694863403,2817.5564713936046,2862.437901911379,65524
2024-12-09,2818.903076171875,2891.3615565880864,2807.582884372357,2840.5957680848765,73454
2024-12-10,2794.267822265625,2846.430065457073,2782.6985332568197,2834.5116012659255,118852
2024-12-11,2767.7880859375,2839.0497761955744,2753.7251401228664,2806.3860679960003,103713
2024-12-12,2763.499267578125,2783.19722830169,2703.956619811931,2781.4518393768167,77059
2024-12-13,2744.250244140625,2788.6329938641425,2704.904237186326,2762.003392729503,103739
2024-12-16,2754.8720703125,2827.8793945843345,2743.9509705455803,2747.840840755309,133861
2024-12-17,2705.951416015625,2772.5255380596573,2682.912184246393,2772.5255380596573,138422
2024-12-18,2679.47119140625,2790.2286317037097,2672.9883184176238,2743.0532149485466,177570
2024-12-19,2651.196044921875,2733.528588365324,2621.574348086566,2643.017699231272,218634
2024-12-20,2621.474365234375,2699.468511857665,2599.732000571966,2661.9674862153056,132788
2024-12-23,2575.89501953125,2645.610992194628,2548.2680525533333,2622.023159425806,302588
2024-12-24,2537.795654296875,2598.186163545639,2514.257739078556,2584.1731343223437,209722
2024-12-26,2498.49951171875,2547.2206527504045,2484.436565833958,2533.3074577351476,108094
2024-12-27,2496.95361328125,2530.315429427802,2483.4392665649298,2503.386569910833,138451
2024-12-30,2470.5732421875,2493.412806092368,2443.644383881702,2464.6387249111244,139684
2024-12-31,2502.0400390625,2512.3628659822507,2418.311281648748,2464.0904891003115,134587
2025-01-01,2522.037353515625,2545.2760115683673,2500.3945771951007,2502.040132389841,54148
2025-01-02,2459.003662109375,2544.3782123481255,2443.594419963339,2523.7824768672194,105157
2025-01-03,2378.466552734375,2487.4286958882617,2362.8079685046373,2483.1399770234666,123498
2025-01-06,2238.785400390625,2363.75529662918,2220.134721644116,2363.75529662918,414077
2025-01-07,2305.60888671875,2318.3752088850842,2228.1635829690845,2266.013540368643,288430
2025-01-08,2221.730712890625,2283.916284100486,2199.190163027098,2283.916284100486,303066
2025-01-09,2161.39013671875,2234.097959520267,2146.5791666863815,2219.137482112765,197209
2025-01-10,2066.8896484375,2183.1822722144066,2038.2152802573123,2164.2822523964032,585143
2025-01-13,1890.206298828125,2057.713719560516,1873.2510920383565,2057.713719560516,559176
2025-01-14,2004.6041259765625,2018.4675251273377,1874.2983521479766,1874.6474055810029,249424
2025-01-15,1977.72509765625,2029.9372586027907,1937.531356742349,2014.7274406638994,162457
2025-01-16,2060.456298828125,2093.469178411629,1984.706474206787,1984.706474206787,238420
2025-01-17,2028.93994140625,2086.238519672324,2017.3704084494295,2044.5985253152928,92984
2025-01-20,2030.6353759765625,2038.514584741923,1989.7434062245786,2032.6301062083667,137332
2025-01-21,1971.990234375,2043.202248878986,1930.9487577558727,2031.2337458856805,252447
2025-01-22,1840.9366455078125,1966.155767240971,1793.5118838501471,1962.4156479225014,559257
2025-01-23,1931.896240234375,1959.8224636347686,1827.3225316008495,1827.3225316008495,290215
2025-01-24,1873.7498779296875,1950.4472831054102,1841.6347684679515,1934.888410954685,112899
2025-01-27,1855.5479736328125,1894.9938146315885,1805.1810327702362,1875.146223486501,248349
2025-01-28,1898.4346923828125,1921.374091392449,1798.0499849852374,1864.873451665483,204411
2025-01-29,1957.72802734375,1965.7069483402104,1881.1802540339581,1899.9805622821334,148464
2025-01-30,1985.504638671875,1992.8851650063752,1942.36859666632,1957.7280440654315,72669
2025-01-31,2147.67626953125,2166.875548010618,1970.3447032405281,1985.8038625356037,369305
2025-02-01,2160.990966796875,2181.237527525963,2057.564252074102,2169.2691460306214,113460
2025-02-03,2087.634765625,2144.3350717824674,2033.0789406377257,2144.3350717824674,142926
2025-02-04,2192.657470703125,2223.127026199545,2096.661070401776,2104.5900750258957,292831
2025-02-05,2272.845703125,2282.819354772656,2171.2639636946833,2244.071620722571,186975
2025-02-06,2277.98193359375,2286.708878391887,2234.0978683231174,2281.9713940728984,81008
2025-02-07,2244.171142578125,2278.979084589336,2217.790642840492,2270.002799354629,80549
2025-02-10,2203.778076171875,2278.97930914924,2182.284809042574,2244.4703784476487,105890
2025-02-11,2098.057373046875,2199.339606629893,2092.0731823005885,2195.2006387626493,94633
2025-02-12,2128.42724609375,2142.1909345036515,2006.5990630027889,2107.432660009891,115772
2025-02-13,2094.21728515625,2142.290232358454,2085.3408335193963,2109.4271023243095,73392
2025-02-14,2063.2490234375,2112.6685102016368,1948.901218230686,2094.6161054571858,81166
2025-02-17,2104.540283203125,2123.889069555951,1994.231601116283,2069.233411083452,133292
2025-02-18,2059.110107421875,2124.387602663404,2006.149924717108,2110.5739990218003,137370
2025-02-19,2036.9188232421875,2075.3173801730472,2017.8192569385321,2028.6406440874948,94608
2025-02-20,2024.9005126953125,2053.1259939815445,2006.6985994547315,2036.6195527269194,97953
2025-02-21,2057.015625,2093.4693685156894,2015.7248067931484,2028.5409241229886,170338
2025-02-24,1984.2579345703125,2049.485516950664,1972.339469915615,2044.3991008644489,191663
2025-02-25,1886.266845703125,1998.6698497522295,1875.0464877313284,1984.756654566672,141919
2025-02-27,1842.13330078125,1911.8989393528436,1765.3361897037425,1886.2667055238435,186589
2025-02-28,1858.19091796875,1918.7310533864415,1633.6840553473658,1803.2361245836612,1186573
2025-03-03,1984.9560546875,2058.3622264554883,1717.1635143601954,1877.041195143341,1303381
2025-03-04,1995.827392578125,2008.6934274612518,1871.0570357086933,1934.8884057968362,571844
2025-03-05,1988.4967041015625,2038.6143012833072,1961.9668163113085,1969.646479020784,235702
2025-03-06,1954.2869873046875,2004.703841572049,1935.4368844022733,1996.0766091478883,185508
2025-03-07,1967.3526611328125,1994.7302856032472,1942.0195621559162,1956.8304101767856,140812
2025-03-10,1904.269287109375,2009.6907324129054,1888.2116111536884,1964.8592186200867,131062
2025-03-11,1889.4583740234375,1921.8229464351805,1853.4535161855738,1894.9937993473175,116275
2025-03-12,1801.1417236328125,1931.796556461919,1785.782276187137,1883.1750060770416,226250
2025-03-13,1770.6224365234375,1837.3959860129003,1741.3995883178309,1819.14415468673,232115
2025-03-17,1755.2130126953125,1803.9841922636756,1740.3522477983884,1775.2600276072224,180214
2025-03-18,1755.2130126953125,1755.2130126953125,1755.2130126953125,1755.2130126953125,0
2025-03-19,1916.8360595703125,1944.7123661361618,1871.0070589919005,1879.6842086353176,291515
2025-03-20,1931.9461669921875,1964.8092992109937,1891.2536211313943,1917.983055221145,252783
2025-03-21,2033.0291748046875,2049.5854121786333,1934.6390770187368,1934.6390770187368,314341
2025-03-24,2046.0946044921875,2084.493162753435,2036.6695525275334,2054.5722082641514,161415
2025-03-25,1964.2109375,2076.813486524593,1949.8987720438517,2065.5432117062046,123500
2025-03-26,1943.6651611328125,2029.937242529305,1928.4553433143558,1946.3579982110386,343686
2025-03-27,1874.3980712890625,1982.4625552334003,1855.8471048287388,1954.8355907372447,440340
2025-03-28,1954.7359619140625,2019.664408167643,1865.0728114930826,1898.584255841833,431426
2025-04-01,1964.958984375,2031.3834793449525,1917.185169103147,1994.7303099005303,786441
2025-04-02,1951.2452392578125,1972.788302539448,1932.644354522657,1954.8357295133055,139778
2025-04-03,1949.7490234375,1973.4364441384741,1936.8829895280796,1951.1951541071453,99822
2025-04-04,1893.4976806640625,1951.594198914619,1853.353734576768,1947.9039966694172,176164
2025-04-07,1798.0499267578125,1825.1782099216591,1705.4943928776158,1745.4389155155352,280274
2025-04-08,1802.98681640625,1865.0228788839174,1778.1524002830315,1865.0228788839174,129369
2025-04-09,1709.3841552734375,1785.2836188537412,1684.7491630143509,1783.238971596366,239378
2025-04-11,1781.6929931640625,1796.703264483792,1720.4547532493941,1768.328276818073,149271
2025-04-15,1852.3065185546875,1875.0464928051997,1786.3807061095165,1800.2441061241411,210694
2025-04-16,1889.8074951171875,1974.1845606803404,1863.8760017633451,1864.0754260896747,635244
2025-04-17,1884.8206787109375,1900.7785208530602,1865.172512524245,1897.0881968084902,109930
2025-04-21,1911.3505859375,1919.9279018244874,1876.7419423982642,1893.9964080855593,134327
2025-04-22,1920.027587890625,1952.4419546236838,1903.870321480077,1919.9278757273348,121720
2025-04-23,2009.4912109375,2017.9688141135093,1933.9906013678417,1934.9879664473722,372968
2025-04-24,1975.38134765625,2021.4596896071382,1948.851459608045,2014.079163312112,130364
2025-04-25,1913.5447998046875,1984.6569854593401,1866.0702418393234,1974.7830458802034,159750
2025-04-28,1892.5003662109375,1928.2060871688273,1882.1277443336169,1895.9911442250288,80704
2025-04-29,1935.686279296875,1947.8540850972454,1889.0095428439236,1907.1615393819202,108442
2025-04-30,1912.6470947265625,1953.7386118541701,1888.311482525672,1934.8883862160417,143136
2025-05-02,1890.206298828125,1916.237625474882,1880.0332234537318,1904.8676389249501,70141
2025-05-05,1885.6185302734375,1913.544754503549,1877.0412143239241,1894.9937870432816,73086
2025-05-06,1869.9599609375,1914.24299834633,1856.1962730439864,1894.993802078379,70160
2025-05-07,1889.1092529296875,1897.7864025389092,1837.3459787563947,1837.3459787563947,60806
2025-05-08,1880.7314453125,1907.760138717023,1871.0570518992722,1887.2143188931743,48851
2025-05-09,1828.36962890625,1860.5845699178842,1805.1310954268597,1830.1649347624323,75987
2025-05-12,1910.65234375,1933.891000135471,1886.0174735720348,1886.3167318125259,88129
2025-05-13,1928.3057861328125,1939.8751974077202,1904.5684471000247,1916.2376922878773,46488
2025-05-14,2021.858642578125,2042.9031452582233,1929.4029391656031,1944.7623872750444,512252
2025-05-15,2045.9947509765625,2054.5721885802545,1976.5782833248816,2006.6986618560545,147496
2025-05-16,2139.6474609375,2154.308679641144,2026.6459430698171,2045.8951387679317,285218
2025-05-19,2167.57373046875,2176.749441154674,2108.4299283395103,2144.8337563359114,169468
2025-05-20,2140.944091796875,2183.1324421229297,2117.306343348,2170.665377961011,95776
2025-05-21,2084.09423828125,2142.240429592411,2071.5273404539453,2130.970398609288,112343
2025-05-22,2108.52978515625,2115.411507371104,2055.669431601008,2092.1728504105554,64580
2025-05-23,2164.0830078125,2195.2007526075104,2082.0996390361256,2101.14916780132,80518
2025-05-26,2189.11669921875,2202.481538503493,2152.3140220971245,2164.0829797218717,98002
2025-05-27,2219.63623046875,2234.0980257245565,2168.2719231808865,2168.2719231808865,80239
2025-05-28,2216.2451171875,2257.0372529505953,2204.5757505559886,2226.617616974019,171538
2025-05-29,2255.44140625,2282.9687812206685,2238.7854572883134,2239.782822417724,113370
2025-05-30,2172.460693359375,2302.417419448555,2125.8837901471065,2275.588394654223,173528
2025-06-02,2173.258544921875,2207.1689581973883,2125.285186389052,2134.3613061646683,77872
2025-06-03,2131.169921875,2183.232334510124,2117.0073853072054,2142.5397872962576,68534
2025-06-04,2131.867919921875,2149.1223850024653,2103.5428482327266,2140.146099023847,68475
2025-06-05,2154.608154296875,2187.022524260267,2132.366860976366,2132.366860976366,90142
2025-06-06,2349.5927734375,2451.423605009421,2154.308636316389,2163.7836048557433,2425159
2025-06-09,2453.9169921875,2487.428556912929,2274.0922596351697,2316.8791249834535,972179
2025-06-10,2439.056396484375,2477.4549535339142,2418.6104115618928,2477.4549535339142,214046
2025-06-11,2459.103515625,2483.439126939851,2405.2457996190756,2408.836167921065,307668
2025-06-12,2447.434326171875,2518.3470881112994,2427.2875981664565,2449.5288904559807,408565
2025-06-13,2448.032470703125,2468.677878163186,2382.8048950183365,2393.6760764666938,211671
2025-06-16,2495.50732421875,2513.2602282727994,2397.466285792098,2439.15619584046,199567
2025-06-17,2463.890625,2531.2127686860135,2443.544474529384,2492.4153640199715,171867
2025-06-18,2438.85693359375,2483.439104971481,2416.1169605596033,2467.48126333311,118593
2025-06-19,2448.331787109375,2461.4969571434153,2383.702482809061,2438.856819081473,108186
2025-06-20,2418.510498046875,2460.6990898563085,2371.2354904005983,2448.331860197002,244371
2025-06-23,2391.681640625,2428.384727012127,2354.878963820829,2386.0962983605464,161088
2025-06-24,2409.933349609375,2434.1693703371966,2398.6630752341707,2404.6472658584553,81000
2025-06-25,2352.28564453125,2439.854351102181,2344.805406102594,2409.9333973875587,99738
2025-06-26,2328.348876953125,2371.834093664616,2315.3831303691068,2352.285639877466,74240
2025-06-27,2391.28271484375,2409.434711371798,2337.823846884651,2337.823846884651,347815
2025-06-30,2429.382080078125,2435.5656953061316,2383.702707527295,2391.282780063142,72279
2025-07-01,2404.54736328125,2454.016768428218,2393.676181356522,2429.3818997612234,62710
2025-07-02,2395.870361328125,2428.8832430796997,2393.676206837991,2404.647222785998,53243
2025-07-03,2359.466552734375,2411.3295375906796,2353.2829378548213,2393.6762241371357,87641
2025-07-04,2295.63525390625,2366.448177608299,2288.9529562845396,2359.4666217503504,87529
2025-07-07,2269.803466796875,2363.1566909128705,2257.6356616863454,2295.635124617524,118147
2025-07-08,2234.7958984375,2287.9555061954757,2209.8617712993628,2269.803510338379,101755
2025-07-09,2209.961669921875,2273.992461588179,2201.484066446656,2234.7959638797565,91183
2025-07-10,2188.119140625,2238.286652596541,2174.255863481551,2209.9615818657144,279876
2025-07-11,2195.100830078125,2220.5336410421237,2175.0539369460876,2184.3294814088977,102924
2025-07-14,2225.719970703125,2237.0898350158204,2184.428911020396,2195.200502394035,85595
2025-07-15,2230.9111328125,2249.5785430241035,2214.6394487237512,2248.0811532683742,61025
2025-07-16,2175.707275390625,2233.1072149799625,2161.2325080159226,2231.110695342072,203170
2025-07-17,2163.827880859375,2198.9665744924614,2147.2566719115525,2175.7070741195857,165998
2025-07-18,2119.10595703125,2176.905102097174,2097.4437680648452,2161.2324719444728,202562
2025-07-21,2146.058837890625,2161.731467066171,2119.105824909426,2119.105824909426,123469
2025-07-22,2133.08154296875,2178.2028362037872,2122.7994185093276,2151.249822190266,112012
2025-07-23,2014.7877197265625,2150.0519170303587,1988.7330425381983,2133.780234220403,660397
2025-07-24,2028.563720703125,2081.371688637741,2011.1939757644989,2013.4900220538725,234408
2025-07-25,2007.8997802734375,2046.9317139687605,1977.0535281712414,2039.045437200035,371389
2025-07-28,1961.480712890625,2014.0889558086,1922.5485805417813,2007.8997937680924,104943
2025-07-29,1940.01806640625,1975.4562883328892,1931.6326599449899,1955.4910928812615,77901
2025-07-30,1903.3818359375,1957.8869163280704,1891.702245486881,1948.60305181551,92880
2025-07-31,1881.420166015625,1919.354037804681,1871.73709485473,1886.7109916135678,91635
2025-08-01,1893.5989990234375,1912.2664081462708,1865.1485953239394,1881.4201566057645,61998
2025-08-04,1931.832275390625,1941.1161400775795,1879.2240337855712,1907.1753075948652,97250
2025-08-05,1906.6761474609375,1944.210690180739,1899.3888024473847,1934.2280925500534,39771
2025-08-06,1892.900146484375,1909.4713563221094,1869.740568326738,1901.4852780804574,34284
2025-08-07,1870.6390380859375,1896.1944642459193,1844.4845585678152,1868.7423201202216,45345
2025-08-08,1862.6529541015625,1889.605968251683,1845.0836062863941,1870.639032368265,52421
2025-08-11,1850.9732666015625,1874.0331653954229,1819.9274112906778,1861.8543227589541,99416
2025-08-12,1815.7347412109375,1871.6372889832198,1809.8449841276383,1850.9732383883781,81365
2025-08-13,1763.026611328125,1832.3058659344335,1756.9372509096177,1822.8223978187284,157559
2025-08-14,1772.0108642578125,1805.153161192323,1751.9458675818698,1762.9267248715566,88144
2025-08-18,1835.400390625,1871.7370706616887,1772.0108951652576,1772.0108951652576,210695
2025-08-19,1851.37255859375,1891.6024763617618,1829.8101717758243,1847.9784509793815,93891
2025-08-20,1801.3597412109375,1865.2483660031237,1789.5802272717256,1865.2483660031237,262220
2025-08-21,1805.0533447265625,1885.8125879520833,1798.8641826304784,1801.8589620688197,209704
2025-08-22,1793.174072265625,1813.6383975354634,1783.8902076683503,1805.0532660335182,161822
2025-08-25,1842.1885986328125,1846.7805691900328,1799.9621617400715,1801.7590780640576,102845
2025-08-26,1785.18798828125,1841.9888714803542,1776.6028568073434,1841.9888714803542,104013
2025-08-28,1744.159423828125,1815.8345241570253,1735.574414165754,1784.8884712439587,61407
2025-08-29,1747.1541748046875,1778.3997538855424,1731.9806752688276,1751.346938891248,58801
2025-09-01,1774.107177734375,1785.8866915194099,1742.1628657563865,1764.5239085125543,45334
2025-09-02,1818.130615234375,1855.7649608011748,1771.911137935495,1785.5872483978148,142965
2025-09-03,1815.7347412109375,1835.7997384504836,1804.1549521153986,1821.824101507413,43614
2025-09-04,1814.1375732421875,1837.7962816280858,1798.0654930648352,1834.8015022446616,71213
2025-09-05,1799.263427734375,1838.5948869109304,1782.6923399799957,1814.1375226286466,41084
2025-09-08,1772.60986328125,1819.2286686658122,1767.9180910036714,1802.8571837112538,63794
2025-09-09,1777.4014892578125,1806.8501519554286,1771.8112590156036,1773.2088470406259,92457
2025-09-10,1790.478759765625,1809.9448259401765,1781.8937498243233,1781.8937498243233,50447
2025-09-11,1784.5889892578125,1816.8328294242656,1777.7010941490507,1792.6749910948552,55675
2025-09-12,1793.97265625,1826.7156263244033,1778.599431009483,1798.8641536253308,36664
2025-09-15,1862.952392578125,1872.3360590826032,1786.2861129474518,1793.9726646748654,213203
2025-09-16,1918.8548583984375,1931.5328304418404,1867.0452744360641,1872.2361764353614,202446
2025-09-17,1927.739501953125,1945.40877377116,1906.6762442546642,1944.1109872701352,115873
2025-09-18,1900.1875,1961.880003431885,1882.7179537693723,1935.7255239604433,106914
2025-09-19,1883.4166259765625,1929.5362996489048,1866.845538459472,1900.187438558847,120142
2025-09-22,1890.404541015625,1914.662302982172,1871.737131434605,1879.8230114708253,67386
2025-09-23,1843.68603515625,1904.0807526030378,1816.9326239738577,1891.7023068043507,76095
2025-09-24,1841.88916015625,1860.0575619027134,1819.8276426178688,1843.8856797861106,65932
2025-09-25,1778.2001953125,1841.889096178079,1764.9232914919469,1841.889096178079,97309
2025-09-26,1740.266357421875,1794.8711197179716,1727.089254952151,1782.2930706143284,71299
2025-09-29,1666.295166015625,1756.937202237868,1652.4194526433478,1753.742819704225,119680
2025-09-30,1686.4600830078125,1722.8965646819113,1670.2882015884145,1681.6683873595725,152008
2025-10-01,1645.3316650390625,1693.04852965334,1634.151204624126,1693.04852965334,353448
2025-10-03,1616.3822021484375,1661.104289453809,1608.4960472989967,1656.6121204018007,393466
2025-10-06,1565.9700927734375,1632.2545675795793,1559.8807323912367,1632.2545675795793,366064
2025-10-07,1611.7901611328125,1637.145983046697,1571.8597713024053,1571.8597713024053,805455
2025-10-08,1606.9986572265625,1626.1651964340122,1592.2243636048186,1620.075836092116,150746
2025-10-09,1607.298095703125,1636.048026974167,1578.8476911182365,1606.9986908748583,252000
2025-10-10,1624.867431640625,1642.7363064753524,1599.511730145704,1607.2980834897753,188908
2025-10-13,1613.4873046875,1628.8604075609937,1597.2156217972874,1624.8673685065005,100249
2025-10-14,1612.38916015625,1619.4769021343764,1585.2365426772246,1612.1895569418878,154288
2025-10-15,1641.3387451171875,1721.8983855987428,1607.2981096720532,1612.189607155123,990286
2025-10-16,1629.259765625,1652.4194656792072,1618.977762986428,1641.3386846140988,133394
2025-10-17,1629.7589111328125,1638.1443177524827,1620.8743746174227,1629.2597812370927,73899
2025-10-20,1629.159912109375,1645.4315947786192,1619.1773146087048,1624.16861335904,183075
2025-10-21,1640.3404541015625,1652.1199684810165,1629.159993088229,1640.1408508847794,17302
2025-10-23,1682.267333984375,1696.0433677035787,1629.1599623850739,1643.435125994714,217291
2025-10-24,1679.4722900390625,1692.3498656630825,1651.720619217,1682.267344327963,246471
2025-10-27,1752.1455078125,1760.8304409671305,1683.4653084277827,1691.8507149068498,290897
2025-10-28,1691.6510009765625,1761.7289107367778,1637.7449727877276,1752.1455193502338,471520
2025-10-29,1814.63671875,1836.798037634831,1675.079949538721,1692.0503661907817,911743
2025-10-30,1887.1103515625,1895.3958347933487,1790.0794258224207,1805.7521778077073,632290
2025-10-31,1873.43408203125,1895.5955222814796,1836.9976000291902,1876.7283880513019,244144
2025-11-03,1871.737060546875,1910.6691914062499,1858.8594851987361,1873.4340534052849,111786
2025-11-04,1854.866455078125,1884.0157134896258,1834.8014580639099,1871.7370695700931,83794
2025-11-06,1806.8502197265625,1854.8664912493766,1791.8763228779999,1854.8664912493766,91012
2025-11-07,1766.2210693359375,1807.2495217327796,1758.5343959507254,1806.8501934510482,50385
2025-11-10,1732.679443359375,1786.8849979048946,1719.3028598557787,1766.2210692979743,132044
2025-11-11,1750.1490478515625,1755.9390034851172,1719.2029937821828,1732.6795011994934,62717
2025-11-12,1773.3087158203125,1795.0707061336286,1750.0492139636958,1750.1490155711467,94675
2025-11-13,1742.761962890625,1814.4369415778135,1733.9772281327523,1773.3086876156876,93294
2025-11-14,1741.56396484375,1759.9319689250374,1731.9806954537378,1742.7619496786774,56057
2025-11-17,1749.849609375,1760.8304670594302,1720.9998770870566,1741.564004379049,98124
2025-11-18,1745.6568603515625,1755.8391834078311,1718.1049142930976,1749.8496246186915,148264
2025-11-19,1802.158447265625,1829.9099963072808,1728.2872228205672,1746.9546321466373,470265
2025-11-20,1773.0091552734375,1814.636660847599,1766.4206651550319,1802.7573451986304,103303
2025-11-21,1738.4693603515625,1776.802559249409,1728.6863660261852,1770.5134740605406,70848
2025-11-24,1713.21337890625,1744.858286921624,1700.5355284936245,1732.9789712151053,206792
2025-11-25,1730.6829833984375,1763.625557119769,1704.0294952216059,1712.814230290449,135667
2025-11-26,1770.214111328125,1776.4032732024796,1728.5866055117692,1731.980713125205,90746
2025-11-27,1742.761962890625,1783.8902168527509,1736.972007455952,1762.9267615903514,121462
2025-11-28,1770.5135498046875,1790.5785473326048,1732.9790058468625,1742.762000590765,275976
2025-12-01,1766.72021484375,1775.4050262232518,1742.4624533442147,1771.8113153716608,102393
2025-12-02,1744.6585693359375,1786.1862736838852,1737.171620983478,1766.720207967491,74276
2025-12-03,1764.823486328125,1781.8937041645108,1720.0015979134187,1744.658565692878,64329
2025-12-04,1773.9075927734375,1805.1531719914399,1747.0543808691627,1764.8234533328368,261079
2025-12-05,1747.254150390625,1835.7997445750443,1690.0538159682164,1775.1055009052118,955662
2025-12-08,1654.6156005859375,1751.9459300321691,1641.1390934318438,1751.9459300321691,448565
2025-12-09,1629.259765625,1659.7066889721575,1607.1982488171611,1657.011436304251,713344
2025-12-10,1650.8221435546875,1666.9940250477355,1622.1721367140296,1632.9533910427283,154444
2025-12-11,1653.417724609375,1666.095575089491,1635.1495218673374,1650.4229452652955,70181
2025-12-12,1671.0869140625,1676.078213088971,1647.128678735439,1653.4177642519471,102077
2025-12-15,1718.5042724609375,1730.9825201552514,1661.503661364888,1671.0869312225439,142641
2025-12-16,1697.44091796875,1720.0015641425139,1677.0763945208494,1698.139651056648,153360
2025-12-17,1743.2611083984375,1759.2332649319567,1702.2325338166531,1708.2220925167228,376292
2025-12-18,1715.110107421875,1743.5605112145024,1698.3394161956878,1743.2611063945735,96178
2025-12-19,1735.6741943359375,1765.9215137786334,1715.9087242212613,1746.9545783564774,133661
2025-12-22,1740.965087890625,1752.944205467854,1738.9685682944203,1745.9563868811372,43567
2025-12-23,1719.2030029296875,1747.4538044090762,1714.0121006400364,1740.9651156180685,68321
2025-12-24,1694.845458984375,1739.9667511193613,1688.2568471220595,1713.8123943092562,79125
2025-12-26,1678.673583984375,1712.0154842593104,1672.0850939558861,1701.5337568046616,39912
2025-12-29,1647.7275390625,1683.9644171723417,1642.2371103705775,1672.0851016309691,60294
2025-12-30,1631.9552001953125,1647.1287006949226,1609.5941558870281,1642.2372032121905,144074
2025-12-31,1671.885498046875,1680.9696375089886,1627.6625418496058,1631.955107569117,94768
2026-01-01,1677.6754150390625,1684.1641038146004,1652.1199882331364,1670.5877947481292,52535
2026-01-02,1661.3038330078125,1686.959181787124,1657.2109923900969,1674.5807364723248,52111
2026-01-05,1699.8367919921875,1705.6266255669368,1662.5018520712135,1662.5018520712135,90289
2026-01-06,1665.0972900390625,1699.0381220902184,1658.8082047687838,1699.0381220902184,55925
2026-01-07,1665.6962890625,1678.1745366460586,1647.128681029742,1665.0973575500666,57391
2026-01-08,1630.9569091796875,1686.7595344858885,1619.1773948023363,1659.6069166824193,64095
2026-01-09,1618.1790771484375,1630.956850868456,1599.1123400310964,1630.956850868456,114315
2026-01-12,1566.569091796875,1614.2858352614926,1524.2428535557533,1614.2858352614926,583224
2026-01-13,1549.1993408203125,1582.04211118787,1539.3165448572406,1566.5690849587602,79001
2026-01-14,1530.03271484375,1563.1750126280729,1527.4372637893946,1549.1993757192083,87255
2026-01-15,1530.03271484375,1530.03271484375,1530.03271484375,1530.03271484375,0
2026-01-16,1527.0379638671875,1560.1802622670486,1519.351412167706,1532.5283927547844,105112
2026-01-19,1478.5225830078125,1523.8436028388621,1468.8395115757057,1522.3462131210383,116147
2026-01-20,1370.71044921875,1475.527723799614,1356.8346142121834,1472.4331429216597,446014
2026-01-21,1344.6558837890625,1388.479511203207,1318.7011302786575,1383.188685782934,399544
2026-01-22,1343.65771484375,1378.596808468959,1331.1794671204611,1344.655974661613,164494
2026-01-23,1286.3575439453125,1360.328570180814,1277.7725341033824,1360.328570180814,240373
2026-01-27,1266.69189453125,1295.142299054499,1253.9141202478293,1295.042497445293,204131
2026-01-28,1303.5277099609375,1321.3964630917196,1266.691898563065,1266.691898563065,225276
2026-01-29,1281.466064453125,1326.68728241634,1265.8932358482577,1293.2455789092312,305662
2026-01-30,1264.1961669921875,1302.6291672218886,1228.957549207258,1277.872276772332,274082
2026-02-02,1193.31982421875,1244.131273897523,1183.9361574525233,1235.047011965328,342845
2026-02-03,1245.7283935546875,1336.669834390725,1208.8925836050546,1267.4903834643926,841825
2026-02-04,1216.6790771484375,1271.7829686481225,1196.9134846225265,1245.728412578792,430635
2026-02-05,1301.2315673828125,1312.1126228893881,1199.009745926465,1217.7770777281487,758147
2026-02-06,1349.5474853515625,1380.2938149279921,1276.0755864091918,1300.6327537974391,641122
2026-02-09,1424.117431640625,1454.8638827706973,1346.752295764454,1349.6472736075268,418895
2026-02-10,1459.75537109375,1472.4332219565945,1410.0419837380946,1427.4117288297023,236166
2026-02-11,1439.889892578125,1463.6484015927065,1429.7075699794073,1453.566002455626,97003
2026-02-12,1412.7371826171875,1457.4592692100741,1408.4447387061612,1443.7831590572148,62366
2026-02-13,1384.38671875,1410.6408779839717,1371.7087463642233,1407.1469687360454,77682
2026-02-16,1383.5880126953125,1406.547986931959,1367.2165284332582,1383.6878142986786,73007
2026-02-17,1384.6861572265625,1401.556772376749,1374.3042308373797,1383.5880958078162,60113
2026-02-18,1368.0152587890625,1397.9630528875189,1365.3198842054699,1387.3815233443083,67757
2026-02-19,1342.5595703125,1370.0117136044737,1296.439896467256,1367.7156674223563,389169
2026-02-20,1298.63623046875,1341.3616778559453,1293.7447329555964,1332.6768661232416,110067
2026-02-23,1302.3297119140625,1315.2072877175613,1289.8514644025108,1298.7360010023128,70262
2026-02-24,1265.59375,1295.1422139997785,1251.9175184160988,1292.4468395809074,106499
2026-02-25,1260.203125,1285.5589468652086,1251.8177187801361,1265.5937519883323,64750
2026-02-26,1289.0528564453125,1308.6187230603102,1260.203125465983,1260.203125465983,196518
2026-02-27,1287.9547119140625,1326.6872398957057,1272.381883808308,1289.0528951519752,348193
2026-03-02,1253.7144775390625,1281.765552884029,1203.0028321553264,1203.0028321553264,189848
2026-03-04,1224.764892578125,1253.315096612049,1206.2970874906516,1253.315096612049,104637
2026-03-05,1231.253662109375,1235.7458312108993,1203.2025860914337,1224.7649734071733,148560
2026-03-06,1230.7545166015625,1255.8108129007396,1217.5774142894634,1228.8577986333949,133024
2026-03-09,1187.3302001953125,1209.791045122195,1173.9534948450594,1204.8995478554307,236676
2026-03-10,1174.0533447265625,1211.0887595128295,1168.0637858331106,1187.3302490168694,204699
2026-03-11,1180.9412841796875,1207.2953659496943,1172.1565496370586,1174.1530691369398,146047
2026-03-12,1187.7294921875,1213.8838487378785,1139.61329941063,1180.941277184959,162544
2026-03-13,1132.026611328125,1187.729556819171,1122.0440133446318,1187.729556819171,183377
2026-03-16,1092.99462890625,1140.012638942915,1078.220335805519,1138.016119435134,332733
2026-03-17,1119.0491943359375,1135.3208772161781,1082.7125145907412,1099.9824572339933,361621
2026-03-18,1215.281494140625,1243.8316997964791,1115.2557899507678,1127.933762413344,989501
2026-03-19,1176.24951171875,1214.8821152858382,1159.2790959752338,1200.9064787911777,409767
2026-03-20,1163.3719482421875,1193.918672515232,1153.0898239748656,1177.946516361182,212529
2026-03-23,1108.667236328125,1157.4821616975532,1091.5970192464636,1152.98999289407,177521
2026-03-24,1131.72705078125,1156.9830716669162,1106.271426685041,1138.9145942290265,192808
2026-03-25,1165.767822265625,1215.7806129766616,1144.4050385573632,1156.9830874400964,448490
2026-03-27,1128.7322998046875,1166.7660954246055,1102.0788120605087,1165.7678356310723,565082
2026-03-30,1121.0457763671875,1133.0248941912357,1086.2064843240028,1128.0335950978824,271951
2026-04-01,1152.989990234375,1173.8536430006677,1128.0334969392586,1128.0334969392586,191326
2026-04-02,1142.608154296875,1152.9900806937467,1103.276693406394,1149.4961713583111,144851
2026-04-06,1176.6488037109375,1181.7400262905849,1123.5414299118363,1141.0109768007364,168445
2026-04-07,1181.140869140625,1186.9308243439907,1162.6730640520095,1173.0549896625905,126589
2026-04-08,1261.1016845703125,1347.6507625794839,1233.8491426283274,1233.8491426283274,2619341
2026-04-09,1287.1561279296875,1296.6395954213906,1237.8420726012555,1261.1015731924786,297654
2026-04-10,1358.7313232421875,1394.568872688581,1287.8548808936628,1300.9320592652653,1096732
2026-04-13,1361.3267822265625,1383.6878251606681,1320.7974604535536,1320.7974604535536,233457
2026-04-15,1407.8458251953125,1427.4116926328984,1388.0802326857597,1397.5637006544866,280774
2026-04-16,1419.525390625,1472.4331583487167,1403.8527610047122,1446.4784043710442,279615
2026-04-17,1417.92822265625,1432.502791142288,1405.7493801673484,1425.415171042011,88188
2026-04-20,1401.1573486328125,1429.1086213915207,1394.369255506139,1412.4377324535856,194988
2026-04-21,1426.51318359375,1449.1736311890013,1401.1573615571767,1401.1573615571767,145197
2026-04-22,1411.4395751953125,1442.4854310349367,1404.6513597178755,1433.5010927101516,301597
2026-04-23,1420.9229736328125,1445.1806128034905,1408.7441313871386,1417.429064455902,151767
2026-04-24,1411.23974609375,1447.1770967439081,1379.5949610699568,1434.2996435805708,196974
2026-04-27,1466.2440185546875,1482.4157783021024,1415.6321744231784,1428.0106201085237,255014
2026-04-28,1508.7698974609375,1512.363608396441,1474.8290640051757,1477.1249884477454,210059
2026-04-29,1547.7020263671875,1567.3676957866448,1497.3897078130904,1512.3636048912213,235900
2026-04-30,1483.6136474609375,1547.2028690403436,1467.8412159329384,1547.2028690403436,244766
2026-05-01,1483.6136474609375,1483.6136474609375,1483.6136474609375,1483.6136474609375,0
2026-05-04,1491.8992919921875,1534.4251356961315,1479.9201742244347,1505.7751277780783,282626
2026-05-05,1479.8203125,1505.1761351166263,1457.4592692036551,1497.3896601407414,141551
2026-05-06,1547.003173828125,1552.2939995472284,1484.5121342951,1495.692717245799,480330
2026-05-07,1588.430908203125,1595.2191234289544,1552.4935562360145,1569.164567624376,208829
2026-05-08,1483.2144775390625,1591.0265372442434,1467.4419237649645,1587.2331012151656,553663
2026-05-11,1375.6019287109375,1480.2195987377656,1343.6576168685935,1478.7222091201559,1209220
2026-05-12,1318.9007568359375,1384.3866951078835,1288.7533605832618,1369.4127985867767,639256
2026-05-13,1301.3314208984375,1334.6733218211175,1296.73945029591,1315.7063860585138,304022
2026-05-14,1304.326171875,1329.582192426692,1265.3940414191477,1311.313990161948,327483
2026-05-15,1289.65185546875,1316.3053432921215,1282.7638385013292,1307.7203334138064,93444
2026-05-18,1238.940185546875,1285.4590668091714,1226.961068216264,1283.7620739304882,262203
2026-05-19,1268.98779296875,1286.75686592719,1232.8508374089058,1232.8508374089058,115165
2026-05-20,1276.7742919921875,1282.9634540468057,1243.6321151730742,1265.793434125171,112979
2026-05-21,1252.5164794921875,1293.644854960703,1249.3220969845606,1283.4625322341142,138054
2026-05-22,1247.525146484375,1274.7776860891022,1239.7387936386517,1266.1926767094121,125739
2026-05-25,1283.5625,1305.3244905323359,1253.1155760901122,1254.812569007509,218318
2026-05-26,1266.4921875,1325.5892420804812,1258.1069024810356,1287.75517045296,230519
2026-05-27,1250.619873046875,1275.6761685907072,1243.9314595563205,1267.7898921342016,89183
2026-05-28,1250.619873046875,1250.619873046875,1250.619873046875,1250.619873046875,0
2026-05-29,1241.6356201171875,1295.4417272434027,1222.868286648327,1245.8282626425405,215115
2026-06-01,1248.3238525390625,1275.7759964373624,1234.747543928207,1241.735362375047,108635
2026-06-02,1227.9593505859375,1256.809083059516,1225.3638994881303,1239.838666528927,119794
2026-06-03,1252.616455078125,1268.388886920432,1204.2008544188598,1225.962845105612,166387
2026-06-04,1248.822998046875,1276.5746689688483,1239.439331643611,1252.616433994328,235974
2026-06-05,1235.64599609375,1276.4747233340877,1229.8560406656452,1243.4323492105075,115914
2026-06-08,1213.5843505859375,1235.7457905387892,1201.1061034923998,1225.7631928639591,105624
2026-06-09,1216.6790771484375,1233.4497684554406,1213.3847711081576,1214.4828325022895,68237
2026-06-10,1192.2216796875,1228.8577641233292,1182.3388836954357,1216.9784486119743,120874
2026-06-11,1178.7452392578125,1187.72957760015,1152.9900872666237,1182.438751833174,137626
2026-06-12,1196.3145751953125,1226.4619725760538,1179.3441585030532,1187.9291684581483,261330
2026-06-15,1237.8421630859375,1258.8056190736834,1215.9802488985683,1226.8613051875946,345582
2026-06-16,1313.410400390625,1317.702966372722,1242.833479646999,1242.833479646999,638373
2026-06-17,1297.2386474609375,1311.0146818408464,1274.7778013140571,1306.8219174453618,208334
2026-06-18,1317.3035888671875,1325.6889954388291,1300.8323024027743,1305.723799724389,133278
2026-06-19,1277.2734375,1318.601418348717,1256.0104546273021,1316.005967192745,386849
2026-06-22,1311.5137939453125,1325.4894313580317,1277.872365058535,1277.872365058535,229705
2026-06-23,1297.33837890625,1364.9206387722177,1289.2524991022722,1315.7063831334067,446813
2026-06-24,1303.2281494140625,1314.2090070498762,1286.257733067805,1297.7377205961557,139339
2026-06-25,1344.3564453125,1357.6333496069583,1315.4069106517634,1317.0042238434935,338677
2026-06-26,1344.3564453125,1344.3564453125,1344.3564453125,1344.3564453125,0
2026-06-29,1312.711669921875,1341.3616781572425,1300.932155243299,1332.976393113254,140969
2026-06-30,1321.296630859375,1345.4545908406733,1304.7255427522318,1322.6942189339763,127038
2026-07-01,1393.5706787109375,1409.4430338787208,1321.2966449277042,1321.2966449277042,696452
2026-07-02,1421.6217041015625,1441.487097756627,1401.5567072370527,1409.9421136177396,289532
2026-07-03,1403.1539306640625,1467.4418852464355,1397.5637002347005,1422.5201948817487,412207
2026-07-06,1415.033203125,1434.798795022914,1399.160848644297,1414.3344700394484,111639
2026-07-07,1407.3466796875,1422.819706201642,1382.1904602401007,1420.5236599757452,107308
2026-07-08,1350.0465087890625,1425.0157915601612,1333.275696264327,1404.0523368331817,163834
2026-07-09,1401.5567626953125,1415.9317282227391,1358.5317895795906,1358.5317895795906,156055
2026-07-10,1444.48193359375,1449.4732326040946,1401.5567621047858,1413.4360781209832,179363
2026-07-13,1434.0999755859375,1442.4853821095699,1403.7528539021596,1417.5288876094044,125427
2026-07-14,1422.5,1438.0,1406.0,1434.0,104200
2026-07-15,1426.5999755859375,1445.9000244140625,1415.5,1422.800048828125,80740
2026-07-16,1456.5999755859375,1464.5,1407.0,1435.0,243677
2026-07-17,1448.5999755859375,1465.0,1412.0,1460.0,155791
2026-07-20,1441.800048828125,1456.5,1419.199951171875,1431.699951171875,81565
2026-07-21,1445.300048828125,1449.9000244140625,1435.0999755859375,1446.9000244140625,65296
2026-07-22,1408.5999755859375,1450.699951171875,1398.199951171875,1446.0,87321
2026-07-23,1398.0999755859375,1412.699951171875,1378.0,1403.0999755859375,153424
2026-07-24,1374.199951171875,1394.5,1359.0999755859375,1390.0999755859375,113460
2026-07-27,1400.199951171875,1430.0,1380.5999755859375,1380.5999755859375,93552
2026-07-28,1391.699951171875,1424.0,1387.699951171875,1401.0,69114
2026-07-29,1405.5999755859375,1413.800048828125,1395.5,1398.5999755859375,56974
2026-07-30,1378.0999755859375,1407.4000244140625,1364.9000244140625,1405.0,74591
2026-07-31,1418.0999755859375,1471.199951171875,1372.0999755859375,1378.0999755859375,267520
2026-08-03,1432.0999755859375,1449.5,1415.0999755859375,1446.9000244140625,98610
2026-08-04,1424.0999755859375,1437.5999755859375,1412.0,1428.0,65477
2026-08-05,1421.199951171875,1458.800048828125,1411.699951171875,1424.5999755859375,96361
2026-08-06,1390.800048828125,1428.9000244140625,1384.0999755859375,1428.9000244140625,98585
2026-08-07,1382.800048828125,1411.0,1378.0,1400.0,265738
2026-08-10,1393.199951171875,1407.800048828125,1368.0,1386.0999755859375,70340
2026-08-11,1400.800048828125,1405.0,1380.199951171875,1391.0,52419
2026-08-12,1375.4000244140625,1419.4000244140625,1371.0999755859375,1419.300048828125,52933
2026-08-13,1393.800048828125,1449.0,1372.5999755859375,1375.5999755859375,650510
2026-08-14,1402.9000244140625,1427.9000244140625,1381.199951171875,1401.0,201919
2026-08-17,1402.0999755859375,1443.800048828125,1378.699951171875,1414.9000244140625,174072
2026-08-18,1390.800048828125,1401.5999755859375,1378.699951171875,1400.0,89905
2026-08-19,1395.0999755859375,1400.0,1377.5999755859375,1377.5999755859375,60733
2026-08-20,1445.5,1460.0,1390.4000244140625,1399.0999755859375,524278
2026-08-21,1406.300048828125,1465.0,1386.5,1459.9000244140625,399297
2026-08-24,1429.800048828125,1486.0,1411.199951171875,1417.9000244140625,963156
2026-08-25,1408.0,1434.4000244140625,1401.0999755859375,1425.0,118346
2026-08-26,1392.300048828125,1431.5,1385.5999755859375,1413.800048828125,120050
2026-08-27,1393.4000244140625,1404.9000244140625,1380.0,1400.0,111296
2026-08-28,1387.0,1406.199951171875,1380.0,1382.0,81323
2026-08-31,1355.5,1394.199951171875,1350.0,1390.699951171875,187059
2026-09-01,1357.0,1377.5999755859375,1335.5999755859375,1355.5,154550
2026-09-02,1331.0999755859375,1350.300048828125,1318.699951171875,1350.300048828125,84555
2026-09-03,1376.9000244140625,1386.9000244140625,1340.699951171875,1340.699951171875,242377
2026-09-04,1373.5999755859375,1400.9000244140625,1362.5,1376.9000244140625,68679
