Date,Close,High,Low,Open,Volume
2021-01-04,13.046196937561035,13.582431124501683,12.895971895425573,13.036994722740106,560640000
2021-01-05,13.335951805114746,13.374502622372711,13.019832636772176,13.032516872741898,322760000
2021-01-06,12.549757957458496,13.177021848439159,12.521404624259176,13.15463728846822,580424000
2021-01-07,13.275514602661133,13.309091919233424,12.820363118117218,12.900946780331147,461480000
2021-01-08,13.208609580993652,13.35211916574799,12.975064589250893,13.293920064625954,292528000
2021-01-11,13.551589965820312,13.889347964433247,13.293919414175052,13.349880341033488,518344000
2021-01-12,13.415543556213379,13.683909741204818,13.276511249736272,13.68191920101054,291476000
2021-01-13,13.462300300598145,13.555071983938621,13.316303971194731,13.42076462097778,210028000
2021-01-14,13.132502555847168,13.529952111631886,13.112854274727429,13.505329377959594,283120000
2021-01-15,12.793500900268555,13.25686026552302,12.782557674546371,13.16010939853899,277780000
2021-01-19,12.958399772644043,13.026796351578763,12.7780794490241,12.94944518994785,226188000
2021-01-20,13.297155380249023,13.361572793196219,12.98974119703935,13.044458284042483,258572000
2021-01-21,13.796327590942383,13.927401511527409,13.184981367786673,13.349631654463508,337780000
2021-01-22,13.642122268676758,13.770709436142702,13.557309900202496,13.669481280851628,246820000
2021-01-25,13.583178520202637,13.757529155129262,13.168567410462774,13.711019017208473,251112000
2021-01-26,13.366297721862793,13.574721885748612,13.318792314418362,13.510801637996689,163980000
2021-01-27,12.851451873779297,13.164834764389763,12.728087739342117,13.162098483674535,371272000
2021-01-28,12.984017372131348,13.271286051874542,12.893981971050982,12.92954887671929,228316000
2021-01-29,12.923083305358887,13.266312945852967,12.845234971987278,13.00789568264157,271552000
2021-02-01,13.169062614440918,13.202638977790059,12.83652767812877,12.986255544880906,217204000
2021-02-02,13.487174987792969,13.50234597862409,13.217316363082297,13.329985875476133,220440000
2021-02-03,13.461057662963867,13.860248208938296,13.447129576053145,13.566015475389744,245408000
2021-02-04,13.594120979309082,13.60332319408904,13.269296744638849,13.46155462652012,201340000
2021-02-05,13.521246910095215,13.666747036533561,13.476229206080044,13.654559959985026,169152000
2021-02-08,14.36464786529541,14.39946808686002,13.656799251100956,13.656799251100956,434624000
2021-02-09,14.190046310424805,14.50840365374763,14.149504952867572,14.267147945822208,287560000
2021-02-10,14.688472747802734,14.828500284484402,14.26789297724074,14.389017977701,485352000
2021-02-11,15.172480583190918,15.193870826597166,14.848402977912496,14.90336959408005,450828000
2021-02-12,14.884464263916016,15.212770519830906,14.699169476852274,14.972758655967848,374756000
2021-02-16,15.251570701599121,15.293604492895591,14.873272272609666,14.986936092155004,321960000
2021-02-17,14.829496383666992,15.145366956291253,14.704142665462815,15.09313568691804,274756000
2021-02-18,14.752894401550293,14.796916836680797,14.500197331565527,14.653407246591904,233868000
2021-02-19,14.849893569946289,15.099107664393724,14.770552807333134,14.947390182953654,271724000
2021-02-22,14.282071113586426,15.055580850463219,14.251478660606724,14.698920325656603,325884000
2021-02-23,14.069419860839844,14.165673573330455,13.320781350681472,14.003011915069953,391780000
2021-02-24,14.424586296081543,14.432297029257633,13.685399568921875,14.050268009256117,448320000
2021-02-25,13.239202499389648,14.300975358470478,13.148421348312327,13.973414817067304,824436000
2021-02-26,13.644113540649414,13.783394411878966,13.29242744323524,13.681917670854737,500932000
2021-03-01,13.770711898803711,13.853534691004315,13.483692697486628,13.803791109861447,353184000
2021-03-02,13.337443351745605,13.84905380194332,13.327245868076808,13.828658834605728,264116000
2021-03-03,12.739033699035645,13.382463937464099,12.733063976194641,13.35734404205113,377592000
2021-03-04,12.306763648986816,12.908410605300014,12.021734035558053,12.735054284527099,573344000
2021-03-05,12.397542953491211,12.48558876020493,11.619307359237807,12.48558876020493,542840000
2021-03-08,11.533750534057617,12.40724370649822,11.507137260717878,12.386102995034543,543112000
2021-03-09,12.46029281616211,12.556330138602013,12.001500032074086,12.072160122978335,521824000
2021-03-10,12.408541679382324,12.917840255866876,12.397843341761316,12.779008634694895,384376000
2021-03-11,12.93127727508545,12.983775253746279,12.673517733157029,12.88798563838781,299916000
2021-03-12,12.794435501098633,12.827028797912275,12.529709519311325,12.58768004946713,243964000
2021-03-15,13.128077507019043,13.143503346507048,12.706108237775904,12.803141162521834,221988000
2021-03-16,13.227598190307617,13.447788202434918,13.053933410810396,13.292535152594793,272128000
2021-03-17,13.277361869812012,13.388825038522612,12.927295957365558,12.977305373429337,243864000
2021-03-18,12.661575317382812,13.120865488674434,12.656101814810397,13.073593294704544,293896000
2021-03-19,12.78423023223877,12.85961780693649,12.552097624665207,12.688938933142387,299208000
2021-03-22,13.123103141784668,13.330355915344027,12.84494160969425,12.850913393081935,297804000
2021-03-23,13.008153915405273,13.280592270827778,12.958890509627805,13.190774466332162,222048000
2021-03-24,12.582454681396484,13.096233063845542,12.576235180945393,13.088271002303621,245840000
2021-03-25,12.475221633911133,12.653862631787966,12.213232870066019,12.439643393307525,295144000
2021-03-26,12.777763366699219,12.794682152334557,12.314244068153682,12.494377029182635,363968000
2021-03-29,12.886241912841797,12.999944962976231,12.639180750258788,12.758854634186175,273520000
2021-03-30,12.810110092163086,12.913114819439107,12.644158664289982,12.78050268700151,200204000
2021-03-31,13.284327507019043,13.405991674241122,12.92032872070121,12.953170680778484,314776000
2021-04-01,13.745606422424316,13.803576941304831,13.446544640826513,13.507253333989027,308276000
2021-04-05,13.920516014099121,13.946888858751477,13.667234391669156,13.801090791161734,255672000
2021-04-06,13.79511833190918,13.986945247012809,13.707540408844991,13.932706614577354,191744000
2021-04-07,14.075769424438477,14.175289971373456,13.645838042143147,13.814277068484714,251284000
2021-04-08,14.248438835144043,14.402198969872602,14.180763685323448,14.184496524494385,244416000
2021-04-09,14.331039428710938,14.339001489543403,14.107117501169766,14.145930293598289,195172000
2021-04-12,15.136165618896484,15.27897874166865,14.071538686150255,14.22131825641827,869324000
2021-04-13,15.604412078857422,15.624814088647074,15.05331389396944,15.15855755137292,676212000
2021-04-14,15.203838348388672,15.645213978889275,15.154574942421624,15.550171339256597,385500000
2021-04-15,16.059972763061523,16.136603691041266,15.556644047872503,15.587495731609307,598480000
2021-04-16,15.836297988891602,16.08833533705713,15.789273517405002,15.976124276327353,335208000
2021-04-19,15.28818130493164,15.731796816718232,15.160048048291788,15.462094743151471,404420000
2021-04-20,15.09859561920166,15.422785011070824,14.891342877489341,15.24986717123968,334132000
2021-04-21,15.286941528320312,15.28893180639827,15.029928007995823,15.04634851396947,216776000
2021-04-22,14.779135704040527,15.364568865290124,14.712704831012775,15.301372550222148,277788000
2021-04-23,15.192147254943848,15.261563065807191,14.828895411965819,14.86273203688158,227500000
2021-04-26,15.403878211975098,15.404873825568805,15.052568979496371,15.112282067435485,197796000
2021-04-27,15.308089256286621,15.595456172950886,15.280969463843478,15.503896739298003,164572000
2021-04-28,15.203590393066406,15.457867612223833,15.14263398051159,15.290920597634818,209416000
2021-04-29,15.251360893249512,15.362575381790093,14.999323566610313,15.326250200272115,173196000
2021-04-30,14.937621116638184,15.291418896124943,14.925181167243966,15.101831865428135,201912000
2021-05-03,14.765698432922363,15.173734835232782,14.716684635138343,15.052568004352894,203912000
2021-05-04,14.282522201538086,14.567401476976356,13.94315563012395,14.56715281088662,405324000
2021-05-05,14.389260292053223,14.742560743124349,14.318600201838999,14.638560411281018,292024000
2021-05-06,14.453451156616211,14.501470291554716,14.1499124041879,14.42583403228446,193380000
2021-05-07,14.741315841674805,14.89905652104171,14.601488612944612,14.737335285779373,229328000
2021-05-10,14.197431564331055,14.735094144163076,14.181757059075164,14.716433747684961,268904000
2021-05-11,14.237737655639648,14.28600545214214,13.684151890616677,13.758792529289508,285584000
2021-05-12,13.692610740661621,14.191957855909237,13.643596947830634,13.94240815677202,303408000
2021-05-13,13.599808692932129,14.013319554436475,13.39454620795062,13.966543750646617,285404000
2021-05-14,14.17479133605957,14.259384315186782,13.682659301255852,13.823482138772494,258616000
2021-05-17,14.097661972045898,14.101393861667164,13.787156796805611,14.089202579320993,216980000
2021-05-18,13.948629379272461,14.335269089608653,13.936935429096572,14.19867642444646,186256000
2021-05-19,13.998387336730957,14.012071562044346,13.47838962214327,13.501527902689471,344000000
2021-05-20,14.542523384094238,14.613432141859077,14.202161157001548,14.234007504367282,321592000
2021-05-21,14.919957160949707,15.149104894905113,14.79829298748573,15.09113341773736,672992000
2021-05-24,15.53723430633545,15.669596789817742,15.10332149837306,15.139646676419222,554816000
2021-05-25,15.572813987731934,15.742745944567211,15.408355532354786,15.690497590957026,435408000
2021-05-26,15.624813079833984,15.718114114485589,15.51160831799245,15.658899315983863,370440000
2021-05-27,15.413829803466797,15.67457520145046,15.385964013483283,15.624565789324397,581476000
2021-05-28,16.16670799255371,16.199550904569822,15.426769637119651,15.426769637119651,644536000
2021-06-01,16.186614990234375,16.309773080606124,15.827094958818103,16.192089442425804,472804000
2021-06-02,16.697900772094727,16.837728952367616,16.157750527142543,16.174420647544324,594168000
2021-06-03,16.88848304748535,17.1763491798281,16.503585882792244,16.62077215706791,580008000
2021-06-04,17.49407196044922,17.576424107008513,17.01363381979466,17.030550709204036,617120000
2021-06-07,17.534624099731445,17.727197966588108,17.110416805068787,17.487104196499413,575756000
2021-06-08,17.37339973449707,17.53711123572053,17.16838498606947,17.443312869189647,323848000
2021-06-09,17.279081344604492,17.4948438746544,17.17704981871262,17.435864226348606,381656000
2021-06-10,17.34552574157715,17.412221498632054,17.09766275489283,17.27086894747683,287772000
2021-06-11,17.743955612182617,17.857436015238456,17.364195263212135,17.399781657404368,416308000
2021-06-14,17.936574935913086,17.957230351341476,17.58219947235514,17.824340027169793,321376000
2021-06-15,17.707365036010742,17.934077024365276,17.647141786464086,17.83328913764329,243032000
2021-06-16,17.72901725769043,17.87285892613583,17.504296927782022,17.709607366236927,307124000
2021-06-17,18.572160720825195,18.74909970508031,17.6752707710507,17.693437053578737,809656000
2021-06-18,18.553741455078125,19.286633450241315,18.499240721357857,18.698329309981435,968856000
2021-06-21,18.34320640563965,18.451959152942997,17.741463607959098,18.3511693418325,672384000
2021-06-22,18.800607681274414,18.877258052337343,18.3021419888777,18.38725274124048,580144000
2021-06-23,18.97032928466797,19.065394652543972,18.82151125791564,18.921055539369025,332356000
2021-06-24,19.117908477783203,19.331430625682103,19.00119278333372,19.140058125456942,320924000
2021-06-25,18.94420623779297,19.257272715606643,18.80832936010716,19.192568626811074,278364000
2021-06-28,19.893857955932617,19.987180404089194,19.230894919687486,19.27295191735017,495436000
2021-06-29,19.935413360595703,20.00708358846568,19.56734872951691,19.791820384449192,367632000
2021-06-30,19.911272048950195,20.070542160413943,19.77315479150044,19.908036750212215,326568000
2021-07-01,20.11981964111328,20.36270632131494,19.927699060494447,20.03321652568688,480136000
2021-07-02,20.3935604095459,20.411728585764077,20.195219897428057,20.34702451247123,342764000
2021-07-06,20.60409927368164,20.746944185216677,20.257438112216875,20.64292096446594,446708000
2021-07-07,20.278837203979492,20.779792073320536,20.239269348710295,20.758390496324644,418428000
2021-07-08,19.811979293823242,20.041178597383794,19.610900891917264,19.765940834345816,503300000
2021-07-09,19.958803176879883,19.988667035276382,19.664153655569276,19.87145390678074,296624000
2021-07-12,20.418949127197266,20.43910519307565,20.09567932268978,20.147690934282892,321984000
2021-07-13,20.15764045715332,20.3679272570643,20.022261067377123,20.3074533787736,290708000
2021-07-14,19.751007080078125,20.324629020047354,19.66266291046804,20.264903197063806,380100000
2021-07-15,18.879749298095703,19.75648307783893,18.772490778787795,19.721394132584212,550564000
2021-07-16,18.078166961669922,19.069624493243037,17.99056898289551,18.943702280089244,688224000
2021-07-19,18.694095611572266,18.95514847609829,17.784014221794354,17.833538585899674,749060000
2021-07-20,18.52711296081543,18.752082041477266,18.081156267494258,18.644574810811843,434687000
2021-07-21,19.321475982666016,19.437942953866006,18.65652328269626,18.7958841722349,371017000
2021-07-22,19.5046329498291,19.7962958674944,19.18808253655946,19.552414359226333,323826000
2021-07-23,19.468799591064453,19.610152148792288,19.162203768763973,19.566352203135214,195672000
2021-07-26,19.206005096435547,19.35332891748849,18.827737126381447,19.222927760778727,203943000
2021-07-27,19.120393753051758,19.532505085696283,18.655522752528007,19.177132989949083,248863000
2021-07-28,19.414051055908203,19.556398512743925,18.908368517411507,19.230890227163382,202191000
2021-07-29,19.572324752807617,19.762453610725807,19.239846550542488,19.429975408460677,190781000
2021-07-30,19.410072326660156,19.540473498582248,19.17514858058389,19.329440463856944,183497000
2021-08-02,19.65992546081543,19.86996358597214,19.272699647938943,19.61015425708338,217444000
2021-08-03,19.724628448486328,20.129771796246487,19.132340904279957,19.649969748387328,301811000
2021-08-04,20.181533813476562,20.225333759526567,19.737566897497963,19.89882869548474,231309000
2021-08-05,20.54288101196289,20.63844385794253,20.249226327598258,20.40650668671892,211435000
2021-08-06,20.273109436035156,20.476179458259256,20.117820818881334,20.430389736170728,178497000
2021-08-09,20.202438354492188,20.414466247960842,20.0511311729326,20.35274874502735,146443000
2021-08-10,19.845077514648438,20.336823982919242,19.744536419810593,20.229316742427432,179238000
2021-08-11,19.60915756225586,19.957561686039927,19.34138529513122,19.951588533994844,185925000
2021-08-12,19.81421661376953,19.937649714347675,19.53051661292987,19.779376396027782,151652000
2021-08-13,20.095924377441406,20.121806766278755,19.760461505395682,19.81421606765823,183063000
2021-08-16,19.859012603759766,20.194475504529578,19.364277685801866,20.043168322323123,210876000
2021-08-17,19.369260787963867,19.679838166363634,19.179131870288053,19.595224826743483,204585000
2021-08-18,18.953163146972656,19.54445389093999,18.913344667898965,19.41106426442262,285913000
2021-08-19,19.70770263671875,20.401524155483223,18.676426581461318,19.40508831506733,766555000
2021-08-20,20.721059799194336,20.769836101289304,19.842087671920797,19.899821801702963,675741000
2021-08-23,21.85785675048828,21.896678443445392,20.854454494051648,20.875358628617004,575807000
2021-08-24,21.693605422973633,21.858848692173698,21.43678269051183,21.653788842883614,297299000
2021-08-25,22.111690521240234,22.367518367862452,21.622930643720796,21.63786162430471,347701000
2021-08-26,21.967355728149414,22.238114585545677,21.690623718393724,22.09875368815787,237940000
2021-08-27,22.53276252746582,22.61837074338963,22.06590165626173,22.08282432095886,304722000
2021-08-30,22.58452033996582,22.937900738386737,22.448146059239313,22.72587287906404,262580000
2021-08-31,22.286834716796875,22.595474734179547,22.022997435726552,22.595474734179547,259850000
2021-09-01,22.342586517333984,22.59746436340298,22.25895525818187,22.386394181216367,201767000
2021-09-02,22.297788619995117,22.493925233851396,22.197231693882596,22.41925336542852,187834000
2021-09-03,22.742826461791992,22.885199011095356,22.102646574319134,22.227098408861508,280532000
2021-09-07,22.562620162963867,22.798580352130667,22.423232818730735,22.73286979951559,198107000
2021-09-08,22.241039276123047,22.510850790435214,21.880625312807148,22.414276035210346,254434000
2021-09-09,22.07974624633789,22.43916319750874,22.033948443162565,22.214154452621685,196856000
2021-09-10,22.37942886352539,22.526778660735864,22.172340814379883,22.24999788331724,248376000
2021-09-13,22.054855346679688,22.8632946864074,21.76214402740333,22.584521910954482,297500000
2021-09-14,22.14446449279785,22.311727046467276,21.989148450540036,22.177318823418137,199755000
2021-09-15,22.24302864074707,22.268915596417685,21.869673111075127,22.211169379062365,166538000
2021-09-16,22.14446449279785,22.179310858145648,21.830845305683194,22.085723205642353,156033000
2021-09-17,21.803958892822266,22.223112159489396,21.734266176153632,22.202204344488806,294503000
2021-09-20,21.020414352416992,21.33901075751113,20.57139190308022,21.053268680937446,349440000
2021-09-21,21.152830123901367,21.331044106280054,20.8581286447772,21.32307976600177,204688000
2021-09-22,21.84477996826172,21.86369574938004,21.103046254185703,21.272300812492595,268726000
2021-09-23,22.38340950012207,22.436176576629713,21.794004654713568,22.042908323767797,248555000
2021-09-24,21.984169006347656,22.0518716003552,21.765134441649685,21.973217562960425,217655000
2021-09-27,21.565013885498047,21.70340426569089,21.231483878149266,21.614793860062722,245215000
2021-09-28,20.60822296142578,21.3250665826315,20.560433133480885,21.120965695812398,343069000
2021-09-29,20.427026748657227,20.924834092595493,20.37724487487281,20.84817209585024,218394000
2021-09-30,20.625150680541992,20.97361615381417,20.597273594598942,20.67692268286252,221009000
2021-10-01,20.651037216186523,20.767522794828754,20.11439952459909,20.659001555157612,240978000
2021-10-04,19.645471572875977,20.451919028744175,19.46924770779128,20.414085560020563,345635000
2021-10-05,20.361318588256836,20.557455206159453,19.76693642818016,19.862516117895748,279282000
2021-10-06,20.609224319458008,20.629135169524517,19.991942391773726,20.031767889875287,297202000
2021-10-07,20.982582092285156,21.228498682857182,20.880033132647856,20.999505841929384,256919000
2021-10-08,20.739648818969727,21.113004324739432,20.683894639844777,21.00846523888015,151258000
2021-10-11,20.604248046875,20.970634324809474,20.421054907907763,20.484775333931104,163388000
2021-10-12,20.58034896850586,20.964655885876756,20.437976429822484,20.736660050850766,162134000
2021-10-13,20.84717559814453,20.897952540851815,20.622166840732383,20.826267780379947,180652000
2021-10-14,21.6506404876709,21.659599896985824,21.029376283806112,21.194648710999132,243589000
2021-10-15,21.766128540039062,21.834826198844418,21.56700673526924,21.71435652898172,226994000
2021-10-18,22.124549865722656,22.19324752272249,21.5490835543678,21.653624540532604,189494000
2021-10-19,22.1922550201416,22.28086353804833,21.94036421502088,22.178314574588498,161473000
2021-10-20,22.006071090698242,22.334623846905142,21.88560143025834,22.207184914348492,146276000
2021-10-21,22.592485427856445,22.61140310749031,21.986156894632483,22.000095437948342,187590000
2021-10-22,22.626340866088867,23.02856856064082,22.46206541817937,22.72291561933294,249384000
2021-10-25,23.064416885375977,23.252587295370454,22.67015344625766,22.87226240514062,230235000
2021-10-26,24.608610153198242,25.14823509331115,23.819088343329533,23.883803837264775,485898000
2021-10-27,24.34377670288086,24.979974473581777,24.175517185619338,24.366676556372838,245990000
2021-10-28,24.83162498474121,24.840586291381936,24.415458790011783,24.768901535208865,234204000
2021-10-29,25.45488166809082,25.596259159623884,24.89036866878223,24.891363736621464,292503000
2021-11-01,25.7137393951416,25.78044501501722,25.116370221539132,25.53652048764444,265740000
2021-11-02,26.285221099853516,26.56100677962379,25.6868568702382,25.708761653173653,294112000
2021-11-03,26.481355667114258,26.666540795814445,26.119948614532124,26.55304041683537,239910000
2021-11-04,29.670318603515625,31.22745940153133,26.999083410913848,27.109596719532924,1153631000
2021-11-05,29.62152862548828,31.262300425460428,29.28102744943848,30.05462047753978,851260000
2021-11-08,30.668916702270508,30.963618188602332,29.775849037020173,30.01678837668219,503101000
2021-11-09,30.52256202697754,32.16831504259849,29.83260209058048,32.140437950177784,646746000
2021-11-10,29.329809188842773,30.714709797083966,28.65179591122643,29.227262149282613,636206000
2021-11-11,30.25673484802246,30.45585857869692,29.646423974708057,30.33439382459966,332172000
2021-11-12,30.25673484802246,30.54546406760196,29.500067330038018,29.878402038522555,413054000
2021-11-15,29.89333152770996,30.509616521619076,29.118743398652445,30.418020909460683,384909000
2021-11-16,30.070547103881836,30.256727308905166,29.575726902303593,29.628495874144114,264484000
2021-11-17,29.13268280029297,30.37521109867771,28.6737039612457,30.28460865268217,428508000
2021-11-18,31.53609848022461,32.61633964212017,31.183650744846176,32.225065268536866,781711000
2021-11-19,32.840354919433594,32.94290388231008,31.76509100701343,32.101608157533384,533867000
2021-11-22,31.81586265563965,34.49506179185787,31.76010847564054,33.37001612006789,754335000
2021-11-23,31.606782913208008,32.21809062628642,30.744579503591616,31.39670778185482,532163000
2021-11-24,32.53071212768555,32.71091813220103,30.792368699348174,31.323032237725272,435162000
2021-11-26,31.364850997924805,32.56655680344716,31.212522066253175,32.45703857581968,283069000
2021-11-29,33.229637145996094,33.265478577950766,31.895513237231377,32.22406792574834,454964000
2021-11-30,32.53269958496094,33.20673257688012,31.724262199478087,33.023537586316976,622066000
2021-12-01,31.30097770690918,33.14707524856972,31.246211893152907,33.07737399441328,484368000
2021-12-02,31.989025115966797,32.339525492802736,30.892719572617285,31.080914819656297,472890000
2021-12-03,30.562145233154297,31.99202385703251,30.001543883661746,31.863572220980746,544325000
2021-12-06,29.90894317626953,30.11207202986678,27.918465014907625,29.752611029224973,658938000
2021-12-07,32.288753509521484,32.310662878163335,30.52032598088665,30.825023080342124,593053000
2021-12-08,31.690317153930664,32.15233969224195,31.287043097460884,31.8625799412448,475551000
2021-12-09,30.360010147094727,32.067700548302355,30.29827420147728,31.59870601970093,488507000
2021-12-10,30.06925392150879,31.171534691574287,29.733690792322534,31.017194834238797,488825000
2021-12-13,28.040935516357422,30.164842841094565,27.99612729686803,30.12003462160517,598344000
2021-12-14,28.2161865234375,28.55573229210016,27.1338209994663,27.580906118057847,667035000
2021-12-15,30.32914161682129,30.369967183258264,27.71931562363803,28.27891988260038,698297000
2021-12-16,28.265979766845703,31.027158636268975,27.973234422974215,31.019193319205286,707366000
2021-12-17,27.68247413635254,28.79869516682683,27.64164857062036,27.865689688111814,713758000
2021-12-20,27.600820541381836,28.024007803925517,27.029268369795737,27.188586061521594,461847000
2021-12-21,28.95104217529297,28.995850397906604,27.284177433595826,28.25303061151138,524385000
2021-12-22,29.2746524810791,29.42899232103665,28.327706864600266,28.767823731054484,395184000
2021-12-23,29.513633728027344,29.93084800774143,29.30552513261703,29.628143214986842,343022000
2021-12-27,30.813068389892578,30.954463182806666,29.51363183960114,29.533547027159024,403686000
2021-12-28,30.19272804260254,31.196430036361836,29.884048305079407,31.178507125619166,420591000
2021-12-29,29.873096466064453,30.41776532723958,29.24080342780943,30.143938112049966,343139000
2021-12-30,29.459863662719727,30.32715053513794,29.41406024985419,29.699835409860693,308864000
2021-12-31,29.28561019897461,29.901972573947273,29.205951342168785,29.547489426670328,266530000
2022-01-03,29.992578506469727,30.580063175803403,29.658010611876605,29.68788338969948,391547000
2022-01-04,29.165124893188477,30.33810206507223,28.228136800951273,30.147916396398475,527154000
2022-01-05,27.486310958862305,29.290585804595278,27.41561451686952,28.825575893064034,498064000
2022-01-06,28.057870864868164,28.316762659075174,26.949616846915596,27.52216436362774,454186000
2022-01-07,27.13083267211914,28.30082422135425,26.941642201747857,28.021022122800325,409939000
2022-01-10,27.283185958862305,27.351892036172703,25.534671748451636,26.467677335784416,594681000
2022-01-11,27.698402404785156,27.945346157388915,26.724573342620975,27.206509077115893,404089000
2022-01-12,27.879629135131836,28.473086907923104,27.49029538667551,27.947338113635016,383413000
2022-01-13,26.461694717407227,28.358571281380335,26.385021452180307,28.258002075426532,540171000
2022-01-14,26.827133178710938,27.08104705883841,26.098253685229988,26.18787012536713,395832000
2022-01-18,25.792564392089844,26.524431382788112,25.660132004918143,26.148042698978056,424270000
2022-01-19,24.960132598876953,26.429839877619013,24.945197155347234,25.967819225021024,488315000
2022-01-20,24.047042846679688,25.46995155552905,23.975349297157585,25.19612432099179,435181000
2022-01-21,23.274351119995117,24.717173064459438,23.163824281021945,23.40678352912288,718958000
2022-01-24,23.27235984802246,23.28032516492924,20.798950422051416,22.234802301835362,913982000
2022-01-25,22.228824615478516,22.845186990931126,21.906206530046255,22.449878275649777,664616000
2022-01-26,22.674911499023438,23.954432781138927,22.20492373788374,23.140916602745857,755959000
2022-01-27,21.850440979003906,23.892697037716033,21.582586870222382,23.467517526484492,573353000
2022-01-28,22.742626190185547,22.760549101180075,21.20520811526972,21.918155191484143,543774000
2022-01-31,24.381601333618164,24.404503984719195,22.953715333565444,23.083160228755165,564680000
2022-02-01,24.532958984375,25.03779741322022,23.78814690915183,24.996971847725337,518925000
2022-02-02,25.13438606262207,25.706933518845947,24.448322405650178,25.6840327601272,543419000
2022-02-03,23.845901489257812,24.970087889771477,23.678618459668993,24.35372741378853,410178000
2022-02-04,24.215316772460938,24.529969498879858,23.531245506923437,23.869796077051603,354829000
2022-02-07,24.622573852539062,25.074636814466327,24.098815458966705,24.268090747101677,376868000
2022-02-08,25.000957489013672,25.122437111146983,23.877766205134343,24.25515013515638,410359000
2022-02-09,26.591144561767578,26.611059748632012,25.244909456729868,25.512761692954534,524282000
2022-02-10,25.713899612426758,26.81020536713915,25.49085560163504,25.884171987627038,513200000
2022-02-11,23.846899032592773,26.04050812916526,23.6716506697888,25.805514193425385,605472000
2022-02-14,24.16353988647461,24.768947532154037,23.653721722186578,23.831959421608797,440424000
2022-02-15,26.382043838500977,26.431829912184345,24.67833795995591,24.8426335224846,699869000
2022-02-16,26.397972106933594,26.468670452357063,25.443061093040882,26.147047583163317,732676000
2022-02-17,24.40251922607422,25.675070604494053,24.061978217389743,25.52073073259493,810595000
2022-02-18,23.54120445251465,24.87947428103264,23.00151540777712,24.562829258106373,761255000
2022-02-22,23.290279388427734,23.96140567068865,22.901942706800956,22.936793337243518,633422000
2022-02-23,22.291553497314453,24.052017284731818,22.20592161177353,23.700521640999543,566511000
2022-02-24,23.646751403808594,23.698529751346676,20.800936466850946,20.925403538862675,735801000
2022-02-25,24.05401039123535,24.113754059814244,23.28131966006848,23.6198702807105,528866000
2022-02-28,24.281036376953125,24.559843299003468,23.605927486955995,23.889712256178317,477319000
2022-03-01,23.376907348632812,24.27307180434672,23.033378906753704,24.187438016478104,412056000
2022-03-02,24.120851516723633,24.309078898961875,23.31914848717471,23.658752163102065,389642000
2022-03-03,23.616920471191406,24.22641458306048,23.37292261489187,24.16267550692926,365095000
2022-03-04,22.842103958129883,23.583057606711368,22.389962101255723,23.288269861512525,431415000
2022-03-07,21.264591217041016,22.938711412053266,21.24268191605436,22.723594140609173,450821000
2022-03-08,21.425928115844727,22.281410884459255,20.565464751978574,21.22176739996016,557467000
2022-03-09,22.919782638549805,23.124938669540057,22.155922471831474,22.29534871623843,492742000
2022-03-10,22.56524658203125,22.694713569217846,21.792422296882368,22.43876567263354,428066000
2022-03-11,22.0095272064209,23.050249252253458,21.955747421099613,22.927751696595113,367209000
2022-03-14,21.2426815032959,22.170865393438028,21.072381995476352,21.779474563363422,385354000
2022-03-15,22.878952026367188,22.943686459312385,21.23471186606526,21.42990862446335,491996000
2022-03-16,24.395721435546875,24.496307806427332,23.077142064193676,23.40379845485764,671422000
2022-03-17,24.66461181640625,24.740298995053305,23.808131941746627,24.02125655135491,471941000
2022-03-18,26.344707489013672,26.460233740028837,24.52319636276872,24.697479198946194,730719000
2022-03-21,26.624555587768555,27.04084554919752,25.86069533534459,26.39848559475205,591727000
2022-03-22,26.415414810180664,27.126492498169284,25.965265566055862,26.617582876634945,547007000
2022-03-23,25.529067993164062,26.50306328876022,25.47030949447429,26.01905266902892,502120000
2022-03-24,28.034757614135742,28.204061734841595,25.80094009952853,26.05888056620905,877379000
2022-03-25,27.578638076782227,28.241912070470075,27.159361974596653,27.77184415178732,579016000
2022-03-28,28.10347557067871,28.134348798162176,27.094622152271164,27.642371675676337,425494000
2022-03-29,28.5386905670166,28.827502401169717,27.865457327415218,28.57753047133925,488984000
2022-03-30,27.576644897460938,28.379345100642087,27.390410153130244,28.188131660804462,463487000
2022-03-31,27.174299240112305,28.132361016808318,27.15836589385924,27.66826906522798,523440000
2022-04-01,26.602649688720703,27.383440643848896,26.15947167732759,27.26293568960486,517235000
2022-04-04,27.247995376586914,27.44518476682431,26.50405367248858,26.618582662321668,397120000
2022-04-05,25.824844360351562,27.2071627020829,25.714298707379786,27.14242826487716,436615000
2022-04-06,24.307085037231445,25.19642902764495,23.90473955432291,24.83192809110766,703833000
2022-04-07,24.108896255493164,24.62079195567915,23.38188522206564,24.340942190832628,557992000
2022-04-08,23.02436065673828,23.825070291997637,22.967594779406074,23.819094336633995,524781000
2022-04-11,21.82727813720703,22.228628253478472,21.571330249174363,22.123063188914138,575207000
2022-04-12,21.415969848632812,22.631972169880864,21.194878517496804,22.44474204972869,662258000
2022-04-13,22.112104415893555,22.407889437860018,21.36716738576446,21.639050491837658,516943000
2022-04-14,21.170976638793945,22.683759389398876,21.076366219253643,22.412871600546225,569097000
2022-04-18,21.693830490112305,21.9975803526132,20.992711899311292,21.113216864867486,525701000
2022-04-19,22.107126235961914,22.28140906472453,21.226744362071575,21.631082424341212,512781000
2022-04-20,21.394060134887695,22.577196581632325,21.11321496007185,22.424823034682213,468974000
2022-04-21,20.100374221801758,22.300330524281193,19.918122835592186,21.620126067181815,656209000
2022-04-22,19.43510627746582,20.402131736554576,19.420168294323013,20.21988036414399,624713000
2022-04-25,19.820526123046875,19.863349361314793,19.017825948530263,19.12339100546342,641566000
2022-04-26,18.711088180541992,19.706994507674615,18.593571203547693,19.637281368701824,653143000
2022-04-27,18.339614868164062,19.088535288837406,18.21512658445252,18.52186437824128,499460000
2022-04-28,19.70101547241211,19.95497260986267,18.41430488131408,18.88935141084662,570327000
2022-04-29,18.4710750579834,20.045602297833724,18.441197185099483,19.32257448999954,500435000
2022-05-02,19.453033447265625,19.493864059711598,18.31570856221963,18.46509408697369,572049000
2022-05-03,19.52175521850586,19.743843804731753,19.054675285256874,19.320582473628384,475751000
2022-05-04,20.250757217407227,20.316487014368857,18.67423744950525,19.84144044981811,648855000
2022-05-05,18.76685905456543,19.84343319196136,18.424267408174938,19.785671961147454,626331000
2022-05-06,18.598546981811523,19.43212034048371,17.916351786613728,18.659298078838052,633297000
2022-05-09,16.880613327026367,18.180269513135514,16.75811575231476,17.9601754415391,644455000
2022-05-10,17.52297019958496,18.12350232079174,16.955303927577983,17.61658525253339,761474000
2022-05-11,16.561922073364258,17.680326019393185,16.500177504520302,17.27598789699067,670167000
2022-05-12,16.108783721923828,16.719275153017346,15.503273835867764,16.152604222388675,708728000
2022-05-13,17.633516311645508,17.854607631651785,16.525073633919344,16.71927505834853,670437000
2022-05-16,17.19332504272461,17.715180072849822,17.035972816221634,17.437322904145635,521446000
2022-05-17,18.102588653564453,18.295794716695035,17.561812268275418,18.00000966759252,585830000
2022-05-18,16.8686580657959,18.04382762467623,16.794961603480765,17.632518279068112,545161000
2022-05-19,17.053895950317383,17.61459078960945,16.665491294505667,16.86766124321624,621310000
2022-05-20,16.625656127929688,17.338724476895592,15.690500201719123,17.261044685045487,739105000
2022-05-23,16.828821182250977,16.845751782688478,16.112764867573357,16.207375258686408,639889000
2022-05-24,16.087867736816406,16.529054964044875,15.715399228807048,16.44241123290059,588550000
2022-05-25,16.90550994873047,17.040952887419728,15.934500919066734,15.954419501105296,781132000
2022-05-26,17.777921676635742,18.017934299435986,15.95640873833212,15.970351364556697,996575000
2022-05-27,18.733993530273438,18.80370666474349,18.02590373672392,18.111552116018746,738379000
2022-05-31,18.595561981201172,19.121400348314285,18.27487967412374,18.902299762323565,664100000
2022-06-01,18.24500274658203,18.97500185230617,18.047813348721185,18.6473501146243,544514000
2022-06-02,19.511798858642578,19.53868875916127,18.123506118928606,18.217121191495913,648656000
2022-06-03,18.64336585998535,19.252861948714582,18.446176451745462,19.003885365597327,598779000
2022-06-06,18.7091007232666,19.25784585354112,18.488009336085938,19.0606563919644,422406000
2022-06-07,18.848522186279297,18.92221865575563,18.113542511249516,18.396380279945216,388914000
2022-06-08,18.57558822631836,19.105521994199414,18.463026152906487,18.726000947489727,363252000
2022-06-09,17.97791862487793,18.859482332873327,17.970945836791113,18.409237816459715,395574000
2022-06-10,16.908084869384766,17.62827677855805,16.8034911776423,17.53165334233973,465248000
2022-06-13,15.586240768432617,16.248658440141707,15.54539961251888,15.9378697072585,604153000
2022-06-14,15.774507522583008,16.00361395146763,15.352153223730667,15.669914755070089,469680000
2022-06-15,16.46282196044922,16.80249737716836,15.86415501064633,16.03249841468416,563936000
2022-06-16,15.540416717529297,15.880093072433525,15.34119356434389,15.79841077215222,545749000
2022-06-17,15.818334579467773,15.932887781168011,15.26847807134145,15.58723513693202,630334000
2022-06-21,16.501672744750977,16.94195585735891,16.343289760595702,16.41102650097026,483089000
2022-06-22,16.296470642089844,16.59729794626429,16.117169323053933,16.16299022237989,437135000
2022-06-23,16.161996841430664,16.520597628121397,15.791440668578582,16.454853928901507,463680000
2022-06-24,17.059497833251953,17.07344340934076,16.24666644132576,16.435929188204064,472153000
2022-06-27,16.803497314453125,17.262707696564117,16.561440850774616,17.244777939984676,427968000
2022-06-28,15.919939994812012,17.135201879170452,15.883083017438073,16.83437454206532,461149000
2022-06-29,15.481646537780762,15.758566876112974,15.111091360585093,15.752590608725741,482352000
2022-06-30,15.10013484954834,15.506550493203868,14.80428823063541,15.30135010720161,686070000
2022-07-01,14.46660327911377,15.004506284421517,14.336112418461335,14.841143578722336,577610000
2022-07-05,14.905892372131348,14.912865159719473,14.000422705433717,14.11995661407491,651397000
2022-07-06,15.071248054504395,15.259514268350555,14.73157165387112,14.951714146500859,529066000
2022-07-07,15.796422004699707,15.883084070808904,15.329243303503638,15.395983525090703,492903000
2022-07-08,15.776497840881348,15.974725437074959,15.329241049958439,15.370082202682903,467972000
2022-07-11,15.09316349029541,15.466707322744304,14.97960584604066,15.465710803070031,437321000
2022-07-12,15.023431777954102,15.37107648181063,14.819227931417547,15.208709354081796,458483000
2022-07-13,15.10511589050293,15.315296992454249,14.408830785871842,14.533345395566592,521918000
2022-07-14,15.312307357788086,15.412914988487683,14.67080807841094,15.049332580525368,456235000
2022-07-15,15.70079517364502,15.720717018310008,15.385025718454648,15.598195441188166,385935000
2022-07-18,16.038476943969727,16.83138547101321,15.939862350377403,16.23869663998441,670517000
2022-07-19,16.92601776123047,17.0435595776271,16.109202264221235,16.421982128219415,702366000
2022-07-20,17.737855911254883,17.863368015089698,16.735763519951277,16.881196521270358,760538000
2022-07-21,17.979907989501953,18.073542834559365,17.476869827222348,17.815549700814543,557049000
2022-07-22,17.25174903869629,17.897231611980214,17.07045465118201,17.823519553288822,536671000
2022-07-25,16.95789337158203,17.057505436276674,16.584349553933702,16.95291172337914,480748000
2022-07-26,16.468801498413086,16.853302299081996,16.414014765426856,16.823418108378,397865000
2022-07-27,17.72092056274414,17.86635353894504,16.84732523587989,16.965862630194085,569776000
2022-07-28,17.91416358947754,18.069557945364984,17.372277332995978,17.90519966314176,474646000
2022-07-29,18.092472076416016,18.173156925324996,17.623300329186787,17.743830767643395,435460000
2022-08-01,18.3693904876709,18.77281848869698,17.920141583548578,18.111395452950937,476469000
2022-08-02,18.454055786132812,18.86445649184929,18.02174115290596,18.05162533582695,489527000
2022-08-03,18.81963539123535,18.89434491533446,18.066570532098716,18.113388905855146,418146000
2022-08-04,19.14038848876953,19.199159407527212,18.68715532546292,18.77581043848367,409652000
2022-08-05,18.91526222229004,19.154330026144063,18.59351654169447,18.73695646403008,386068000
2022-08-08,17.723907470703125,18.16817666184887,17.175048359813875,17.434038984708703,981859000
2022-08-09,17.019649505615234,17.379247676702683,16.659055765062003,17.18500523413819,668263000
2022-08-10,18.026729583740234,18.047647949674293,17.249757634884343,17.62927873105072,597422000
2022-08-11,17.872331619262695,18.63436245748148,17.80658790890273,18.06059882162316,509327000
2022-08-12,18.6363525390625,18.645318367215353,17.883287572264184,18.08948452029827,478094000
2022-08-15,18.958099365234375,19.089586785990303,18.540727596284007,18.628385243473794,457666000
2022-08-16,18.80568504333496,19.06766419608737,18.42915270932747,18.846526188812202,451240000
2022-08-17,18.26380157470703,18.615431461944837,18.074540740730857,18.45107316928741,446799000
2022-08-18,18.70009994506836,18.79174174116326,18.112390926823224,18.229932730472253,415447000
2022-08-19,17.779691696166992,18.448085673185464,17.700997988903634,18.33452802598433,441588000
2022-08-22,16.96785545349121,17.4898208696324,16.90011871477872,17.422084130919913,409593000
2022-08-23,17.114286422729492,17.39718405399935,16.904105288938386,16.923032515648686,369986000
2022-08-24,17.15512466430664,17.338410181530257,16.829394785860185,16.945939135983163,522661000
2022-08-25,17.84343719482422,17.877305555233242,16.767631316738164,16.77858828041363,770691000
2022-08-26,16.196863174438477,17.85440147552668,16.173951768315447,17.787662196740406,769127000
2022-08-29,15.739642143249512,16.27455660052828,15.705774724802128,15.957792548703463,496132000
2022-08-30,15.40793514251709,15.976716986717125,15.123045485635457,15.898024237946384,530181000
2022-08-31,15.035384178161621,15.47965229103511,14.900908205997476,15.324257960974876,573710000
2022-09-01,13.882881164550781,14.324160780710457,13.21847139112477,14.153824316249922,1178865000
2022-09-02,13.594006538391113,14.115970968690647,13.538223289757255,14.045247525726571,743157000
2022-09-06,13.412713050842285,13.725493859595561,13.299155414870102,13.67767991813969,535751000
2022-09-07,13.664804458618164,13.788360189278626,13.298124529340985,13.514346107743526,512657000
2022-09-08,13.939814567565918,13.957750598170398,13.321042892410091,13.410719244419383,624873000
2022-09-09,14.335390090942383,14.422077892391746,14.07532668659429,14.10621466793855,486612000
2022-09-12,14.45296859741211,14.49481775493603,14.147069690827237,14.31745676821465,484159000
2022-09-13,13.083895683288574,13.87205855128794,13.052010885075777,13.752489132610048,714956000
2022-09-14,13.080906867980957,13.242325437341442,12.866677974239867,13.20645432739914,588507000
2022-09-15,12.882620811462402,13.185530199582288,12.744119495023593,12.968312751976555,523625000
2022-09-16,13.150655746459961,13.164605464480621,12.571739597842733,12.6962911946005,670751000
2022-09-19,13.33399486541748,13.41470462187878,12.963329595471533,12.96532227645463,569685000
2022-09-20,13.128734588623047,13.434633475375263,13.010161983326146,13.167595196842449,524818000
2022-09-21,13.213431358337402,13.980669759694642,13.06297298523187,13.16560415413887,807679000
2022-09-22,12.51594066619873,13.101831671038127,12.383418345633107,13.0231145909362,759162000
2022-09-23,12.471101760864258,12.565761238087397,12.21303103372741,12.375446418238019,663309000
2022-09-26,12.184133529663086,12.613588087290958,12.17018381342835,12.446190542220997,547343000
2022-09-27,12.368471145629883,12.690312407168465,12.214027440777055,12.462133804063294,553854000
2022-09-28,12.690311431884766,12.776999225054636,12.309681834171935,12.36548069869449,542414000
2022-09-29,12.176164627075195,12.455159943744142,11.903147353863744,12.403346432766009,532763000
2022-09-30,12.09545612335205,12.587684528904116,12.03168556856468,12.043642606978148,565638000
2022-10-03,12.467118263244629,12.632523169207891,12.061577674019702,12.30271017308679,547478000
2022-10-04,13.119768142700195,13.17257847359488,12.832801128271297,12.832801128271297,584182000
2022-10-05,13.161614418029785,13.273213099308617,12.575724429638687,12.864684062084223,507131000
2022-10-06,13.082900047302246,13.607013197671234,13.055996476257599,13.172577350446693,644157000
2022-10-07,12.03268051147461,12.624549544676155,11.978874322115674,12.460141479897947,672478000
2022-10-10,11.628137588500977,12.080508526082841,11.367077348214593,11.993820717893747,698699000
2022-10-11,11.544439315795898,11.803505925509853,11.242525784323794,11.51952842526829,667482000
2022-10-12,11.458745002746582,11.692901623755064,11.304301314432609,11.53746207017795,492590000
2022-10-13,11.917097091674805,12.034673832144149,10.774211301684586,10.931644516028966,850103000
2022-10-14,11.186727523803711,12.067556325773387,11.163810263463406,12.013750129635845,713432000
2022-10-17,11.845354080200195,11.90513926216049,11.475685618444233,11.476681483829186,580774000
2022-10-18,11.924071311950684,12.447187622313416,11.57632328719115,12.299718771902551,659362000
2022-10-19,12.007771492004395,12.30569968628764,11.791549885257231,11.836388541745388,523131000
2022-10-20,12.150259017944336,12.723196239361652,12.061577571391497,12.069549247006899,652398000
2022-10-21,12.421282768249512,12.453168520670618,11.844360180299446,12.054602792053803,609494000
2022-10-24,12.553804397583008,12.664406275262714,12.02072372059677,12.46313123131559,517457000
2022-10-25,13.213431358337402,13.252291971392953,12.6185727259184,12.648465797577563,505482000
2022-10-26,12.849740028381348,13.339974778311161,12.662414686166759,12.82283740595862,532953000
2022-10-27,13.128734588623047,13.788360510627266,13.07492839668743,13.581106467465899,583113000
2022-10-28,13.78437328338623,13.800316631997058,13.014146482029867,13.056992449696667,521040000
2022-10-31,13.448582649230957,13.78835995245815,13.24930028897117,13.728574769253589,486341000
2022-11-01,13.494417190551758,13.8750468051688,13.470503118907711,13.761455439986173,432817000
2022-11-02,13.17158031463623,14.159025547914593,13.16360959020308,13.800317291584546,672628000
2022-11-03,13.372855186462402,13.731564388380816,12.909524051073214,12.99621185480263,500065000
2022-11-04,14.105219841003418,14.177957930344933,13.647865776966073,13.93582958769378,612576000
2022-11-07,14.249699592590332,14.360301478064772,13.903945167549931,14.1769615012651,410061000
2022-11-08,14.549619674682617,14.837582527688992,14.165003709961418,14.747905225291545,595292000
2022-11-09,13.726582527160645,14.160022506058544,13.70964331218987,14.111197542274558,454414000
2022-11-10,15.693501472473145,15.716418731024099,14.49481681539553,14.746909510215898,700819000
2022-11-11,16.268434524536133,16.33021240348013,15.426466233654237,15.750300264782156,655487000
2022-11-14,16.236543655395508,16.48066558256314,15.864881605151144,16.159820218444786,527852000
2022-11-15,16.60621452331543,16.937022370999905,16.32323291950231,16.662013391587355,545876000
2022-11-16,15.852930068969727,16.303308393179233,15.816063085865059,16.104026941138805,649547000
2022-11-17,15.620763778686523,16.20765162732223,15.47927296101109,15.658627572163233,710894000
2022-11-18,15.353727340698242,15.944600622816388,15.065763492585162,15.90872855596602,492072000
2022-11-21,15.262055397033691,15.421481294578124,15.025905097362354,15.092665143329405,404739000
2022-11-22,15.980470657348633,16.00039937204481,15.067756049737582,15.273017439942477,472866000
2022-11-23,16.45974349975586,16.46771612556409,15.99043426388969,16.040254147784076,427241000
2022-11-25,16.211633682250977,16.427854276789194,16.113985671814362,16.259461822201303,167934000
2022-11-28,15.77022647857666,16.298325994560756,15.668593078367639,15.968512050766721,303741000
2022-11-29,15.58289909362793,15.874848252781751,15.464326492119582,15.770224418844657,298384000
2022-11-30,16.866607666015625,16.873584309435355,15.54502609510109,15.644692293883454,565298000
2022-12-01,17.077899932861328,17.207465887298017,16.579566121809616,16.942353455622023,470977000
2022-12-02,16.81975746154785,16.876568610036955,16.39019408186622,16.603481591927466,371389000
2022-12-05,16.55465316772461,16.9383705081479,16.41711252133541,16.62342349091921,352255000
2022-12-06,15.93372631072998,16.517773048794822,15.766285923687203,16.474917069486207,352694000
2022-12-07,16.066286087036133,16.132066147916248,15.614794545863099,15.719445161170468,372388000
2022-12-08,17.111787796020508,17.121754700808335,15.905818930591325,16.218773657752436,515456000
2022-12-09,16.944347381591797,17.524408725344184,16.91843494852363,17.102817944678048,465338000
2022-12-12,17.47657012939453,17.479560391399467,16.74103030994318,16.98023035941477,457328000
2022-12-13,18.01177978515625,18.72738762856205,17.651982672461422,18.469249909930564,656589000
2022-12-14,17.615108489990234,18.19118356291585,17.361955128916474,17.927065273167447,496888000
2022-12-15,16.8955135345459,17.26228734409324,16.64435432424313,17.08886734621949,478542000
2022-12-16,16.515777587890625,16.984212566313406,16.355314807354187,16.80780235933555,478232000
2022-12-19,16.1998348236084,16.553651364106894,16.09119880078537,16.51677591008969,354039000
2022-12-20,16.03139877319336,16.255649382131462,15.799176351187127,16.010468843091985,403260000
2022-12-21,16.44601058959961,16.571592053600934,16.04834007241244,16.060301117075653,325025000
2022-12-22,15.287885665893555,16.084223899243984,14.832408745526728,16.040369896727526,565045000
2022-12-23,15.155328750610352,15.287884971363319,14.833405142358366,15.145361845900647,349326000
2022-12-27,14.073945999145508,15.04968384623769,14.009162061218975,15.02377046116637,464902000
2022-12-28,13.98923110961914,14.214477891182089,13.837737160676078,13.88059410154777,351066000
2022-12-29,14.554339408874512,14.634072755943127,14.179592867751314,14.354009920900088,354923000
2022-12-30,14.565301895141602,14.580251302126825,14.185570989377842,14.28623425846336,310490000
2023-01-03,14.267297744750977,14.946029157402801,14.049027654749226,14.801511884284999,401277000
2023-01-04,14.699851036071777,14.803504564817873,14.193544438500394,14.518458311262469,431324000
2023-01-05,14.2174654006958,14.515468836750369,14.100854699285643,14.442712138646769,389168000
2023-01-06,14.809484481811523,14.95998131637067,13.987233879252056,14.425767217118333,405044000
2023-01-09,15.575923919677734,16.002497216572273,15.090546259586656,15.233070349137327,504231000
2023-01-10,15.855988502502441,15.908811394296471,15.42044439804722,15.455327619136956,384101000
2023-01-11,15.94767951965332,15.97458997371224,15.511139335336974,15.787216717511937,353285000
2023-01-12,16.455984115600586,16.58156372914693,15.440379426721886,16.04635428989376,551409000
2023-01-13,16.842687606811523,16.865611678653806,16.11113426118995,16.22375667699758,447287000
2023-01-17,17.64301109313965,17.668925426357585,16.842687440869174,16.842687440869174,511102000
2023-01-18,17.3190975189209,17.813443145734695,17.224412859359354,17.608130198283973,439624000
2023-01-19,16.709131240844727,17.139692742246442,16.67524604897352,16.979228061683155,452932000
2023-01-20,17.779560089111328,17.79650364180214,16.76893885833487,16.954318015492934,564967000
2023-01-23,19.129045486450195,19.180872256618034,17.75862728937308,18.00380595113542,655163000
2023-01-24,19.2007999420166,19.430034925653693,18.757283181815232,18.764259824321872,496204000
2023-01-25,19.258607864379883,19.30545212333689,18.51808381196262,18.849974303107246,449537000
2023-01-26,19.73601722717285,20.098804651583823,19.213763095481273,19.63535393948921,489535000
2023-01-27,20.297138214111328,20.559262315315294,19.34033810009434,19.39714737022937,542142000
2023-01-30,19.098146438598633,20.072886152093297,19.08618539248616,19.883520664577752,488611000
2023-01-31,19.47189712524414,19.621396897100432,18.88685330332513,19.106119508648174,498017000
2023-02-01,20.873212814331055,21.1213817226709,19.545650683627567,19.62538402504865,660477000
2023-02-02,21.636659622192383,21.875859651889073,20.631022997012753,20.9300225588854,564276000
2023-02-03,21.029687881469727,21.67253897459517,20.719723419819307,20.93002073586232,429366000
2023-02-06,21.018728256225586,21.498124471655988,20.71673650906174,20.736670321605864,452197000
2023-02-07,22.09911346435547,22.184827328430092,21.079521682438997,21.310748940899305,664150000
2023-02-08,22.131006240844727,22.80176393868283,21.934662201742093,22.312398971746344,559651000
2023-02-09,22.2625675201416,22.943292158985646,22.046291560362647,22.530672149758068,523876000
2023-02-10,21.194141387939453,22.004432082593212,20.741655610042052,21.6177263681031,550737000
2023-02-13,21.715394973754883,21.974528792175906,20.892147277807663,21.466228060003054,474919000
2023-02-14,22.894454956054688,22.972194156462287,21.294801814356916,21.506095265379177,675474000
2023-02-15,22.68814468383789,22.778841054015846,22.032338260019806,22.473860964718224,420575000
2023-02-16,21.92868423461914,22.474856585066412,21.853933394359046,22.059246323523663,412026000
2023-02-17,21.31673240661621,21.667558774123847,20.905108479188826,21.558922723947695,465888000
2023-02-21,20.58616828918457,21.422371136193572,20.549290937040386,20.93001789888033,410015000
2023-02-22,20.684844970703125,21.03367911021942,20.352954382914117,20.638002599098495,513184000
2023-02-23,23.585145950317383,23.808400461151948,22.94827529850247,23.361893340475753,1117995000
2023-02-24,23.208402633666992,23.39577778263142,22.870533495406775,23.147606985640458,589716000
2023-02-27,23.422683715820312,23.80042043107323,23.375841359560795,23.59112115652379,452994000
2023-02-28,23.138639450073242,23.74561130134119,23.128672543867644,23.294119765093207,455963000
2023-03-01,22.62236785888672,23.178509107575795,22.43300042635941,23.11472128246458,460026000
2023-03-02,23.236309051513672,23.302089102000206,22.35724820401247,22.413063250752206,389415000
2023-03-03,23.810392379760742,23.82035928556431,23.052924647625705,23.24229205590769,412393000
2023-03-06,23.475515365600586,24.167201195099672,23.408737281422425,23.81139232423808,437429000
2023-03-07,23.21434211730957,24.04869465009514,23.167489892153753,23.525355561288883,515154000
2023-03-08,24.10451316833496,24.123454073591056,23.34990765503741,23.412708106815042,513573000
2023-03-09,23.36186981201172,24.376649400404656,23.30903605829536,24.098530680368395,501257000
2023-03-10,22.892358779907227,23.552265439254963,22.65411444951107,23.334954591781766,474866000
2023-03-13,22.893356323242188,23.22430691098968,22.22647370103853,22.68003442386319,421890000
2023-03-14,23.986886978149414,24.14239367745541,23.3857936653715,23.42168099679016,474910000
2023-03-15,24.151369094848633,24.20918430620047,23.286114490388712,23.68584522635948,524486000
2023-03-16,25.460214614868164,25.507064935559395,23.818422785484607,23.951003432054158,583253000
2023-03-17,25.643630981445312,26.3154988744337,25.58681016478867,25.89981804779798,848547000
2023-03-20,25.818077087402344,25.94168541899632,25.050512165831673,25.533978703666488,432747000
2023-03-21,26.116132736206055,26.30852307379936,25.300721156644958,26.097193730071265,547408000
2023-03-22,26.3842830657959,27.50173767157012,26.154012813178745,26.34141790205971,797295000
2023-03-23,27.104997634887695,27.412024025202122,26.60558279418749,27.02923780216144,564889000
2023-03-24,26.694297790527344,27.08107103959281,26.27163910855887,26.945501524795564,454920000
2023-03-27,26.447080612182617,26.91459699343309,26.281605317466703,26.752112468073136,361026000
2023-03-28,26.326467514038086,26.42914237361527,25.768239273478084,26.363351140587802,356104000
2023-03-29,26.898651123046875,26.992353672026212,26.51287603862916,26.74015553257011,393694000
2023-03-30,27.296388626098633,27.412022850595726,27.016277275445294,27.142876388177367,364516000
2023-03-31,27.68914222717285,27.74596114615361,27.019266870020537,27.054156013485166,433933000
2023-04-03,27.87654685974121,27.911436002639256,27.249536675681906,27.421989811329777,398716000
2023-04-04,27.366167068481445,27.911437825351527,27.2206289482267,27.87754496966134,368592000
2023-04-05,26.795976638793945,26.91260524763218,26.31151378285065,26.744141067760594,515015000
2023-04-06,26.951480865478516,26.99434412357807,26.34340972671135,26.499912714821207,397654000
2023-04-10,27.491771697998047,27.533638674959434,26.584650061202737,26.738162310061163,395279000
2023-04-11,27.08306884765625,27.70210499985033,27.040203679477276,27.636313763900137,314378000
2023-04-12,26.411197662353516,27.381119656216434,26.364345440236946,27.2834300542219,446259000
2023-04-13,26.379297256469727,26.801955937603214,26.245722222126854,26.649439996093154,353615000
2023-04-14,26.673364639282227,26.79796926788527,26.13706621130104,26.420168322960834,395660000
2023-04-17,26.916593551635742,26.920580610646343,26.349393053761112,26.480975507689482,321471000
2023-04-18,27.579492568969727,28.021092206518258,27.270473592429965,27.445917519730365,604812000
2023-04-19,27.842655181884766,27.91143718116391,27.145866682608375,27.274458372050166,358660000
2023-04-20,27.01827049255371,27.94134215983428,26.914599351934957,27.583476516154896,427713000
2023-04-21,27.03322410583496,27.097022758549475,26.637480426106034,26.866752496922075,345103000
2023-04-24,26.956462860107422,27.27943741761859,26.586636086793547,26.927555259707116,339282000
2023-04-25,26.158000946044922,27.160819562060055,26.14205270882257,26.99235347251706,378527000
2023-04-26,26.870737075805664,27.243554654828017,26.620531540784825,26.916593006788613,406337000
2023-04-27,27.139883041381836,27.40803318885761,26.540784192741274,27.27645073990056,377161000
2023-04-28,27.66123390197754,27.67020431051468,26.98537693252425,27.13889108167587,292216000
2023-05-01,28.818557739257812,28.96609033128575,27.692132757184343,27.751942445275365,570329000
2023-05-02,28.12077522277832,28.74479663538686,27.994177999283473,28.589289902351595,402730000
2023-05-03,27.71406364440918,28.277277108700098,27.385107494737166,27.75194355869358,383387000
2023-05-04,27.474822998046875,27.770882582276077,27.15384096655844,27.563540293710812,321850000
2023-05-05,28.58928871154785,28.6640503542503,27.643290884306424,27.73798972558922,361494000
2023-05-08,29.058795928955078,29.127577928802488,28.260330759673817,28.431785713240817,344979000
2023-05-09,28.48063087463379,28.881359799846795,28.360015202328924,28.807594450396753,314869000
2023-05-10,28.793638229370117,29.020917714127965,28.37097953587767,28.9132576098521,369350000
2023-05-11,28.487607955932617,28.858432976365187,28.15665923092003,28.80460292458763,322149000
2023-05-12,28.25035858154297,28.68896736052221,27.957287902221466,28.43875993883251,274222000
2023-05-15,28.86142349243164,28.87737363124707,28.062958288462617,28.417831289934213,293926000
2023-05-16,29.12059783935547,29.775521221273998,28.740804336785136,28.749774743963638,449405000
2023-05-17,30.082548141479492,30.103481628369693,29.336914830555962,29.490427067750744,432535000
2023-05-18,31.577800750732422,31.727325914629347,30.22409635534029,30.313811833941568,748725000
2023-05-19,31.165111541748047,31.48011201484415,30.818212695710137,31.43625056372688,473908000
2023-05-22,31.077390670776367,31.420302459294863,30.582959233506156,30.803258976791746,372000000
2023-05-23,30.590932846069336,31.189035411939713,30.534113929383956,30.901946256374558,356253000
2023-05-24,30.441408157348633,30.510190153140588,29.71172312962193,30.114444604983657,721419000
2023-05-25,37.859867095947266,39.3551225285011,36.51912017458201,38.40114883242656,1543911000
2023-05-26,38.822811126708984,39.04610163074743,37.43122683133464,37.770151547520655,714397000
2023-05-30,39.984130859375,41.8053518099001,39.82264450499864,40.4666011461992,923401000
2023-05-31,37.714332580566406,40.16754710014043,37.702369501651916,39.363100391824844,1002580000
2023-06-01,39.64420700073242,39.92332013723305,38.21872982052202,38.367256795979486,635873000
2023-06-02,39.20260238647461,40.37189234380446,38.93445227046938,39.97016721574659,482731000
2023-06-05,39.04710388183594,39.439854864368684,38.58457081030142,38.78593155134608,396094000
2023-06-06,38.53173828125,39.03613834073106,38.02733822176895,38.70718409484521,388729000
2023-06-07,37.36033248901367,39.378141523481524,37.241697122376735,38.79592881153469,511998000
2023-06-08,38.39216613769531,38.74508306628558,37.39024395636986,37.60857182578051,417772000
2023-06-09,38.651371002197266,39.58948978920315,38.44899302917782,38.917552324899084,427717000
2023-06-12,39.36118698120117,39.4090404400651,38.49983232769968,39.08005218877828,388701000
2023-06-13,40.8964729309082,40.97523356570902,39.61839813533891,40.06303253313572,613208000
2023-06-14,42.86544418334961,42.86843336137479,40.42792162483218,40.69909255346784,740465000
2023-06-15,42.522491455078125,43.15654702262012,42.018039182120376,42.47164881165265,568622000
2023-06-16,42.56136703491211,43.5872177031006,42.53045985415552,43.31704703395712,655709000
2023-06-20,43.67395782470703,43.85540396507537,42.543428689005886,42.86643864335991,451153000
2023-06-21,42.91328811645508,43.481547516431846,41.95124449603973,43.367894115226505,551603000
2023-06-22,42.89335632324219,43.293126539128146,42.104776210367746,42.12371527633215,417737000
2023-06-23,42.07985305786133,42.67801572091921,41.88644639488769,42.334073901022386,358140000
2023-06-26,40.50767135620117,42.633147684220695,39.97729771593512,42.33107342513513,594322000
2023-06-27,41.747867584228516,41.81167093605906,40.3242393713419,40.674163315350505,462175000
2023-06-28,40.99119186401367,41.71696498768914,40.39402564201727,40.535589450400664,582639000
2023-06-29,40.69709014892578,41.4727094781301,40.47576930987673,41.430838173608656,380514000
2023-06-30,42.17256164550781,42.419803905460185,41.3740138694354,41.55246701356272,501148000
2023-07-03,42.28321838378906,42.76673493754276,42.07286548445585,42.38690024476898,198209000
2023-07-05,42.18751907348633,43.04488443654503,41.95622669958026,42.00607294813804,323618000
2023-07-06,41.97417449951172,42.04994216880029,41.21949078738844,41.71596810959315,303582000
2023-07-07,42.372947692871094,43.08177451798843,42.050937955304576,42.19250176000006,355881000
2023-07-10,42.050941467285156,42.6800113034601,41.521564138261944,42.52648316911527,353908000
2023-07-11,42.275238037109375,42.627158483980864,41.93827488426671,42.35100568748728,298244000
2023-07-12,43.767662048339844,43.800562012799624,42.64610450369037,42.90132167106193,481277000
2023-07-13,45.83632278442383,46.01377574434192,44.3558659136162,44.38178733353437,478204000
2023-07-14,45.32987594604492,47.94086182574558,44.92212700668265,46.44046575236375,772075000
2023-07-17,46.31883239746094,46.353725148743315,45.123503715655524,46.147361621458764,510488000
2023-07-18,47.34867477416992,47.74944513877749,45.59406179064249,46.55810196861849,569164000
2023-07-19,46.93294906616211,47.67168281088611,46.59897504315981,47.31876592185892,427502000
2023-07-20,45.380714416503906,46.942920912803515,44.9241156620399,46.36469382160293,537865000
2023-07-21,44.17341613769531,45.72565485492813,43.965056025974754,45.6478906079313,963769000
2023-07-24,44.475494384765625,44.970975292246095,43.90524600694248,44.594129747804274,382516000
2023-07-25,45.53923034667969,46.04168599596265,44.78554306973034,44.803489544215395,348081000
2023-07-26,45.312923431396484,45.912086196628444,44.493440026375104,45.88018262099463,364237000
2023-07-27,45.75955581665039,47.249980321992574,45.610013268331116,46.37666127130996,455976000
2023-07-28,46.60694885253906,46.88310168130462,46.23907847934213,46.52519903560094,331194000
2023-07-31,46.58601379394531,46.985787745643954,46.36369657868276,46.610938817532,251055000
2023-08-01,46.36469650268555,46.75649554152621,45.886165676964275,46.31783943234634,237858000
2023-08-02,44.133544921875,45.69973706046443,43.25424373168055,45.69076572472491,530142000
2023-08-03,44.378787994384766,44.97994351428875,43.665975669938696,43.665975669938696,324176000
2023-08-04,44.54328536987305,45.50233976816819,44.25716479958756,44.84735241415571,362666000
2023-08-07,45.27803039550781,45.400655128648054,44.42664342016852,44.97296695444659,322154000
2023-08-08,44.52733612060547,45.10356664242382,43.92119480836412,44.715756986658505,353843000
2023-08-09,42.42378616333008,44.17640612805211,42.00506938031469,44.138520399562815,586449000
2023-08-10,42.258304595947266,43.44067657606507,41.70699522784932,42.03100157577808,492705000
2023-08-11,40.72998809814453,41.889431464332574,40.51464942799337,41.623246353337215,533085000
2023-08-14,43.61912155151367,43.665978621737146,40.187655955736346,40.36211972462702,690286000
2023-08-15,43.8055534362793,45.1294930156629,43.57625763398883,44.42365913256692,676512000
2023-08-16,43.35293960571289,44.53830062758481,43.27318256792619,44.38377612065419,527451000
2023-08-17,43.211368560791016,43.92716998066587,42.86941583301397,43.835452445012606,452395000
2023-08-18,43.166507720947266,43.44465333013322,41.5325230130091,42.504538056513674,583768000
2023-08-21,46.82328796386719,46.920987674468684,44.08668826541733,44.35785535241688,692573000
2023-08-22,45.52825927734375,48.03955236680591,45.194285260085415,47.98770953500303,755293000
2023-08-23,46.97183609008789,47.05557870269102,45.06967322504148,45.72566082679112,779046000
2023-08-24,47.0186882019043,50.11219423827407,47.014702631702306,50.06234798957418,1156044000
2023-08-25,45.877197265625,47.6587282173918,44.88623538665841,46.8681553415664,925341000
2023-08-28,46.691688537597656,46.836245308048305,44.75064756794707,46.339768044393274,685192000
2023-08-29,48.634727478027344,48.93081957760332,46.249048206065815,46.5232082617889,701397000
2023-08-30,49.113258361816406,49.7742278710723,48.276824895402335,48.89393031688107,735206000
2023-08-31,49.2039794921875,49.59178914058814,48.8081949008338,49.228904516562515,528570000
2023-09-01,48.36056900024414,49.64761910935292,47.99469138418687,49.609737178375475,463830000
2023-09-05,48.39945602416992,48.701530322132584,47.7135613998585,48.075449679419506,382653000
2023-09-06,46.920860290527344,48.404428217365016,46.44129363976494,48.29675192445169,468670000
2023-09-07,46.10331344604492,46.20600739114076,45.01755536389115,45.389445810595745,433330000
2023-09-08,45.43629455566406,46.46721591183993,45.136192180115536,45.80519551015305,473069000
2023-09-11,45.04347229003906,46.02553600450633,44.180049901886676,46.01058127939669,473966000
2023-09-12,44.73638916015625,45.536999459957386,44.39839790348207,44.60478224808882,349256000
2023-09-13,45.34955596923828,45.79323054977972,44.37047790444444,44.46718918081737,398355000
2023-09-14,45.44527053833008,45.85005979000756,44.99660978408658,45.813171215808374,370097000
2023-09-15,43.76927947998047,45.4632178335496,43.67755057038964,45.20598666420072,506831000
2023-09-18,43.835079193115234,44.110258303658966,41.874933874444345,42.62070760166484,500271000
2023-09-19,43.39040756225586,43.83507862136541,42.873948499445426,43.702475243933286,373064000
2023-09-20,42.113224029541016,43.7722706240914,42.09727282869751,43.470171462670386,367108000
2023-09-21,40.894859313964844,41.97463457715853,40.85797073876032,41.45917578549763,450736000
2023-09-22,41.4860954284668,41.98959271748376,41.10822239223327,41.44820657571994,479236000
2023-09-25,42.096275329589844,42.40933950772004,41.05438505683627,41.46715374615769,419091000
2023-09-26,41.786197662353516,42.69249125804407,41.53095945617028,41.875929814501234,402282000
2023-09-27,42.34153366088867,42.74433372903221,41.50503521048072,42.203947925620064,444935000
2023-09-28,42.960693359375,43.31662875856255,41.98959464052307,42.33356473794384,424663000
2023-09-29,43.36948013305664,44.012560070194034,43.178050483736484,43.69650261452956,397830000
2023-10-02,44.64865493774414,45.04048245716081,43.73039595276652,43.898891446595,433298000
2023-10-03,43.387420654296875,44.99562050159697,43.117227684036216,44.67457689561349,470850000
2023-10-04,43.909854888916016,44.01155233952571,43.163084716605525,43.61174546536846,361821000
2023-10-05,44.554927825927734,44.76629832762735,43.75731082612685,43.91882717512689,393483000
2023-10-06,45.625732421875,45.65265244811673,43.894901766019856,44.06140429622766,434436000
2023-10-09,45.13819122314453,45.46920337034592,44.235887222293606,44.70847483791379,409675000
2023-10-10,45.66162109375,46.12124684777387,44.95373627488307,45.17507531550578,368582000
2023-10-11,46.6666259765625,46.71946955859621,45.91287659330196,46.05844175921358,378137000
2023-10-12,46.80521011352539,47.4672343606174,46.19204354796514,46.637711102575786,481325000
2023-10-13,45.32563018798828,46.97570471236393,45.145169391645375,46.82016719199545,474115000
2023-10-16,45.95774459838867,46.08735476029038,44.77826474104746,44.928816083518186,375099000
2023-10-17,43.80717086791992,44.62074305005794,42.35351199528077,43.868986531873404,812333000
2023-10-18,42.070350646972656,43.090307040885016,41.700456999229225,42.464174898094846,627294000
2023-10-19,41.975643157958984,43.168081135080946,41.75729348052896,42.68352817211386,501233000
2023-10-20,41.26376724243164,42.34354268783243,40.955685402910255,41.7652678682802,477266000
2023-10-23,42.84703063964844,43.11922033673946,40.82307664352765,41.10623136446677,478530000
2023-10-24,43.532989501953125,43.56688866084925,42.563887360787554,42.948735805892674,401463000
2023-10-25,41.65459442138672,43.52002535417708,41.43126239759443,43.26877302407248,398379000
2023-10-26,40.20592498779297,42.130178498809435,39.76125385517592,41.72837859858881,541001000
2023-10-27,40.379398345947266,41.08329728392404,39.89584197944323,41.00752338515214,416784000
2023-10-30,41.03843688964844,41.64163496442114,40.36046137678986,40.96465972958588,388028000
2023-10-31,40.6585693359375,40.75727737613491,39.11318548755272,40.329553945294535,517969000
2023-11-01,42.19896697998047,42.25479998188949,40.747301323669774,40.762256048704266,437593000
2023-11-02,43.3764533996582,43.75332619208585,42.76627622905822,43.19898202777144,409172000
2023-11-03,44.870975494384766,45.17406722639824,43.592791818862594,43.888908230745656,424610000
2023-11-06,45.61476516723633,45.798219181155844,44.765301009531704,45.15015318659169,400733000
2023-11-07,45.81816482543945,46.08037839216094,45.02353711440928,45.582867485335434,343165000
2023-11-08,46.43532180786133,46.72744863605115,45.831123444068034,45.96273036829276,346719000
2023-11-09,46.81019973754883,48.08638711878528,46.610794508396026,47.32565858468725,540496000
2023-11-10,48.19107437133789,48.32766746778713,47.14220871523475,47.358561621942854,421245000
2023-11-13,48.475215911865234,48.96974108943456,47.95576746252599,48.17611002726251,384136000
2023-11-14,49.50813674926758,49.6856081153753,48.89397370012533,49.532067353089744,416954000
2023-11-15,48.742431640625,49.811238255169,48.056480502384446,49.78631497714017,475497000
2023-11-16,49.332664489746094,49.37753247238456,48.18609109090698,48.53405091082967,339756000
2023-11-17,49.151206970214844,49.56895804695832,48.861073108178935,49.37653194691317,325205000
2023-11-20,50.25889587402344,50.39748190834169,49.0345518906684,49.16516232495467,414120000
2023-11-21,49.7952766418457,50.366568411025234,49.07542649691953,49.97673388984551,565747000
2023-11-22,48.57093811035156,50.18511670142029,47.547992253967436,49.703557028583894,899420000
2023-11-24,47.63373947143555,48.77533048753054,47.60282974083701,48.32567320692598,294645000
2023-11-27,48.09835433959961,48.385494990493825,47.51011098197541,47.65766910789753,395662000
2023-11-28,47.67860412597656,48.17911204503058,47.33164078012809,48.09236930689928,401491000
2023-11-29,47.99665832519531,48.61680790876067,47.71749326678707,48.234948902912635,382005000
2023-11-30,46.6307373046875,47.96674744990859,46.283773941411816,47.88100118212253,526247000
2023-12-01,46.62575149536133,47.05945760454386,46.04947343587655,46.38646825144851,369317000
2023-12-04,45.37447738647461,45.939790296925786,44.87596630034032,45.939790296925786,437543000
2023-12-05,46.431427001953125,46.46532533448676,45.14016755025648,45.33460369954444,371718000
2023-12-06,45.371490478515625,47.25004822206123,45.2807538725136,47.07854443551646,380590000
2023-12-07,46.46133804321289,46.49424361639184,45.47220434901942,45.56792757808214,350823000
2023-12-08,47.36870574951172,47.60302719608969,46.41546736033398,46.46033928594401,359224000
2023-12-11,46.492244720458984,47.39363144924944,45.69755100849952,47.35374994188855,509728000
2023-12-12,47.5192756652832,47.528248529944456,45.91293129624922,45.91293129624922,372387000
2023-12-13,47.94902420043945,48.45356234904266,47.47041188410191,47.49135110162281,447792000
2023-12-14,48.210262298583984,48.52933716331639,47.28494671232897,48.25014760759364,391232000
2023-12-15,48.74870300292969,49.2612174369844,47.98092791403106,48.05471535600333,479948000
2023-12-18,49.93227767944336,50.28724783914224,49.00795855556237,49.25723605827901,412587000
2023-12-19,49.460636138916016,49.556359352120325,48.75368563402241,49.281156065075976,464444000
2023-12-20,47.97195816040039,49.854502283693236,47.95899524383034,49.51149468672903,397894000
2023-12-21,48.84841537475586,48.95311145717248,48.279062673701084,48.669931851728876,300425000
2023-12-22,48.688880920410156,49.24028032151343,48.326927237730985,49.05282392386867,252507000
2023-12-26,49.13657760620117,49.456649028909844,48.81849930781512,48.82647560877794,244200000
2023-12-27,49.2741813659668,49.53642176515991,48.943140137976336,49.36791146455285,233648000
2023-12-28,49.378875732421875,49.73982902864742,49.26919303504833,49.49952822100173,246587000
2023-12-29,49.378875732421875,49.85250521620105,48.610104092310245,49.66903507790819,389293000
2024-01-02,48.028785705566406,49.152527391898126,47.45744371873841,49.10167609887842,411254000
2024-01-03,47.431522369384766,48.04474284454288,47.183241449788504,47.34776550065434,320896000
2024-01-04,47.859283447265625,48.35983153595327,47.3706979086473,47.62894825426151,306535000
2024-01-05,48.955108642578125,49.4038088927802,48.16639428593929,48.3219454810566,415039000
2024-01-08,52.101985931396484,52.1239255155236,49.336004592518634,49.36891016503661,642510000
2024-01-09,52.986419677734375,54.16799628302355,51.54060955653382,52.249557041176296,773100000
2024-01-10,54.19292449951172,54.442201988108685,53.334412767924995,53.46104844034716,533796000
2024-01-11,54.66355895996094,55.186046630349715,53.40520900250216,54.84004936433209,596759000
2024-01-12,54.5518913269043,54.81114207663485,54.172992236795146,54.46215126794727,352994000
2024-01-16,56.21905517578125,56.670745116790805,54.74133972907017,54.8589987377964,449580000
2024-01-17,55.89100646972656,56.3077977062965,54.581801354818275,56.18415552246115,474394000
2024-01-18,56.94195556640625,57.43353079531085,55.94484563035105,57.094513264905174,491650000
2024-01-19,59.319068908691406,59.3280417723161,57.05961512425851,57.8214070619552,543501000
2024-01-22,59.48160171508789,60.15664716031092,58.89928981630902,59.87546063771517,452955000
2024-01-23,59.69996643066406,59.736858252012084,58.41568677878363,59.39784070948938,294654000
2024-01-24,61.18465805053711,62.667360005652704,59.76477374613349,60.12971710051197,560271000
2024-01-25,61.43891906738281,62.53773532424112,60.67413370207847,62.16979849805745,482777000
2024-01-26,60.8546142578125,61.60444363196895,60.39794153183259,60.78382030493906,390309000
2024-01-29,62.28446960449219,62.308398507444245,60.730973730437555,61.055031402652325,348733000
2024-01-30,62.592567443847656,63.30949113883736,62.08005307902607,62.71820653176695,410735000
2024-01-31,61.349185943603516,62.08904212424609,60.52457632784889,61.262435580323725,453795000
2024-02-01,62.844852447509766,63.00837994825412,61.471833071842404,61.92052952927185,369146000
2024-02-02,65.96878814697266,66.40751128682628,63.50592191536747,63.78910149469645,476578000
2024-02-05,69.13162231445312,69.29614635606846,67.01077071404906,68.02781943535477,680078000
2024-02-06,68.02584838867188,69.55242233189043,66.1084089531671,69.4287801200156,683111000
2024-02-07,69.89640045166016,70.01705293105977,67.40462245828914,68.12154618534456,495575000
2024-02-08,69.43972778320312,70.58939534958982,69.2542683281726,69.87147502102263,414422000
2024-02-09,71.92455291748047,71.97639698775139,70.0090989991364,70.32917051969086,436637000
2024-02-12,72.03919982910156,74.39536957580593,71.0440830164451,72.39017991002451,613710000
2024-02-13,71.91956329345703,73.23774158600555,69.41881527870093,70.19656002218674,602580000
2024-02-14,73.68643951416016,74.02146705443656,71.73011146374917,72.99045859670314,504917000
2024-02-15,72.44802856445312,73.7612240097967,72.19077851996437,73.65553513860904,420122000
2024-02-16,72.40314483642578,74.18697602398943,72.29146900724291,73.8858468671519,495327000
2024-02-20,69.25127410888672,71.74803488638726,67.53823713980917,71.73905822029711,704833000
2024-02-21,67.2770004272461,68.68890843457064,66.05653886283757,67.80945371472042,673755000
2024-02-22,78.31101989746094,78.34790791274914,74.00549852714776,74.80817230671141,865100000
2024-02-23,78.58921813964844,82.15587637734276,77.3458203592003,80.55651569183838,829388000
2024-02-26,78.86341857910156,80.41292820605618,78.27810947244775,79.46965549121944,503973000
2024-02-27,78.47354125976562,79.25029679601072,76.9389952975712,79.151576284054,391705000
2024-02-28,77.43854522705078,78.70487140466068,76.90209811291284,77.39567023328642,393110000
2024-02-29,78.88335418701172,79.7588149945745,78.12355544458728,78.86540846143546,507289000
2024-03-01,82.04120635986328,82.06214938054762,79.20542398518815,79.76879352380037,479135000
2024-03-04,84.99065399169922,87.44155024884783,83.47704345209779,83.88685110747949,615616000
2024-03-05,85.71958923339844,85.85221432148215,83.1798336316164,85.02756212891575,520639000
2024-03-06,88.44779205322266,89.4688825349032,86.78254226902789,87.77172605056263,582520000
2024-03-07,92.40550994873047,92.50323087612081,89.34722911034507,89.90164797406622,608119000
2024-03-08,87.27912902832031,97.12306133342042,86.26003174516178,94.86749190765931,1142269000
2024-03-11,85.53013610839844,88.54453635942917,83.92670614472016,86.18327264614543,678364000
2024-03-12,91.65166473388672,91.69852817689657,85.90505025020566,87.79865287127926,668075000
2024-03-13,90.62957763671875,91.24382347923168,88.18354935724443,90.7961026211969,635713000
2024-03-14,87.6939468383789,90.3882676423802,86.35376650266996,89.32230691373881,602318000
2024-03-15,87.5872573852539,89.29139794365639,86.01175546714047,86.68283850567245,642086000
2024-03-18,88.20350646972656,92.1422727821745,86.83739891650431,90.13100922298294,668976000
2024-03-19,89.14382934570312,90.28656718338365,84.76830466715785,86.45349454494367,672171000
2024-03-20,90.11504364013672,90.15293760178423,87.97215190090783,89.54167399398385,479063000
2024-03-21,91.17501068115234,92.38456668043467,90.14794060720405,92.03755661197002,480372000
2024-03-22,94.02091217041016,94.50852022791372,90.57573384993215,90.88186017417289,586719000
2024-03-25,94.73188018798828,96.49086455465545,93.24412560987103,93.67389990625729,552136000
2024-03-26,92.29782104492188,96.10097979295517,92.23899068459922,95.57846759747075,513648000
2024-03-27,89.99340057373047,92.97489725482532,88.8696059634602,92.8472628285773,586067000
2024-03-28,90.0990982055664,91.04041442208826,88.93940289555813,89.74410760252643,435212000
2024-04-01,90.1060791015625,91.96278458075767,88.95037777581965,90.04226569169144,452441000
2024-04-02,89.1976547241211,89.8378275505344,87.37086312159137,88.19650409145588,433064000
2024-04-03,88.71105194091797,90.11704664082849,88.14866014711569,88.23242095077572,370067000
2024-04-04,85.6607437133789,90.3763015666953,85.63581327474101,90.1489453998678,434965000
2024-04-05,87.75777435302734,88.22942906906539,85.68169327218381,86.61901544259366,399678000
2024-04-08,86.88524627685547,88.57741956926614,86.48538552016859,88.44778434677862,283220000
2024-04-09,85.11129760742188,87.38581757145292,82.78593537872872,87.19336556349879,501700000
2024-04-10,86.7915267944336,87.15150043777531,83.47099303047223,83.68737890315158,431929000
2024-04-11,90.35835266113281,90.48100403591603,86.67884945614712,87.17144056555283,431637000
2024-04-12,87.93526458740234,89.91861544290224,87.2811315064311,89.44396327846418,426805000
2024-04-15,85.75647735595703,90.35536381330797,85.6846834695675,88.84467194132365,443077000
2024-04-16,87.16645812988281,87.86745463811035,85.81930143123056,86.18724795044986,370453000
2024-04-17,83.79606628417969,88.5225868752461,83.71130127056159,88.08881854088399,495400000
2024-04-18,84.43025207519531,85.94493790164843,82.16770633584548,84.72840551757585,447260000
2024-04-19,75.98335266113281,84.08425585640761,75.39104730583979,82.91359767384262,875198000
2024-04-22,79.29190826416016,79.8453305652036,76.18277728835372,77.88192715774476,596341000
2024-04-23,82.18865203857422,82.53366896329221,80.03579390039872,80.53935534918725,438559000
2024-04-24,79.4504623413086,83.84293671972377,78.95786360773235,83.71130825195023,512208000
2024-04-25,82.39705657958984,83.08608614140688,78.00058847000186,78.64375119701494,424641000
2024-04-26,87.48556518554688,88.07987139429477,83.14992721435375,83.57970161423837,551011000
2024-04-29,87.50748443603516,87.74180926182623,85.0235621625501,87.34594249418755,388971000
2024-04-30,86.15634155273438,88.56646933597486,86.05463417701857,86.99195638809022,363709000
2024-05-01,82.80488586425781,85.75547203094351,81.02396098069623,84.83509991070004,559863000
2024-05-02,85.572998046875,85.99180203592717,82.96343457532701,84.20888384405981,377898000
2024-05-03,88.53654479980469,89.0271426544853,86.79251724081982,87.53938813243457,398341000
2024-05-06,91.87801361083984,91.9577879691123,88.80178624215971,89.13583280876144,376203000
2024-05-07,90.29652404785156,91.52003263915564,88.75791206874568,90.8389759868272,437342000
2024-05-08,90.15493774414062,90.93471200217493,89.16575387590268,89.22857828050421,325721000
2024-05-09,88.49466705322266,90.81305333122494,87.9801353538175,90.27159797496299,378013000
2024-05-10,89.6224594116211,91.14113187208739,88.97330934521258,90.04824732317125,335325000
2024-05-13,90.14197540283203,90.73927132421963,88.27728953555432,90.22074555223655,289680000
2024-05-14,91.09625244140625,91.39041184902159,88.68113417048747,89.34424430460986,296507000
2024-05-15,94.36095428466797,94.59229693630975,91.33857349932174,92.20909256462353,417735000
2024-05-16,94.09072875976562,95.54657691583259,93.83545227306834,94.6401647051021,323952000
2024-05-17,92.216064453125,94.47063766933178,91.54498136339171,94.10069789533013,359691000
2024-05-20,94.51052856445312,94.92933263128536,93.17434198712075,93.4834581877298,318764000
2024-05-21,95.11479187011719,95.1287520032466,92.915062881723,93.33287026664621,328946000
2024-05-22,94.68002319335938,95.74698053068366,92.98386328100148,95.18757861855156,548648000
2024-05-23,103.5038833618164,106.0177117858919,101.23135605250833,101.73791493789797,835065000
2024-05-24,106.16627502441406,106.1722546778935,102.70713677897801,104.15201429523188,429494000
2024-05-28,113.57714080810547,114.61219142145016,109.57056763172464,109.93054124400538,652728000
2024-05-29,114.49852752685547,115.16363093573716,110.58568822600918,112.72858027740573,557442000
2024-05-30,110.18582916259766,115.48970655822384,109.35121090850546,114.32403150789189,484553000
2024-05-31,109.32128143310547,112.39651226649593,106.6359377048998,112.20006619281486,613263000
2024-06-03,114.67301940917969,114.67301940917969,111.68453916444382,113.29794252397816,438392000
2024-06-04,116.10592651367188,116.2684650577176,113.72072948659991,115.3869834998919,403324000
2024-06-05,122.09186553955078,122.10083501982173,117.13400243711465,118.0344347915748,528402000
2024-06-06,120.65396118164062,125.2299099350453,117.98357427866928,123.69528439320365,664696000
2024-06-07,120.54428100585938,121.34599585382935,117.68643254910567,119.42945596831338,412386000
2024-06-10,121.4437255859375,122.74999853797115,116.67731737762591,120.02776477909312,313434100
2024-06-11,120.57612609863281,122.53071289546243,118.41211249470811,121.43374431859081,222551200
2024-06-12,124.8542709350586,126.5296321042774,122.23153612962203,122.72018091821553,299595000
2024-06-13,129.25210571289062,129.4415834964467,126.80887399420205,129.0327119863157,260704500
2024-06-14,131.51583862304688,132.4731792100278,127.9656714477386,129.60114223243076,309320400
2024-06-17,130.6183319091797,133.36073857025062,129.22220369566065,132.6227916073861,288504400
2024-06-18,135.20562744140625,135.95355648117285,130.32913071079423,130.77788509132313,294335100
2024-06-20,130.4188690185547,140.3713064535189,129.16235380151105,139.41396587386305,517768400
2024-06-21,126.22049713134766,130.269291272292,123.9567687165166,126.76898143871918,649445800
2024-06-24,117.78385925292969,124.11632324977303,117.71405285075953,122.89969086195553,476060900
2024-06-25,125.74180603027344,126.1506774907381,118.99050434542877,120.86531009404065,414192600
2024-06-26,126.05095672607422,127.7662006748868,122.26144711805412,125.78169805160451,362975900
2024-06-27,123.64761352539062,126.06093675176166,122.58056851355609,123.75731038151326,252571700
2024-06-28,123.19886779785156,127.35735127952529,122.41104832536521,124.23599694106169,315516700
2024-07-01,123.95675659179688,124.49525872121755,118.50186042748064,123.12904675738962,284885500
2024-07-02,122.33126068115234,123.06922274393042,120.69578993975959,120.79551228090267,218374000
2024-07-03,127.92579650878906,127.92579650878906,121.024905598081,121.32408029184768,215749000
2024-07-05,125.4825210571289,128.49418555841777,125.33293376192269,127.0282361520575,214176700
2024-07-08,127.84598541259766,130.40889591730686,126.6891925935073,127.1379469199517,237677300
2024-07-09,131.0172119140625,133.4504765285805,128.29473958471138,129.99005737514514,285366600
2024-07-10,134.5374755859375,134.72695337207693,132.0543457649315,133.6599006676726,248978600
2024-07-11,127.04821014404297,135.77404103999976,126.69917812553707,135.3751516521801,374782700
2024-07-12,128.88311767578125,131.5557097271737,126.86869151292463,127.90581292565753,252680500
2024-07-15,128.08531188964844,131.02716234127456,126.82878928350533,130.1994525827971,208326200
2024-07-16,126.01107025146484,128.68366239858466,124.2359867587292,128.0853283678797,214769500
2024-07-17,117.66417694091797,121.51351843622722,116.39768730256174,121.01489915039261,390086200
2024-07-18,120.75562286376953,122.0620106514847,116.23813305693453,121.51352635797906,320979500
2024-07-19,117.60435485839844,121.26421889531369,117.04590364640599,120.01767057688257,217223800
2024-07-22,123.19886779785156,123.72740308245356,119.52902914046476,120.01767396475167,258068900
2024-07-23,122.25147247314453,124.34567955387372,121.76282770486009,122.44095023584373,173911000
2024-07-24,113.93452453613281,119.61878223552345,113.12676360209511,118.84093724595712,327776900
2024-07-25,111.96995544433594,116.30794209044977,106.00647252262672,112.72785895570485,460067000
2024-07-26,112.747802734375,115.87913158113766,111.27189374853045,115.8691646723326,293399100
2024-07-29,111.28185272216797,115.95890423286832,110.99266022089631,113.3760598876514,248152100
2024-07-30,103.44356536865234,111.68075088933978,102.2568489765504,111.21204752075072,486833300
2024-07-31,116.69686126708984,118.01321595584747,110.57381668062193,112.58824297616627,473174200
2024-08-01,108.9084243774414,119.82819139029307,106.51505026446524,117.20544905631927,523462300
2024-08-02,106.97378540039062,108.41978599115991,101.09008352011347,103.47348325737674,482027500
2024-08-05,100.17261505126953,103.12444802394918,90.43957172286065,91.80578374541406,552842400
2024-08-06,103.96214294433594,107.41258821442915,100.27236249707684,103.55327139202979,409012100
2024-08-07,98.63687896728516,108.4995686514933,98.41748524596572,107.51229690555586,411440400
2024-08-08,104.68013000488281,105.20866520993226,97.25069837056012,101.71833034514779,391910000
2024-08-09,104.46073913574219,106.30562894964848,103.14438454118093,105.34828084526997,290844200
2024-08-12,108.71894836425781,110.76329052893722,105.96657531790058,106.02640719898284,325559900
2024-08-13,115.81930541992188,115.90906086189524,111.27189924867696,112.12952516459809,312646700
2024-08-14,117.75394439697266,118.27250515954668,113.75501518576698,118.20269875673235,339246400
2024-08-15,122.5207290649414,122.89967697557265,117.14561388018961,118.4320525248231,318086700
2024-08-16,124.23599243164062,124.6548308372553,120.84537951120186,121.60328301302395,302589900
2024-08-19,129.6409912109375,129.6409912109375,123.07916075287817,123.93678638032422,318333600
2024-08-20,126.89861297607422,129.52135538667704,125.54236785937302,128.0454312895895,300087400
2024-08-21,128.14517211914062,128.99283109530663,126.31025657503493,126.96843015643721,257883600
2024-08-22,123.39830780029297,130.38895283197962,122.7600756761678,129.66097288180268,376189100
2024-08-23,129.0127716064453,129.24214747384983,124.87423690023081,125.51246908853835,323230300
2024-08-26,126.11080169677734,130.8975427630235,124.0265765218376,129.21222218734667,331964700
2024-08-27,127.94573211669922,128.84324088713785,123.53793114727517,124.70470624383526,303134600
2024-08-28,125.26314544677734,127.97563574905244,122.30134548595971,127.76620894054898,448101100
2024-08-29,117.26527404785156,124.08638948872031,116.38770688825328,121.02486753317979,453023300
2024-08-30,119.0403823852539,121.4138076730475,116.89631773014244,119.1999366155988,333751600
2024-09-03,107.7017822265625,115.88911124023056,106.9937436452946,115.68966653869764,477155100
2024-09-04,105.91671752929688,112.95722005840781,103.83249237473713,105.11893116355375,372470300
2024-09-05,106.91395568847656,109.34722045042044,104.47072401794104,104.70008464878364,306850700
2024-09-06,102.54605865478516,107.85136830211154,100.67124500554577,107.74167143504636,413638100
2024-09-09,106.17599487304688,106.25577578698045,103.4036727846321,104.59038154400555,273912000
2024-09-10,107.80148315429688,109.09789628161208,104.660180275284,107.51228306871653,268283700
2024-09-11,116.58717346191406,116.86639906475774,107.12337325723898,109.0879346022382,441422400
2024-09-12,118.82117462158203,120.46676065848584,115.07123444451854,116.52732649632485,366052700
2024-09-13,118.78128051757812,119.6389797203674,117.28529459768677,118.76133738659651,238358300
2024-09-16,116.46749114990234,117.8637462195167,114.05396898625607,116.47746652004345,248772300
2024-09-17,115.28067016601562,118.48208669803358,114.52270945275087,117.85376774830212,231925900
2024-09-18,113.06661987304688,117.38502682895009,112.91701975753097,115.57987289959789,310318900
2024-09-19,117.55458068847656,119.33979153223306,116.93623707940027,117.0359679559666,293506400
2024-09-20,115.68958282470703,118.30257441739377,115.0812145821692,116.74674381909426,382462400
2024-09-23,115.94886779785156,116.67690991509015,114.55261294787563,116.23809261462333,206228500
2024-09-24,120.54654693603516,121.47405850127808,115.07123304654733,116.20818172536411,354966800
2024-09-25,123.17947387695312,124.60564732192762,121.28455699350084,121.69345582540069,284692900
2024-09-26,123.70805358886719,127.32833649308198,121.47405025345233,126.46066959704271,302582900
2024-09-27,121.07512664794922,123.6980858451405,118.94085404604166,123.63824884420143,271009200
2024-09-30,121.11502838134766,121.1748653861715,117.83383152489164,117.99339940741461,226553700
2024-10-01,116.68689727783203,122.11234177416986,115.48013626179672,121.44412897274735,302094500
2024-10-02,118.53195190429688,119.06053238913914,114.831880901423,116.12840510154699,221845900
2024-10-03,122.52124786376953,124.0272091849403,120.01796257527629,120.59641230247804,277118000
2024-10-04,124.58570861816406,124.70539023390367,121.50398120040512,124.60565935860969,243678100
2024-10-07,127.37820434570312,130.2903881845544,124.61561299835192,124.65550686574433,346250200
2024-10-08,132.53439331054688,133.12281085179842,129.07367761572408,129.91142617119655,285722500
2024-10-09,132.29501342773438,134.16001952786942,131.02842299164354,133.75111306364067,246191600
2024-10-10,134.44923400878906,134.63872798675436,130.64943234270237,131.55700075403345,242311300
2024-10-11,134.43927001953125,135.4166432187145,133.30232133780012,133.6513755856735,170209500
2024-10-14,137.7005157470703,139.22642006970023,135.9352482142016,136.10479144805439,232347700
2024-10-15,131.24783325195312,138.1991821543322,128.3954862474048,137.50104323972985,377831000
2024-10-16,135.3568115234375,136.25439701653355,131.22789086287455,133.62146232310147,264879700
2024-10-17,136.56358337402344,140.5129935540953,136.5037463621669,138.9671381366491,306435900
2024-10-18,137.63070678710938,138.52829226592988,136.9126323168706,138.2989120156457,176090200
2024-10-21,143.325439453125,143.325439453125,137.63071268872676,137.76036967912168,264554500
2024-10-22,143.2057342529297,144.03351491090646,141.40058044009385,142.52756130979012,226311600
2024-10-23,139.18653869628906,142.04885378245024,137.09216737152124,141.64993025905358,285930000
2024-10-24,140.0342559814453,140.9717429059513,138.08947737101022,140.44316244306268,172354900
2024-10-25,141.16122436523438,143.74430494634163,140.4232143860229,140.55285615055817,205122100
2024-10-28,140.14395141601562,142.75693502866474,139.67520798990546,142.617310298629,173586700
2024-10-29,140.87200927734375,141.8793009979601,138.52829188537018,139.91457158033694,157593600
2024-10-30,138.9671173095703,139.9544735111022,136.4438889013892,139.16657905851807,179418100
2024-10-31,132.40472412109375,137.24175143875112,131.756469630996,137.2317836775648,270039600
2024-11-01,135.0376434326172,136.94253564166783,134.2098780275083,134.33951978002003,207127800
2024-11-04,135.6859130859375,138.58812914709054,135.2072018980832,136.8428124063768,187528200
2024-11-05,139.5355987548828,139.99435925396384,136.9625011145287,137.08217511986183,160537400
2024-11-06,145.22035217285156,146.09800218631347,141.58012556166827,142.57744958861787,242043900
2024-11-07,148.4816131591797,148.5314671885647,145.77885821996583,145.9982707339075,207323300
2024-11-08,147.2349090576172,149.3691812590464,145.8685651814179,148.3718575159869,175665800
2024-11-11,144.87127685546875,148.45168153400843,143.18581210072784,148.28212306443757,182325600
2024-11-12,147.89315795898438,149.2495191040209,145.6192606302401,146.38720431256547,198634700
2024-11-13,145.8785400390625,148.93034808809526,145.50951992646154,148.67104940779473,191903300
2024-11-14,146.36724853515625,148.60125952595652,145.16049515099348,147.24489842760545,194463300
2024-11-15,141.6000518798828,144.85133773586546,139.70514243904907,144.4823175216733,250132900
2024-11-18,139.77493286132812,141.1711953957962,136.7829612819808,139.1266784396513,221205300
2024-11-19,146.6165771484375,146.7362663614533,140.61269838756368,140.94181709193657,227834900
2024-11-20,145.49960327148438,147.16513258851916,142.34805565960622,147.0155400700263,309871700
2024-11-21,146.2775115966797,152.48086819347145,140.3234860038813,148.95034787282623,400946600
2024-11-22,141.57012939453125,146.7661937868221,140.72241318136372,145.539474391015,236406200
2024-11-25,135.656005859375,141.66986796819967,135.45654411602544,141.61003096699034,344941900
2024-11-26,136.55360412597656,138.9272401830298,135.30694909062626,137.33151565059862,190287700
2024-11-27,134.9778289794922,136.85280300357402,131.44730865073987,134.64871022731037,226370900
2024-11-29,137.8800506591797,138.97711320730366,135.6859407808891,136.41398308030372,141863200
2024-12-02,138.25900268554688,140.07412408062024,137.45117284579777,138.45846440112203,171682800
2024-12-03,139.88467407226562,140.16392360539365,137.58085781498016,137.89002585394636,164414000
2024-12-04,144.75155639648438,145.39981069275,139.9145305251283,141.61996069132385,231224300
2024-12-05,144.68179321289062,146.15793025557377,143.57468662612678,144.73166589534063,172621200
2024-12-06,142.06861877441406,145.3201135010368,140.94156015213164,144.2229906612707,188505600
2024-12-09,138.44805908203125,139.58508599383495,136.77244688316378,138.6076455444956,189308600
2024-12-10,134.7178497314453,141.45025097804097,133.4411729750498,138.6475644899376,210020900
2024-12-11,138.94676208496094,139.8045203384501,134.85746151474785,137.00184953896905,184905200
2024-12-12,136.98190307617188,138.07904108019704,135.44592508954074,136.72258646567687,159211400
2024-12-13,133.8999786376953,139.2360360155149,132.19443031399229,138.57775313836598,231514900
2024-12-16,131.65582275390625,134.04955889819416,130.07994062496547,133.8301313094174,237951100
2024-12-17,130.05003356933594,131.24690176576593,126.5292385551769,128.75342001528475,259410300
2024-12-18,128.57388305664062,136.34356467427952,127.94552085179448,133.51097335742298,277444500
2024-12-19,130.33926391601562,133.68053537391728,129.212220572867,131.41644980197495,209719200
2024-12-20,134.34878540039062,134.92727495716574,127.88568536239204,129.4715360054975,306528600
2024-12-23,139.3058319091797,139.42551415908295,134.76769223262775,135.92467137837366,176053500
2024-12-24,139.8544158935547,141.53002844762267,138.28850193430708,139.63498826590208,105157000
2024-12-26,139.56515502929688,140.48276971800976,137.37089410442982,139.33575896662117,116205600
2024-12-27,136.6527557373047,138.65752461945982,134.35876491420703,138.1887488761999,170582600
2024-12-30,137.1315155029297,139.9042657427297,133.67056192681179,134.47844750631418,167734700
2024-12-31,133.9398651123047,137.71002369221526,133.48107297196478,137.67011945974758,155659200
2025-01-02,137.94935607910156,138.51787711680194,134.27895893528864,135.64538180842524,198247200
2025-01-03,144.09332275390625,144.52219430432945,139.36567593719187,139.6449446721197,229322500
2025-01-06,149.04039001464844,151.76328315584956,147.43460231153736,148.20258376458906,265377400
2025-01-07,139.77459716796875,152.73073241075815,139.6449312609891,152.63098706400407,351782200
2025-01-08,139.74468994140625,143.57467420574872,137.20133554653654,142.20825109505992,227349900
2025-01-10,135.55563354492188,139.55517244006612,133.870037595658,137.09161147098868,207602500
2025-01-13,132.8826141357422,133.1419459563911,129.17231238202828,129.6510717959939,204808900
2025-01-14,131.4164581298828,136.02442280388445,129.71092511662002,135.6952813829554,195590500
2025-01-15,135.88478088378906,136.094224818832,130.9476750631476,133.30152233922777,185217300
2025-01-16,133.22174072265625,138.38822723428095,133.14194748607855,138.2785134363621,209235600
2025-01-17,137.3509521484375,138.13888566634566,135.10681862678206,136.33360735729912,201188800
2025-01-21,140.46279907226562,141.46019165371834,136.7325453387914,138.79715528751996,197749000
2025-01-22,146.68653869628906,147.4046473751733,143.29539468537405,144.2828188497205,237651400
2025-01-23,146.83616638183594,146.84613483080005,143.34529164963172,144.67182587415004,155915500
2025-01-24,142.24813842773438,148.58158800111045,141.51007758845265,147.98314630855361,234657600
2025-01-27,118.11123657226562,128.06521102414737,116.39571998533557,124.47460659166907,818830900
2025-01-28,128.6536865234375,128.66365497133788,115.94689837533355,121.49239920882492,579666400
2025-01-29,123.37747955322266,126.55916484585856,119.73700212037913,126.17018228394103,467120600
2025-01-30,124.32499694824219,124.67408285834512,117.79207196266405,122.77903527699785,392925500
2025-01-31,119.7569351196289,127.51664871512425,118.8792323275003,123.45726093608867,388161100
2025-02-03,116.35582733154297,118.26084328911304,112.71534272693829,114.45080376447106,371235700
2025-02-04,118.34063720703125,120.88398385074507,116.39571701060105,116.65504122535879,256550000
2025-02-05,124.50452423095703,124.67407915232373,120.44513651813745,121.44252915135603,262230800
2025-02-06,128.34446716308594,128.43424405982125,124.8835213759819,127.08775801782105,251483600
2025-02-07,129.50144958496094,130.03006643749526,124.67407312607986,128.88307105233656,228186300
2025-02-10,133.22174072265625,134.64800487659767,129.621152724233,129.7508034170435,216989100
2025-02-11,132.45375061035156,134.12936300336048,130.67839286199495,132.23432300379022,178902400
2025-02-12,130.79806518554688,131.89520313508,128.74343886096966,129.68099034166102,160278600
2025-02-13,134.937255859375,136.14410776005724,130.8280026783839,131.2169852346524,197430000
2025-02-14,138.48797607421875,138.8869270481558,135.1467045962306,136.12414513567924,195479600
2025-02-18,139.03652954101562,143.06600437599374,137.57036112568994,140.90166414837108,219176600
2025-02-19,138.86697387695312,140.99142508356047,136.86222013681927,139.1462426003846,167536000
2025-02-20,139.74468994140625,140.29325896288867,136.43333891646114,139.6648967001902,143903600
2025-02-21,134.07948303222656,141.09116717483585,133.68053207054632,139.6748562571626,228217600
2025-02-24,129.9403076171875,138.22863774598196,129.74083213959625,136.20393197137406,251381100
2025-02-25,126.29981994628906,129.8605111604116,124.11553536570229,129.64108357480436,271428700
2025-02-26,130.93771362304688,133.38132271635274,128.1549946612343,129.6510837247691,322553800
2025-02-27,119.83673095703125,134.6579790491402,119.69709659183455,134.64801060127058,443175800
2025-02-28,124.59429931640625,124.76385425600982,116.09651651556653,117.71228788508736,389091100
2025-03-03,113.76260375976562,123.37746834229016,111.98724605192426,123.18796891235903,411381400
2025-03-04,115.68757629394531,118.9989197292815,109.82291000037466,110.36150296756519,398163300
2025-03-05,116.9941635131836,117.97160407078815,114.21143704412195,117.27343224392774,284337900
2025-03-06,110.28170776367188,115.04924353236196,109.93262184934352,113.2339891683523,321181900
2025-03-07,112.39618682861328,113.18412798197828,107.27955736061682,110.9599388924034,341755500
2025-03-10,106.7010726928711,111.5583701943417,105.18503155172247,109.6134575041536,366487400
2025-03-11,108.47642517089844,111.94734728122161,104.49682307629253,106.71103594468934,354865700
2025-03-12,115.4488525390625,116.46629097878981,112.59604629385464,113.83293253862912,323857500
2025-03-13,115.28924560546875,117.46376184203,113.50374766538481,116.73559490158165,299033100
2025-03-14,121.36392211914062,121.57339292473429,117.85278046649132,118.31162236591584,277593500
2025-03-17,119.22930145263672,122.58084943008083,117.73307494878493,122.43122525765534,255501500
2025-03-18,115.1396255493164,118.7205909220559,114.25186503478537,117.70316017412442,299686900
2025-03-19,117.224365234375,120.1469948780257,115.38899756160431,116.97499413034406,273426200
2025-03-20,118.23182678222656,119.89762393291265,116.17701131755277,116.25681189739694,248829700
2025-03-21,117.4039077758789,117.6931791575635,115.1296446207881,116.64582513098318,266498500
2025-03-24,121.10458374023438,121.91254366285413,119.03978374206928,119.57842622721644,228452500
2025-03-25,120.38639831542969,120.9848874515059,118.6208466122723,120.24675110401866,167447200
2025-03-26,113.47382354736328,118.5410383402261,112.42646191953317,118.4313220614094,293463300
2025-03-27,111.1496810913086,114.16208047077859,110.38162149260253,111.0698805170997,236902100
2025-03-28,109.39411163330078,112.58606625933987,108.79562251910656,111.20953292547101,229872500
2025-03-31,108.10736083984375,110.68087252083329,103.38926370156523,104.86553641067388,299212700
2025-04-01,109.87291717529297,109.92278683325367,106.20217397842941,108.2470125996811,222614000
2025-04-02,110.14221954345703,111.69830029652357,106.5213541109438,107.0200962834212,220601200
2025-04-03,101.5439224243164,105.36428217323731,101.34442096353821,103.24961996040646,338769400
2025-04-04,94.07275390625,99.87811296890389,91.87829121020437,98.66118836013088,532273800
2025-04-07,97.39436340332031,101.49402435717819,86.40209010889866,87.23997324185012,611041300
2025-04-08,96.05775451660156,105.58372634261488,94.2223791915971,103.54885717389794,476243400
2025-04-09,114.04239654541016,114.8104562069238,97.28465510127192,98.6412345329499,612918300
2025-04-10,107.29939270019531,110.58111717003517,98.9005761841806,109.09486759895934,437812400
2025-04-11,110.65094757080078,111.26939065397997,107.20962934859612,108.22706011361765,313417300
2025-04-14,110.43150329589844,114.00249947758738,108.7956293956101,113.82295197096049,264705000
2025-04-15,111.9177474975586,113.33418114021705,110.22202704858428,110.69084593782598,228966900
2025-04-16,104.2271499633789,106.52136728458446,100.19731179816195,104.28700420641553,397016900
2025-04-17,101.23468780517578,104.20719461222582,99.79831546993584,104.1872406628714,292517500
2025-04-21,96.66622924804688,99.18986388590638,94.80093044127103,98.52154346848427,288501100
2025-04-22,98.64122772216797,99.55891150664588,97.03527729423074,98.53150383378456,241004800
2025-04-23,102.45162200927734,104.53636836662163,101.76335533667917,104.25706634151078,247526000
2025-04-24,106.16226196289062,106.2719858525715,102.85061415392688,103.21968611105362,220815000
2025-04-25,110.73075103759766,111.63845793071249,105.46403435389149,106.58121206849437,251064700
2025-04-28,108.45648193359375,110.09235573735528,105.75329251827114,109.4140660423662,207708500
2025-04-29,108.7457504272461,109.9227823722281,107.16973079396023,107.39914795371472,170444300
2025-04-30,108.64599609375,108.64599609375,103.81817538074749,104.20719367744803,235044600
2025-05-01,111.32923126220703,114.6508560442669,111.02001354244473,112.79553450528941,236121500
2025-05-02,114.21196746826172,115.10970497913567,113.08481279973248,113.8927727544179,190194800
2025-05-05,113.53368377685547,114.38154406705421,112.3766057315755,112.62597685282235,133163200
2025-05-06,113.25438690185547,114.4513652140045,110.541227943435,111.19957134225872,158525600
2025-05-07,116.7655258178711,117.38396890879066,111.99755142427854,112.7656187028628,206758800
2025-05-08,117.07474517822266,118.38144728921775,115.55856464909375,117.95252869863282,198428100
2025-05-09,116.3565673828125,117.93259470484641,114.92018728068513,117.05480348234514,132972200
2025-05-12,122.69058227539062,122.69058227539062,119.9774234659773,121.66317455201767,225023300
2025-05-13,129.60313415527344,130.88989748886456,124.1568781333485,124.66559728217729,330430100
2025-05-14,134.99952697753906,135.09928149974084,131.34873063875938,132.86491109788813,281180800
2025-05-15,134.49082946777344,135.95713281870513,132.32629004982778,133.95217934435928,226632600
2025-05-16,135.05938720703125,136.0070096021913,133.1242801768634,135.87733175434735,226542500
2025-05-19,135.22897338867188,135.5282065455698,132.05696494191162,132.05696494191162,193154600
2025-05-20,134.04193115234375,134.2414249474983,132.2863492260215,133.95214600718342,161514200
2025-05-21,131.4684600830078,137.05436414816955,130.26149714159004,132.72528507307794,270608700
2025-05-22,132.49586486816406,133.91229099864714,131.21908595560456,131.8973680939745,187344000
2025-05-23,130.95970153808594,132.3462040479136,128.83507041838283,129.67295354222074,198821300
2025-05-27,135.1591339111328,135.31873506532702,132.9746406768617,133.81252390577552,192953600
2025-05-28,134.4708709716797,136.904735369061,134.45091702175245,135.68780317037033,304021100
2025-05-29,138.83984375,143.12902933343943,137.56306504893934,141.89214330786072,369241900
2025-05-30,134.7900848388672,139.26878048564038,132.5856374053386,138.37105052724368,333170900
2025-06-02,137.03440856933594,137.7725372671851,135.05937854437917,135.14916370580715,197663100
2025-06-03,140.86473083496094,141.64276735349586,137.60295298700936,138.4308667634816,225578800
2025-06-04,141.56298828125,142.03180718032695,139.18897047063936,141.83231333868676,167120800
2025-06-05,139.63783264160156,143.63773920540723,138.4807472006614,141.8123411098902,231397900
2025-06-06,141.36349487304688,142.9095987862069,141.15401644541944,142.1515008770834,153986200
2025-06-09,142.27120971679688,144.63524295526028,141.58294302195193,142.8297985646697,185114500
2025-06-10,143.5978546142578,143.92701105784593,141.17395971410352,142.3310452201821,155881900
2025-06-11,142.48060607910156,144.6353258646159,141.52294776727436,144.25625056305435,167694000
2025-06-12,144.64529418945312,144.64529418945312,141.5030059559913,141.62270753548705,162365000
2025-06-13,141.62269592285156,143.22875794239724,140.50544068193668,142.13144281545507,180820600
2025-06-16,144.3360595703125,145.8224049680536,142.8496989511086,142.99934115171888,183133700
2025-06-17,143.76742553710938,144.8647406282524,143.42826095310537,144.13653073401778,139108000
2025-06-18,145.1240997314453,145.2936820241915,142.7698725249477,143.6576946584193,161494100
2025-06-20,143.49810791015625,145.84235000620308,142.3010312756641,145.09418472037632,242956200
2025-06-23,143.81732177734375,144.4258301714446,141.6825573691225,142.15140884759998,154308900
2025-06-24,147.53817749023438,147.59804349475166,145.1440548392029,145.20390562225958,187566100
2025-06-25,153.93251037597656,154.07216728635598,148.8948611020321,148.90484638085596,269146500
2025-06-26,154.64077758789062,156.33661581991106,153.6232685600938,155.59842060814296,198145700
2025-06-27,157.36407470703125,158.32173282582838,154.88016085316636,155.65825141530053,263234500
2025-06-30,157.603515625,158.2718747820143,155.57848281781088,158.01250107649778,194580300
2025-07-01,152.9249725341797,156.81542555199195,151.1194029227986,155.90764810734902,213143600
2025-07-02,156.86532592773438,157.2144758260153,152.5957971297394,152.60576718743292,171224100
2025-07-03,158.9501953125,160.58618269349765,157.3840439934681,157.98256705200242,143716100
2025-07-07,157.85289001464844,158.92026447090194,156.95508262544374,157.81297934590498,140139000
2025-07-08,159.60858154296875,159.82804456030718,158.0025195823342,158.94022243433284,138133000
2025-07-09,162.48153686523438,164.01776272716893,160.76574343834326,160.82559421950873,183656400
2025-07-10,163.6985626220703,164.0975779997467,161.214648514871,163.91802564623063,167704100
2025-07-11,164.51654052734375,167.47927598463818,163.07009082840767,163.31947923241253,193633300
2025-07-14,163.6686248779297,165.08514914967665,161.62363697338392,164.96543236823985,136975800
2025-07-15,170.28240966796875,171.97824787505814,168.78607915204378,170.77121644956358,230627400
2025-07-16,170.95077514648438,171.32985042878116,168.4868162544787,170.64153593048928,158831500
2025-07-17,172.5767822265625,173.7339481189201,170.4120926228971,171.59918390717252,160841100
2025-07-18,171.9882354736328,173.8237306114437,170.841039596405,173.21522225123383,146456400
2025-07-21,170.96075439453125,172.9558617527255,170.58167912560677,172.32739806402674,123126100
2025-07-22,166.6213836669922,170.97071815657463,164.17738028748298,170.9208374301641,193114300
2025-07-23,170.36221313476562,170.84103463039327,167.55908978070133,169.1152710575868,154082200
2025-07-24,173.3149871826172,173.40476336343244,170.88095369299285,172.01816431437092,128984600
2025-07-25,173.07557678222656,174.29259358308082,172.53690445106827,173.18530830431874,122316800
2025-07-28,176.31761169433594,176.56700011257405,173.54441370124516,173.594294429185,140023500
2025-07-29,175.08062744140625,178.94117023690123,174.59183591750704,177.52464594674228,154077500
2025-07-30,178.83145141601562,179.4499298230835,175.60934208925488,176.07819353379378,174312200
2025-07-31,177.43487548828125,182.85160010862035,175.49961883405416,182.45256948733228,221685400
2025-08-01,173.29502868652344,176.1081221843386,170.47194991004753,173.6641186818972,204529000
2025-08-04,179.55967712402344,179.75918483209097,174.0930867713682,174.7315205700618,148174600
2025-08-05,177.82391357421875,179.81902093485988,175.46968627980374,179.18058718831315,156407600
2025-08-06,178.9810791015625,179.4599006050506,175.81883576850015,175.898641889325,137192300
2025-08-07,180.32777404785156,183.43016644757114,178.36259217804582,181.12581999654523,151878400
2025-08-08,182.2530517578125,182.85159004607542,179.95867528141937,181.10587113034643,123396700
2025-08-11,181.6146240234375,183.39026839012567,179.80905426349312,181.6046539661726,138323200
2025-08-12,182.71192932128906,184.02869221788941,179.0209838780724,182.51242163652668,145485700
2025-08-13,181.14576721191406,183.51994981646104,178.9112567337155,182.1732462738988,179871700
2025-08-14,181.57472229003906,182.57227595462552,179.02098734413144,179.3102712094187,129554000
2025-08-15,180.00856018066406,181.45500998578265,177.6044521364236,181.43506987144983,156602200
2025-08-18,181.5647430419922,182.49247589603021,180.14821861780752,180.15820389652,132008000
2025-08-19,175.2103271484375,182.0535459787435,175.06070018553257,181.98370991508045,185229200
2025-08-20,174.97091674804688,175.5694550698242,168.38707131580557,174.74148365399904,215142700
2025-08-21,174.5519256591797,176.46722675550242,173.38478976711397,174.42225404103465,140040900
2025-08-22,177.55458068847656,178.15310374912357,170.78118284108405,172.1877371490149,172789400
2025-08-25,179.3701171875,181.46498591558236,176.13805314258047,177.91369740024777,163012800
2025-08-26,181.32533264160156,181.94381103857447,178.37256711704984,179.61950918930867,168688200
2025-08-27,181.15574645996094,182.04356858750407,178.6618623689453,181.53480649120215,235518900
2025-08-28,179.72923278808594,184.01871637210735,175.9784366795831,180.3776517699909,281787800
2025-08-29,173.75387573242188,177.71416467354967,172.72639675993378,177.674269227683,243257900
2025-09-02,170.36221313476562,171.9583050821389,166.81092453439402,169.58412249632292,231164900
2025-09-03,170.20260620117188,171.9882358353705,168.46687251736884,170.64153226145447,164424900
2025-09-04,171.2400665283203,171.43957421789176,168.99557077235426,170.15273668191406,141670100
2025-09-05,166.61141967773438,168.61649709218636,163.66863936987482,167.61894341349083,224441400
2025-09-08,167.8982696533203,170.54179623040895,166.94062657490792,167.140134281122,163769100
2025-09-09,170.34225463867188,170.5617176578999,166.3320999523285,168.6763418810487,157548400
2025-09-10,176.89620971679688,178.851406558282,175.04075911822534,176.20789518840485,226852000
2025-09-11,176.74655151367188,179.84911904071384,176.05819821844705,179.25054698686972,151159300
2025-09-12,177.39498901367188,178.1731234709029,176.02825318201792,177.34510547722002,124911000
2025-09-15,177.32516479492188,178.4225418052247,174.0929031464731,175.2501343169162,147061600
2025-09-16,174.4620361328125,177.07576937869646,173.96323114864717,176.57696439453113,140737800
2025-09-17,169.8829803466797,172.78602876073558,168.00748411706098,172.22736966160153,211843800
2025-09-18,175.81878662109375,176.67673180432445,172.54662713675344,173.56417834624654,191763300
2025-09-19,176.2477264404297,177.65435995090164,174.76128231706025,175.34988368438943,237182100
2025-09-22,183.17117309570312,184.1089289332547,174.29245016588177,174.8810364137678,269637000
2025-09-23,178.0035400390625,181.98400930831284,175.78885990523673,181.53508786527138,192559600
2025-09-24,176.54701232910156,179.35029350783142,174.9807575937583,179.34032288959435,143564100
2025-09-25,177.2653045654297,179.82915407834395,172.7162058826927,174.06297010669513,191586700
2025-09-26,177.7641143798828,179.3403398828169,174.51189629291883,177.74415791919978,148573700
2025-09-29,181.4153594970703,183.56021461148362,179.8890176259668,179.99874009736317,193063500
2025-09-30,186.13404846191406,186.9022123120565,181.04623211551163,181.64480411708308,236981000
2025-10-01,186.79249572753906,187.69033860903804,183.46046686832446,184.7972757932568,173844900
2025-10-02,188.43853759765625,190.59337868298996,187.6105195355423,189.146847340247,136805800
2025-10-03,187.17156982421875,189.90502650703218,184.93693332773543,188.73782471792558,137596900
2025-10-06,185.09654235839844,186.78250559975277,182.8918329061041,185.0566446584491,157678100
2025-10-07,184.59774780273438,188.60814426716868,183.56024009999027,185.78490613895232,140088000
2025-10-08,188.6580047607422,189.14683908131633,186.09414006589398,186.12408236678675,130168900
2025-10-09,192.1097412109375,194.83321191134357,190.60334055524348,191.77054228398893,182997200
2025-10-10,182.7222442626953,195.15245586263575,181.61489659616785,193.04749823427522,268774400
2025-10-13,187.86990356445312,189.65561858658472,185.51554359294212,187.52073401073042,153482800
2025-10-14,179.59971618652344,184.35831986008523,179.2705030798172,184.32839277968645,205641400
2025-10-15,179.4001922607422,184.42813951825556,176.86625456034105,184.35831474003746,214450500
2025-10-16,181.3754425048828,182.84193018690272,179.34032512988762,181.79443681084305,179723300
2025-10-17,182.78207397460938,183.65997549473053,179.32036665232565,179.74933157181889,173135200
2025-10-20,182.20347595214844,184.75735492260156,181.2956472677441,182.69231029505525,128544700
2025-10-21,180.72702026367188,182.35311411361405,179.37027013728058,182.35311411361405,124240200
2025-10-22,179.84912109375,183.0015721983185,176.33752979723928,180.7070662621498,162249600
2025-10-23,181.72462463378906,182.59254038327154,179.3602787988416,179.988777912505,111363700
2025-10-24,185.81480407714844,187.0219186862977,183.06140638753934,183.40059008116805,131296700
2025-10-27,191.03231811523438,191.54109366524804,187.97961914819697,189.53590332097463,153452700
2025-10-28,200.5495147705078,202.66444286407344,191.45131745385083,192.58859211843296,297986200
2025-10-29,206.545166015625,211.6828666070652,204.29057291407037,207.482921843539,308829600
2025-10-30,202.4050750732422,205.66726375798942,200.9286166610889,204.65966800141675,178864400
2025-10-31,202.00604248046875,207.4729406961805,201.5870481318289,205.95656932325562,179802200
2025-11-03,206.38552856445312,210.83485992622803,205.068676268978,207.58265732795536,180267300
2025-11-04,198.21510314941406,203.48248192945988,197.4569099225941,202.51479915904252,188919300
2025-11-05,194.7434539794922,202.43501852267207,194.1847795950905,198.29494312899723,171350300
2025-11-06,187.6304931640625,197.14768599494536,185.93455918559198,195.9505570232203,223029800
2025-11-07,187.70030212402344,187.86990920765928,178.4823961188316,184.45806985353664,264942300
2025-11-10,198.5742645263672,199.46213677715232,193.32682642239038,194.6436788693004,198897100
2025-11-11,192.69833374023438,194.9529266552934,190.84277869998112,194.69355355890158,176483300
2025-11-12,193.33680725097656,195.4218083488666,190.673190567689,195.25221648764446,154935300
2025-11-13,186.41339111328125,190.9824463944715,183.41059072037282,190.59337913278358,207423100
2025-11-14,189.71546936035156,190.55345800755302,180.14839424900484,182.42294356130517,186591900
2025-11-17,186.15402221679688,188.54828000089623,183.87947275520656,185.52552307898492,173628900
2025-11-18,180.92652893066406,184.35830936263392,179.22060933347112,182.94170515591497,213598900
2025-11-19,186.07420349121094,187.41099710874653,182.39302051116815,184.3483273978252,247246400
2025-11-20,180.208251953125,195.53154064523628,179.42014682895694,195.4816571057099,343504800
2025-11-21,178.4524688720703,184.11888595894638,172.51667761994415,180.80682891210233,346926200
2025-11-24,182.1136932373047,183.06141961318156,176.0581937395723,179.0610093294625,256618300
2025-11-25,177.39498901367188,177.73417270583553,169.14475137656873,174.49194072660026,320600300
2025-11-26,179.82916259765625,182.47283807635972,177.81400147563977,181.19589856886267,183852000
2025-11-28,176.5769500732422,178.86147001761242,176.07814512953246,178.5821404669205,121332800
2025-12-01,179.48997497558594,179.8690716163194,173.2648835948944,174.3423041351479,188131000
2025-12-02,181.02630615234375,185.2162648499111,179.56978894419797,181.32557695606172,182632200
2025-12-03,179.1607666015625,182.01393165685582,178.68191808959097,180.6472109015755,165138000
2025-12-04,182.951904296875,184.08924235816875,179.53989011299373,181.1960032737075,167364900
2025-12-05,181.98416137695312,184.22890867632069,180.48766317737477,183.46070200471706,143971100
2025-12-08,185.11683654785156,187.56111397793046,181.9741810893209,182.213626289633,204378100
2025-12-09,184.53817749023438,185.2864265695677,182.89203560496765,185.12679644575,144719700
2025-12-10,183.35096740722656,185.0469957406681,181.61502392815055,184.53819180758595,162785400
2025-12-11,180.50759887695312,180.89670300875093,176.20766331092784,179.85912243695617,182136600
2025-12-12,174.6114044189453,182.39319766595756,174.21232912082112,180.68718311570447,204274900
2025-12-15,175.87843322753906,178.0034654802094,174.6213802569945,177.52459033283526,164775600
2025-12-16,177.30511474609375,178.07332144734244,174.4916907151964,175.8485164107673,148588100
2025-12-17,170.5409393310547,175.71882560019336,169.91240520818417,175.68889685369163,222775500
2025-12-18,173.73345947265625,175.7387615308714,171.41888356310693,174.1225483861358,176096000
2025-12-19,180.56747436523438,181.0263919449467,175.92832091222974,176.2575523358494,324925900
2025-12-22,183.26116943359375,183.73007341419415,181.9243013805983,183.49062822521734,129064400
2025-12-23,188.76828002929688,188.88799500778453,182.47299846788633,182.5428423541149,174873600
2025-12-24,188.169677734375,188.4689804086018,186.154389299292,187.50124372172942,65528500
2025-12-26,190.085205078125,192.240166195598,187.5611125998212,189.47662851874142,139740300
2025-12-29,187.7805938720703,188.31932652162573,185.47598909796272,187.2717899684254,120006100
2025-12-30,187.1021728515625,188.5487999407664,186.49359631469858,187.8005508490403,97687300
2025-12-31,186.0646209716797,190.11514057964584,186.0546497967401,189.12746144975497,120100500
2026-01-02,188.4091339111328,192.47959571470966,187.8204997023152,189.39681300359115,148240500
2026-01-05,187.6808319091797,193.1779786425506,185.7154296257417,191.31233377676458,183529700
2026-01-06,186.80288696289062,191.72137039337454,186.3838692947835,190.07522846701318,176862600
2026-01-07,188.66851806640625,190.9232365533545,186.12446806753155,188.12978540958392,153543200
2026-01-08,184.60801696777344,189.10749810453436,183.28113525242415,188.66852284990722,172457000
2026-01-09,184.42843627929688,185.9049768874807,183.2412119543349,184.64792389684447,131327500
2026-01-12,184.5082550048828,186.6831584288149,182.59273912358015,182.79226917353867,137968500
2026-01-13,185.376220703125,187.6708543554723,182.97184323887342,184.5681140987238,160128900
2026-01-14,182.71243286132812,184.02935843961012,180.3778995796448,183.88968589856495,159586100
2026-01-15,186.6133270263672,189.25713440169068,185.895006678512,186.06460797964908,206188600
2026-01-16,185.79522705078125,189.99540517049002,185.6455833269296,188.63857958929228,187967200
2026-01-20,177.65428161621094,181.95421697054311,177.19534884297914,181.47532662721457,223345300
2026-01-21,182.8920440673828,184.94723253133864,177.9835164834521,178.6320081827799,200381000
2026-01-22,184.40847778320312,185.7353746560278,183.5005985718231,184.31869154642928,139636600
2026-01-23,187.23187255859375,189.15737478680413,186.38386606278428,187.06227125943187,142748100
2026-01-26,186.03468322753906,188.6784906596197,185.55580805974404,186.7230748442759,124799600
2026-01-27,188.07989501953125,189.55643562401056,185.2664711415707,186.80288446054914,143711600
2026-01-28,191.07289123535156,191.9009553855833,189.3968053634026,190.82347487286611,148552700
2026-01-29,192.06057739257812,193.0283141326731,185.62563804704834,190.89331059974717,171764400
2026-01-30,190.68380737304688,194.0359639826301,189.0276790286862,190.76362243793778,179489500
2026-02-02,185.17669677734375,189.8557504766133,184.4484052141589,186.7629812920276,165794100
2026-02-03,179.91897583007812,185.8351396091497,175.81857039871747,185.8052108647954,204019600
2026-02-04,173.78334045410156,179.16075641282603,171.50866453387607,179.04104143486663,207014100
2026-02-05,171.47872924804688,176.40719862825284,170.6307075914073,174.5215964583249,206312900
2026-02-06,184.97714233398438,186.56342663955238,174.1923819783884,176.277498975506,231346200
2026-02-09,189.59634399414062,193.20790343822367,183.52056478242866,183.82983865020864,196387400
2026-02-10,188.09983825683594,192.0306425866914,187.6808205923615,190.93321971968697,136764800
2026-02-11,189.6063232421875,192.80882083578368,188.329312674443,192.00071425091673,144192700
2026-02-12,186.5035858154297,193.1580126884611,186.07458174632154,192.5793648877844,189932500
2026-02-13,182.3832244873047,187.0622780376601,181.16607138035295,187.04232046551596,161888000
2026-02-17,184.53817749023438,186.71308084037668,178.76168607280786,181.3256935584433,162276900
2026-02-18,187.5411376953125,189.92555739322245,186.3239846890322,188.3093443160685,164749100
2026-02-19,187.46133422851562,187.9900957055448,185.22657333636724,186.62329889395997,126554500
2026-02-20,189.3768768310547,189.88568076730476,185.50592973146237,186.13446388219373,178422300
2026-02-23,191.1028289794922,193.49722008283115,189.13742673270812,190.9531700210539,171584800
2026-02-24,192.39979553222656,193.31764595479845,186.96250644177093,191.04296985904048,175123600
2026-02-25,195.10345458984375,197.16862939564908,193.33758246616242,193.9960453222018,250637100
2026-02-26,184.45835876464844,193.8364076167612,183.88969739169633,193.81646526905493,360807900
2026-02-27,176.77635192871094,182.16373952566906,175.96824531148394,180.82687141264745,311636500
2026-03-02,182.0540008544922,183.0317240302905,174.23230678711255,174.60143816018197,209095300
2026-03-03,179.62965393066406,180.47766036606842,176.50695643346228,178.0732983803544,178099400
2026-03-04,182.61268615722656,184.26881453838726,179.63964723402094,180.01876499488523,177731200
2026-03-05,182.9119873046875,183.6303076754259,177.4647422536165,180.74705501791135,198779700
2026-03-06,177.40487670898438,182.3333312190456,176.40721126414203,179.42014994688597,189021900
2026-03-09,182.2235870361328,182.48298979408452,175.1501427003192,176.4171820751478,177213600
2026-03-10,184.33865356445312,186.00475307627937,181.5850871183009,181.97417604353973,179118500
2026-03-11,185.60574340820312,187.1921136401388,184.02934488988058,185.4860219488843,145280400
2026-03-12,182.72235107421875,184.51824924312825,181.33552155955923,183.63027948516628,155762700
2026-03-13,179.83892822265625,185.6656060713691,179.5296376335348,184.49827615888313,160988400
2026-03-16,182.8021697998047,188.44926587891726,180.9962999229416,182.55273992235968,217307400
2026-03-17,181.5150909423828,184.97717862722422,181.26566108165355,184.63795767039014,182497800
2026-03-18,179.98858642578125,182.96180140975886,179.91875397930713,182.06384475172882,156683100
2026-03-19,178.1527862548828,179.56954607641802,175.38909905828712,177.60403750119184,170968500
2026-03-20,172.30613708496094,177.85345450506617,171.32837633709812,177.59405294207926,241323500
2026-03-23,175.23944091796875,177.96321071223454,174.36144294367455,176.85574153065542,182836300
2026-03-24,174.80044555664062,175.81812366395545,173.58322660302642,174.4312942297872,147667800
2026-03-25,178.2725067138672,180.8067226806179,176.44669348987364,176.69612335614488,162602100
2026-03-26,170.8494873046875,176.10745794358192,170.74970926821888,175.66847416549638,186152200
2026-03-27,167.13795471191406,170.58008352629554,166.62910808502988,169.61229451028825,196212700
2026-03-30,164.79331970214844,169.0635577295173,163.89537828689438,168.3950875250076,185627000
2026-03-31,174.0022735595703,174.22177306603788,166.57925331681818,166.58922503111532,226181300
2026-04-01,175.3491973876953,176.96549806235143,174.3514779146501,175.59862725595661,168132000
2026-04-02,176.98544311523438,177.0852211444685,170.9791680862979,171.7873183615289,143143200
2026-04-06,177.23487854003906,177.3845303646084,175.35916114415525,176.75597747742694,107564300
2026-04-07,177.69383239746094,177.8235255680002,173.26395579650787,175.32922705160684,132534900
2026-04-08,181.66476440429688,184.83750503722598,179.8888249511496,184.079243714486,147732700
2026-04-09,183.49058532714844,183.6601958045732,180.20807985372045,181.42529878487736,116428500
2026-04-10,188.1998291015625,189.56669990817062,183.87970195572368,183.88967366981893,160459500
2026-04-13,188.87826538085938,189.2274732756209,185.3164148846483,185.605746824658,133648200
2026-04-14,196.0618438720703,196.0618438720703,190.33494396561244,190.40477641072036,161307000
2026-04-15,198.41647338867188,199.94298301571828,195.2936216855987,196.09178511161633,185338400
2026-04-16,197.8976593017578,199.39423847906178,195.36344336942167,196.97974400923295,134012900
2026-04-17,201.2200469970703,201.2400056483541,198.8155547450397,199.44410763257105,160324400
2026-04-20,201.59918212890625,201.70893187328167,197.38880498867078,199.52392392325544,119381400
2026-04-21,199.42417907714844,202.28762917830338,198.54618104306965,201.66904795828867,107945300
2026-04-22,202.03819274902344,202.03819274902344,198.54617460274403,200.53164182940822,107501000
2026-04-23,199.18470764160156,203.3651545152774,196.77022843278436,201.99828375930824,113561800
2026-04-24,207.79502868652344,210.46890943516505,199.35431566144254,199.50398270942756,214134400
2026-04-27,216.1160125732422,216.33551207209098,206.90706623150768,209.17187844164343,187172400
2026-04-28,212.68385314941406,214.2402930542568,207.72518626919629,209.01225288404052,180275400
2026-04-29,208.77279663085938,212.23488436877426,207.10660696252424,212.2149257168926,123711800
2026-04-30,199.11488342285156,209.82040915320695,198.24685712515335,209.45124259423534,225239200
2026-05-01,197.99742126464844,202.5370477944956,196.67045257290908,200.8209691272831,128647000
2026-05-04,198.02734375,201.2699318245734,194.29588290907526,199.04502180842945,125368100
2026-05-05,196.05186462402344,199.7833407086998,195.58293528206713,198.84548202478717,113406600
2026-05-06,207.3560333251953,207.7950323152332,198.15705885791613,199.43413852494058,188362800
2026-05-07,211.01766967773438,213.7115092245668,206.02907228582575,207.86487247229027,168307900
2026-05-08,214.709228515625,217.30330524675068,212.40449895841255,212.5441790763045,136421400
2026-05-11,218.93955993652344,221.79303819063418,213.40221390900197,213.55186573785767,160685800
2026-05-12,220.27650451660156,223.23973257586303,214.42986778297353,218.05159434962442,159176600
2026-05-13,225.3149871826172,227.32039781394542,221.0647077692387,224.41703053540263,150405400
2026-05-14,235.202392578125,236.00055597235212,228.77707677625682,229.32582552778115,180782900
2026-05-15,224.80616760253906,230.9720668751014,223.7286287034134,229.23602944473367,180977600
2026-05-18,221.81300354003906,229.4754818886306,217.8719993892805,229.34577348371204,146280900
2026-05-19,220.1068878173828,223.96805720569674,217.41304835521052,219.11914008419038,140948200
2026-05-20,222.9603729248047,225.61431038954527,219.9971448577806,222.6710257508039,184201600
2026-05-21,219.0093994140625,226.8814055684356,217.43300079554024,221.78305837384474,203381800
2026-05-22,214.83892822265625,220.50596731800164,214.3101381389001,220.39621757095847,169275700
2026-05-26,214.37001037597656,217.68243116855118,211.5165320236786,216.04617181279934,187202600
2026-05-27,212.1151580810547,213.66161102691768,208.30386252985457,213.63168066177133,167601200
2026-05-28,213.76138305664062,215.02849096688144,210.73829446983814,210.79815519844968,143996000
2026-05-29,210.6584930419922,217.36316924965476,210.64852132770383,214.09065053210412,289410600
2026-06-01,223.8483428955078,224.35717434911126,215.20808855445495,215.23801892090273,212850700
2026-06-02,222.3118438720703,231.75026086454594,220.84519513709748,226.66188583823322,193362900
2026-06-03,214.26025390625,222.31185725112735,214.02079575535723,221.2143597561905,160907000
2026-06-04,218.4156036376953,221.35231998810906,210.73419644348996,213.67091279390368,169022200
2026-06-05,204.87075805664062,214.62982678346356,204.10161444712602,214.2902104723603,219655500
2026-06-08,208.40679931640625,210.23475572682116,205.76975069388217,209.94507132882276,138372800
2026-06-09,207.95730590820312,211.16370951624515,199.11719156565087,210.3845825512031,180962500
2026-06-10,200.19598388671875,206.98838641050182,199.696542748819,204.20149632565034,161746600
2026-06-11,204.64100646972656,205.43013200106668,199.31696212361035,201.26479475008583,158643200
2026-06-12,204.96066284179688,206.83856645475237,203.21261880599855,204.6310298517525,112001800
2026-06-15,212.21253967285156,212.47225882321928,208.10713284720606,208.68648640498938,149936700
2026-06-16,207.1781768798828,211.25361840198772,207.05830064217733,210.94395209283806,125694100
2026-06-17,204.42124938964844,208.9761653200819,202.8530121596522,208.29691745433288,128363500
2026-06-18,210.4545135498047,211.1537281092123,206.26919428756833,207.09826842291386,241272000
2026-06-22,208.41677856445312,213.7508214450341,207.48782537372824,211.2036686200953,122041400
2026-06-23,199.81640625,203.54224815949766,199.77645766483005,201.94403040148535,153496200
2026-06-24,198.77757263183594,201.44458647582786,196.36027935647695,199.89631590195674,151810700
2026-06-25,195.52122497558594,200.5755669254449,191.9152592982058,199.85637045714446,149550000
2026-06-26,192.31480407714844,195.33143282930595,191.0062707295152,192.90414096411192,179304100
2026-06-29,194.7520751953125,195.96071419295149,189.58785574691487,193.63333194293918,148835700
2026-06-30,199.86634826660156,200.4057532237791,194.89191886651452,197.0195429632178,166476700
2026-07-01,197.35916137695312,199.62662840490702,193.23377271109229,195.98069896251877,146147600
2026-07-02,194.61224365234375,199.8363939026278,192.1350197738411,196.9196593659626,142068700
2026-07-06,195.33143615722656,197.32920075051607,193.77318221313826,194.20269428466304,108999000
2026-07-07,196.7098846435547,198.18824142626735,190.92636281467173,192.15498377986222,124154600
2026-07-08,203.891845703125,204.93069180759116,194.84197470333905,194.9618356993413,147419100
2026-07-09,202.5533447265625,204.36131918975943,198.73762239526957,204.23147485952867,132037400
2026-07-10,210.72421264648438,210.7641612313501,201.69430829342895,201.7742207048944,148421000
2026-07-13,203.30250549316406,210.33464515051216,202.77309911383117,208.3069001369788,121411000
2026-07-14,211.5632781982422,212.31243993744155,203.57221964678251,207.96729575339148,124379600
2026-07-15,212.26248168945312,213.57101502024952,205.80969553973085,211.7230919717581,124797200
2026-07-16,207.16818237304688,210.84407715298516,205.61992700554663,209.93509060438328,122986100
2026-07-17,202.58331298828125,206.41901728963356,197.74872640584337,202.41350482950477,144281900
2026-07-20,203.05279541015625,207.50781723343968,202.05391309694542,205.63989694335598,88701500
2026-07-21,207.0583038330078,208.4167843613107,203.78197113093626,207.30802440628602,108685600
2026-07-22,211.82298278808594,214.15038042761168,204.72092886821054,205.57996827489498,137645600
2026-07-23,208.5266571044922,210.63429930291466,205.72979894313582,209.22588688656515,110505300
2026-07-24,206.6088104248047,211.6731509810223,204.5810805834776,207.21812923496972,114836800
2026-07-27,196.2903594970703,208.51668459839084,195.22156333884286,207.96729627325774,154353700
2026-07-28,196.789794921875,198.47790843456414,192.52457850774027,194.78204700134697,134111500
2026-07-29,189.79762268066406,196.84974460884015,189.79762268066406,195.63110696844683,147680800
2026-07-30,194.82199096679688,197.02952748682713,191.3059363552755,193.23377181769484,129010200
2026-07-31,200.52561950683594,201.77422236802423,194.73209918257555,198.2182038580375,139961200
2026-08-03,206.40904235839844,208.50670133078404,196.62999113475112,197.46904862701152,128406900
2026-08-04,211.70310974121094,212.82185300096492,208.8163406042335,211.06382570110384,134922000
2026-08-05,218.9749755859375,221.9716224388697,216.15812022814887,216.6176127852948,158187400
2026-08-06,218.7452392578125,223.38005249670454,216.75745800384053,221.28239358061882,113940600
2026-08-07,223.70968627929688,224.50877992471257,220.41337164588714,221.29237770419127,105669400
2026-08-10,217.3068389892578,223.88946943306019,216.5277120448001,223.15029107269072,115846600
2026-08-11,217.25689697265625,221.9516406634887,215.95834695389817,221.92167541427946,101273100
2026-08-12,223.8395233154297,224.84840415873398,219.95387191061064,220.7929293559802,108783600
2026-08-13,225.04818725585938,226.97602279610956,223.45996804263754,224.80845001468583,98867200
2026-08-14,224.90834045410156,227.23573802273873,224.24907448357243,226.51654155338588,75680900
2026-08-17,224.7584991455078,227.66525027466162,224.60867289832842,225.72741618855906,93678700
2026-08-18,219.49440002441406,221.39227027986857,218.44557057093272,220.20359791537197,103128200
2026-08-19,217.31683349609375,222.62089613745684,216.51772459764655,221.4222404106533,96797300
2026-08-20,216.60763549804688,219.6142657707553,215.41896310784705,218.1159423024499,92457000
2026-08-21,214.48001098632812,218.49552214328025,214.26025565862156,218.17587248780362,98869300
2026-08-24,208.24697875976562,215.34903256074918,207.01835779182306,215.28910206110334,135187300
2026-08-25,212.81187438964844,214.48998931653267,209.87515802586688,210.79412790131315,122309000
2026-08-26,209.4256591796875,213.3612577394914,208.99613188036045,212.40232405945306,179900000
2026-08-27,227.7251739501953,230.21239627098788,220.6530857022795,222.61090164325523,298909800
2026-08-28,217.3068389892578,229.00374173344596,216.56766062888835,227.10587153371227,195116400
2026-08-31,220.53323364257812,221.05265670783686,215.96834944345454,218.62536478578363,124702700
2026-09-01,217.1969757080078,220.1636574397174,214.8595947199138,216.50774446342592,109756200
2026-09-02,224.1591796875,227.6952163087265,218.23579974693772,218.5454508199983,157104700
2026-09-03,228.1946563720703,230.14247379152744,224.49879494304554,225.76737972053164,134681600
2026-09-04,230.10252380371094,234.49759976142684,229.37334400327853,230.83170360414334,135352400
2026-09-08,225.47769165039062,233.44878317831424,224.59868561283858,232.84944771666764,122965600
2026-09-09,223.4199981689453,225.92718720955042,223.21024142511232,225.0281992525124,82955500
2026-09-10,218.36000061035156,220.99000549316406,217.1999969482422,220.52999877929688,105768000
2026-09-11,218.2899932861328,222.0,218.14999389648438,221.24000549316406,89060100
2026-09-14,210.9600067138672,212.77000427246094,208.92999267578125,211.24000549316406,132267200
2026-09-15,212.1699981689453,213.94000244140625,211.16000366210938,213.3800048828125,88059700
2026-09-16,213.89999389648438,216.75999450683594,212.5,214.13999938964844,96563600
2026-09-17,219.33999633789062,219.91000366210938,217.14999389648438,218.3800048828125,94191300
2026-09-18,222.27000427246094,222.72999572753906,218.02999877929688,219.35000610351562,190287400
2026-09-21,227.3800048828125,228.5,221.55999755859375,222.94000244140625,109806100
2026-09-22,228.8699951171875,229.97999572753906,226.5,226.85000610351562,95746700
2026-09-23,225.50999450683594,228.9499969482422,224.02000427246094,228.02999877929688,89547300
2026-09-24,224.5800018310547,224.94000244140625,221.08999633789062,222.0800018310547,77469900
2026-09-25,225.07000732421875,226.94000244140625,223.1300048828125,225.1300048828125,89808400
