Date,Close,High,Low,Open,Volume
2017-09-01,48.839454650878906,48.95570365371879,47.92821585772006,47.99571547246058,64575820
2017-09-04,48.49070358276367,48.87695101222936,48.11195744449408,48.8244509826132,25309449
2017-09-05,48.90695571899414,49.08320304998802,48.54320911893588,48.57320828128558,33260503
2017-09-06,48.97444915771485,49.20694413805587,48.4119544243984,48.531954061578666,28617289
2017-09-07,48.95945739746094,49.27445161562201,48.77195812210479,49.27445161562201,26286330
2017-09-08,49.15444564819336,49.77693868010254,48.88819786874675,49.05694688430005,49460121
2017-09-11,49.69444274902344,49.78819087361668,48.94445174643975,49.27444550535822,33680335
2017-09-12,51.216922760009766,51.97441501158352,50.58692843121688,50.62442888012374,108238379
2017-09-13,50.973182678222656,51.28442923885088,50.67318505260633,51.130679780065705,24700131
2017-09-14,50.826934814453125,51.2731806095614,50.4069405384213,50.961934047077335,20005664
2017-09-15,50.920677185058594,51.10442579696147,50.36568670939177,50.69943412687007,34026916
2017-09-18,50.46693801879883,51.22443036372396,50.33193878843216,50.69943602600386,24070103
2017-09-19,50.729434967041016,51.10067984601578,50.47443909116322,50.52693612237166,38928081
2017-09-20,51.57316970825195,51.88441021342755,50.583179503282445,50.71442506528392,92165763
2017-09-21,51.531925201416016,52.21817031383211,51.08943304605968,52.03442168816702,64366580
2017-09-22,49.04945373535156,51.299426969257695,48.824457012544784,51.299426969257695,46381421
2017-09-25,47.98070907592773,49.13944836633294,46.73197531121855,49.12444578387698,74144046
2017-09-26,49.05694580078125,49.274441190558704,47.91320917155653,48.18695523291557,41446259
2017-09-27,48.70069885253906,49.49944219454649,48.22820460973895,49.49944219454649,52058583
2017-09-28,48.726959228515625,49.23695401277674,48.19821421648414,48.96695553755411,69053825
2017-09-29,48.94070053100586,49.27444493172326,48.75320128108329,49.10944955564428,29796912
2017-10-03,49.55944061279297,49.941937382955935,49.23694516129242,49.23694516129242,29913418
2017-10-04,49.42444610595703,49.6906939125313,49.083200397561335,49.52944617142601,29226912
2017-10-05,49.57444763183594,49.900693777763,49.30819981065712,49.3494509111109,16296360
2017-10-06,51.85816955566406,52.03441687286497,49.87819196342432,49.89319154342531,99343423
2017-10-09,52.29317092895508,52.82941421861965,51.86942299761487,51.97442306966573,58978544
2017-10-10,51.809417724609375,52.810656909202834,51.38192220746076,52.57065763467662,44061515
2017-10-11,51.17192077636719,52.40940555521093,50.49693071677172,52.08691010432073,43999504
2017-10-12,51.86942672729492,52.03442513642813,51.10443301116117,51.5994282385608,47487845
2017-10-13,53.31314849853516,53.80814363490511,52.12441304503894,52.31566294036119,101064329
2017-10-16,53.62064743041992,53.96189312225775,53.37315286495863,53.48940185933046,44220488
2017-10-17,53.43689727783203,53.86439279238159,53.133152045346165,53.62064587670312,29402091
2017-10-18,53.21940231323242,53.83439407429453,53.03190006437883,53.68814592369127,35701544
2017-10-19,52.91190719604492,53.32440616704688,52.71690964802734,53.1631554227225,4307990
2017-10-23,53.39939498901367,53.57564229075357,52.9269037560524,52.994403361595054,28548854
2017-10-24,53.9468994140625,54.6218895423518,53.5531506681819,53.751901865500834,47809675
2017-10-25,53.81938934326172,54.50188669133183,53.21189889757589,54.15313972939328,33219096
2017-10-26,54.68938827514648,54.95938672444984,53.684401387652535,53.82689589802204,59475816
2017-10-27,54.509395599365234,55.105643266588686,54.19440136448404,54.96689037213208,29148327
2017-10-30,53.86814498901367,55.12438612891036,53.48565118265233,54.741886316711,52971878
2017-10-31,52.7844123840332,54.73439398540998,52.28941719304922,54.29939711954435,142174315
2017-11-01,53.046905517578125,53.77439866732511,52.76941178359666,53.51564915340589,57294888
2017-11-02,52.956912994384766,53.170660784986325,52.31191597354593,53.170660784986325,33414711
2017-11-03,53.16690826416016,53.47815484283944,52.773165486717,53.09940864433582,34506786
2017-11-06,53.00940704345703,53.69565212416135,52.44691225714296,52.87066017128992,41384185
2017-11-07,51.98941421508789,53.48564856939875,51.47567485544533,53.2419016450231,46784135
2017-11-08,51.98566818237305,52.53691401572784,51.30317677298401,52.13941763308812,37686385
2017-11-09,52.75440216064453,52.87815243390383,52.011912532762906,52.424405435844456,26681686
2017-11-10,52.66815948486328,53.15190570486956,52.17691797914985,52.544409194802576,30366996
2017-11-13,51.82817459106445,52.83316154707785,51.5319246040368,52.761914287035495,33991271
2017-11-14,51.411922454833984,52.131914287822845,51.12692743931188,51.71192005288562,38746541
2017-11-15,50.8306770324707,51.111924402781085,50.19318439446262,50.92442815785338,45112424
2017-11-16,51.47567367553711,51.71191930316967,50.71442775454735,51.216924174436514,25878074
2017-11-17,52.58940887451172,53.196899354901554,52.04941199786506,52.04941199786506,42330659
2017-11-20,52.66065979003906,53.09190899398168,51.76067294080562,52.34191795100777,34524451
2017-11-21,53.35065078735352,53.88689403543881,52.649409154792906,52.79190967051546,38387418
2017-11-22,53.32815170288086,53.77439745994418,52.9719034246148,53.508146660475376,23847964
2017-11-23,53.451904296875,53.73689932828566,53.03565768144544,53.50440132697975,38658332
2017-11-24,53.13315200805664,53.45939510765694,52.74315694324479,53.40315043933793,20206969
2017-11-27,52.69065856933594,53.17440480050318,52.42816140590601,53.17440480050318,19579324
2017-11-28,52.78815841674805,53.46690221134945,52.28566795483257,52.6344149655119,26703906
2017-11-29,53.1968994140625,53.32440334795295,52.664409833912,52.664409833912,32084900
2017-11-30,52.060665130615234,53.02440385066539,51.74941860997311,52.87440205420896,41880828
2017-12-01,51.066925048828125,52.341916390288254,50.77442873096504,52.116913678850885,41374256
2017-12-04,51.58442687988281,51.966920699592855,51.03692866048816,51.38192803209341,24375802
2017-12-05,50.67693328857422,51.41567542332714,50.32443862683217,51.374427325854846,34943035
2017-12-06,50.069435119628906,50.358180766722775,49.55193913804361,50.02443338006936,44777053
2017-12-07,51.599422454833984,51.74942426768996,50.2494391712398,50.2494391712398,42212179
2017-12-08,52.33441162109375,53.538149621607936,51.38566946959184,51.68191941646235,78807287
2017-12-11,52.46566009521485,52.99065440442891,52.09816287759743,52.405661775162585,23169687
2017-12-12,51.73817443847656,53.10690492209694,51.45692705007174,52.40941091838594,41775280
2017-12-13,51.06317901611328,51.98566974224588,50.68818049106433,51.89191860952412,38435395
2017-12-14,51.43067169189453,51.65566838465078,50.33193373827916,51.37442101724608,32998436
2017-12-15,52.10192108154297,52.56316346237947,51.82817496872213,52.19941986161172,33150073
2017-12-18,52.85190582275391,53.60939810195707,50.54942982609221,51.68192060220454,53465226
2017-12-19,53.264404296875,53.39940352955168,52.88941176685159,53.17440681036997,21360971
2017-12-20,52.70940399169922,53.766893840755856,51.89566706331826,53.766893840755856,77547988
2017-12-21,53.59439849853516,53.79314969487095,52.574409016551165,52.70940824270884,50398659
2017-12-22,53.33940124511719,53.75939549013045,53.0319023484236,53.75939549013045,34876783
2017-12-26,54.12314224243164,54.374384443111246,53.39939678125752,53.54939857898117,63096450
2017-12-27,54.25814437866211,54.71938671864764,53.8418977757457,54.1306404413987,37906729
2017-12-28,55.21813201904297,55.46187895870203,54.34439067925043,54.37814348942374,121467439
2017-12-29,54.92938995361328,55.86312362070402,54.74938897763464,55.34938422311256,29562261
2018-01-01,54.16440200805664,55.15439246538185,53.96190314098938,54.93689101297383,19249201
2018-01-02,54.69689178466797,54.84313994966469,53.64314946225128,54.29939538615015,25896915
2018-01-03,55.12062454223633,55.31187442079416,54.843130842045205,54.89937550705884,27654851
2018-01-04,57.01810836791992,57.25810765044923,54.89938093637099,55.236878989015686,84839667
2018-01-05,57.801856994628906,58.26685301572806,57.18686516309692,57.29936051946198,74902157
2018-01-08,57.65559768676758,58.33808900257955,57.37435034144155,58.33058771204778,27125386
2018-01-09,57.92184829711914,58.563091588483125,57.524351928860966,57.74934862666343,33564228
2018-01-10,57.96310043334961,58.27434698808923,57.21686303524243,57.84310378770864,31392536
2018-01-11,57.82059860229492,58.34183922095568,57.625601074881565,57.96309309950476,20307574
2018-01-12,57.76809310913086,58.25934055506992,57.00310561381889,57.83934636053523,22775863
2018-01-15,58.761837005615234,59.47433355832761,57.82434976003479,57.8993506615493,43786108
2018-01-16,57.430606842041016,58.705592134231786,57.00685895694079,58.705592134231786,29298001
2018-01-17,58.049346923828125,58.34559688368133,56.77436161705503,57.599353522811214,31364071
2018-01-18,56.38061141967773,58.48808363841423,55.96436487628133,58.12434012187473,48458449
2018-01-19,56.47436141967773,57.14935749602772,55.68687000116109,56.43686697618051,33776091
2018-01-22,56.41436767578125,56.72936787222296,56.05062409825848,56.3993710983343,37845999
2018-01-23,58.4806022644043,59.03184213666407,56.3993750582064,56.3993750582064,84355326
2018-01-24,57.1568603515625,58.544340979900376,56.78560949648936,58.536839688660606,51799508
2018-01-25,57.68561172485352,57.98185572183133,56.86812099192095,57.37436514294178,88142731
2018-01-29,58.735595703125,59.384340334864646,57.76060793693002,57.824353903114535,68308614
2018-01-30,58.18810272216797,58.791845600569125,57.84310335974556,58.54434501346816,63179831
2018-01-31,55.50133895874024,58.874481997599744,55.23762860539669,57.89835910665317,129589020
2018-02-01,54.84796142578125,56.10747560943637,53.65535827624435,55.73355818073463,74039310
2018-02-02,52.77763366699219,54.552767157524265,52.43127099061154,54.47404263459251,65009260
2018-02-05,52.27382659912109,53.09644619228457,51.20717780752425,52.03373122439746,46987220
2018-02-06,52.30925369262695,53.45069328315317,49.79416177816631,50.45934139758451,67045570
2018-02-07,52.096710205078125,53.7025931912408,51.71885291181247,52.58477462433003,67895210
2018-02-08,52.85634994506836,53.29324460314592,51.48269476333082,51.95894567536922,58455900
2018-02-09,53.94662094116211,54.31660457091251,51.96682054487775,52.24627818197787,91402880
2018-02-12,56.13503646850586,56.43417528052674,54.89913697135492,56.3633244018444,120363070
2018-02-14,55.73356246948242,56.71755893959449,55.46197848279744,56.623093116362114,48859510
2018-02-15,55.147098541259766,56.611285772706864,54.887322031136414,55.997272934842826,51312450
2018-02-16,54.29692840576172,55.8516417529621,53.81280378499324,55.73356697168075,50127600
2018-02-19,51.07728958129883,54.584248376544735,50.30189989560458,54.584248376544735,176587080
2018-02-20,51.2701530456543,52.07309757753894,51.022190004022505,51.54567687877126,102144780
2018-02-21,50.45540237426758,51.60470949448238,49.82957907745686,51.55353975777906,103075390
2018-02-22,50.18775939941406,50.99463474490694,49.817775746572806,50.40817666210968,89506310
2018-02-23,53.35228729248047,54.03321113602464,50.301898379107726,50.447527927942666,218662140
2018-02-26,53.54514694213867,54.52520954577152,52.994111345219146,53.52940564187136,91997750
2018-02-27,52.879974365234375,54.07257764396037,52.67923523529724,53.63961678119205,68053760
2018-02-28,52.86816787719727,53.13581204767213,51.955016224390526,52.258088834000816,71126500
2018-03-01,53.13974380493164,53.92300716601407,52.74614521247898,52.84848469025293,71283990
2018-03-05,51.63226318359375,52.68711058973636,51.30951544388801,52.68317676570712,97854660
2018-03-06,51.935333251953125,53.05709164664445,51.68343039214877,52.3368054992731,84149600
2018-03-07,50.986759185791016,52.06522149464043,50.74666380339833,51.718852810313166,51305770
2018-03-08,50.05787658691406,52.02980667052638,49.80597369034348,51.71099272394286,71261050
2018-03-09,47.76319122314453,50.911983139041205,47.349914480067696,50.38455643168041,180963670
2018-03-12,49.034515380859375,49.31003320571608,47.73563877129133,48.36933277138082,121935810
2018-03-13,49.502891540527344,49.8453233824096,48.36145807342411,49.04238192769586,104904050
2018-03-14,48.84952163696289,49.66427060468136,48.696018425865134,49.12110562717537,86551810
2018-03-15,48.15678787231445,49.010896109408655,47.98754035503099,48.80622615970072,75109510
2018-03-16,47.24757385253906,48.32603311975742,46.79099805883096,48.1567856104234,117395820
2018-03-19,45.25990295410156,47.381399204472544,45.09459225994984,47.23183281494276,125423170
2018-03-20,46.6807861328125,47.302672545239474,44.7482188675091,44.94895196033214,176450350
2018-03-21,45.83455276489258,47.36565097831278,45.696793864504926,47.14917356425184,119394510
2018-03-22,45.72828674316406,46.24389996260689,45.02768169609605,45.86998248334851,114862450
2018-03-23,44.59471893310547,44.77577391394402,43.57136025448592,44.08697642029096,141335500
2018-03-26,45.77944946289063,46.31474376706018,44.146017773067896,44.78364554500602,109299980
2018-03-27,46.44463348388672,47.15311214497798,46.25177101616924,46.48005591548182,100381680
2018-03-28,44.95289611816406,45.89359653972591,44.50025712382935,45.740093324687386,186550570
2018-04-02,45.56296920776367,45.6810469715799,44.7206685469496,45.11426709884099,68893450
2018-04-03,45.63382339477539,46.08645938987777,44.74035287645951,44.885985441903344,105083170
2018-04-04,44.12633895874024,46.48399371442506,43.89018040107674,45.90146947238304,139098930
2018-04-05,45.69285583496094,45.94082485204908,44.830877022132746,45.17330585080688,132621680
2018-04-06,46.22421646118164,46.43676004675442,45.10639497441949,45.25202752460419,85202010
2018-04-09,46.141563415527344,46.897271977612334,45.92508299272852,46.405273746632176,94892210
2018-04-10,47.38139343261719,47.59393701474331,46.62568492033676,46.680788478341455,108507100
2018-04-11,47.86552429199219,48.089875365934326,47.259382109096826,47.86158746531421,87247160
2018-04-12,47.10587692260742,47.92062584143749,46.97205184744622,47.77499328965711,66284990
2018-04-13,46.76344680786133,47.60181371371674,46.47612152315283,47.231830083792985,67161460
2018-04-16,46.57059097290039,46.97993391892293,46.06284836686048,46.5233580550411,51458130
2018-04-17,46.9208869934082,47.59394021392302,46.59813627357796,46.83823165084521,64003780
2018-04-18,47.35778045654297,47.61755695762315,46.80674185057919,47.30661372280846,42591350
2018-04-19,48.95972442626953,49.16046053181798,47.70808089076988,47.70808089076988,108170080
2018-04-20,47.71989059448242,48.723568166154855,47.43649913881403,48.723568166154855,63462740
2018-04-23,47.75138473510742,48.09775044166447,47.23970532497345,47.8852098282012,45911610
2018-04-24,47.038970947265625,47.37352916678456,46.397403288023874,46.79493872684568,59530460
2018-04-25,46.1454963684082,47.11374850835387,45.99592999006368,47.07438925120204,41224430
2018-04-26,45.51573944091797,46.56664692627655,45.39765866603592,46.28719229550248,74630620
2018-04-27,46.42889404296875,46.81855584592287,45.75584074589556,45.88966283871888,47174050
2018-04-30,46.83429718017578,47.223961961327696,46.12975531669433,46.57452366232688,36587540
2018-05-02,45.2244758605957,47.02715801463698,45.10245826307916,47.00354005867833,42410680
2018-05-03,46.08646011352539,46.23996633514359,44.7206754500897,45.18512193313082,67789040
2018-05-04,45.71648406982422,46.42889666962462,45.598403272954585,46.18486442412311,38816320
2018-05-07,46.95237350463867,47.070451273205855,45.736152368841005,46.12581711299336,45535090
2018-05-08,46.94449996948242,47.56244960224991,46.48399036478512,47.23182824592941,41259580
2018-05-09,47.47979736328125,47.92849952068131,46.64537026498869,46.71228130533876,62382110
2018-05-10,46.77132034301758,47.767124277634814,46.53516179377901,47.53883637877268,40012690
2018-05-11,47.802547454833984,48.06232396509436,46.53909634391406,46.99567214876481,61555370
2018-05-14,48.04658126831055,48.40869126176869,47.412887278299294,47.87733374918483,51731390
2018-05-15,49.27461242675781,50.12872071540969,47.66479250199024,47.94031333901673,128184360
2018-05-16,48.90462493896485,49.7902217688455,48.5661299104214,49.27854239930243,84263010
2018-05-17,48.04264068603516,49.65639723184531,47.40107609541166,49.58948319245855,160373410
2018-05-18,46.55484008789063,48.54644796425696,46.47218474550708,48.41262588694615,82166290
2018-05-21,45.42127227783203,47.2908653494692,45.24415113245211,46.64142715557995,71622330
2018-05-22,45.4055290222168,45.93294963844291,44.83087549888382,45.50786548615568,60966460
2018-05-23,42.5125846862793,45.34255651568477,42.30397791336151,45.34255651568477,171483860
2018-05-24,43.15415573120117,43.602857951816176,42.23707015631005,42.81566065208187,87008220
2018-05-25,44.73247909545898,44.93321521152823,43.45328371395133,43.61072374610527,88956190
2018-05-28,45.39372634887695,45.61414059952512,44.48451155911537,44.94895801792325,52356670
2018-05-29,45.29138946533203,46.287193413918494,44.81907236022917,45.25990085754679,64779110
2018-05-30,45.49211883544922,45.77551025762425,44.67736999815525,44.71672925058657,62018880
2018-05-31,45.31500244140625,46.23208783341158,45.0316139924677,45.97231433782155,66525100
2018-06-01,44.13420867919922,45.625947691037474,43.79177982882602,44.870239121274444,92496660
2018-06-04,44.56716537475586,45.06703421462956,44.10665278658907,44.4018517006587,87425270
2018-06-05,45.03554916381836,45.25596641236962,44.13027422431472,44.6183356266088,46882040
2018-06-06,45.63775634765625,45.79125956101515,44.80726306362784,45.22054279369811,44453050
2018-06-07,47.39714050292969,47.53883623262099,45.80700187199758,45.82274617562093,92793530
2018-06-08,47.27119064331055,47.87733283976071,46.60207423319903,47.15311286660091,83860780
2018-06-11,46.33835983276367,47.66478505931739,46.14943120250543,47.31448258082825,51511010
2018-06-12,45.65743637084961,46.34623390230639,45.4370221217175,46.204538169887485,85889350
2018-06-13,44.68130874633789,45.956570286690805,44.55535732292365,45.62594592340415,90600320
2018-06-14,44.83481597900391,45.248092688923926,44.16175976028482,44.63407986108911,74825140
2018-06-15,44.55535888671875,45.24809324126996,44.24048181859104,44.96470177791179,62087640
2018-06-18,43.964962005615234,44.35462677805455,43.083301990719086,44.31920134286962,105669650
2018-06-19,43.6894416809082,44.52387173820695,43.25254702386562,43.92560022454557,94521900
2018-06-20,44.3388786315918,44.54748538908694,43.55561833364556,43.787840043938274,66107030
2018-06-21,43.90591812133789,44.78757800576662,43.77602988307889,44.78757800576662,84651980
2018-06-22,44.22867584228516,44.445153270921566,43.77603685089047,44.1145318877304,62478450
2018-06-25,43.97283172607422,44.4608931010156,43.79571057182995,44.06729453991994,38992610
2018-06-26,43.25648498535156,44.07517076083205,42.37088817128671,43.95315315779827,102075820
2018-06-27,42.76054763793945,43.49264120524771,42.4377969364426,43.429663993775776,56541500
2018-06-28,43.17383193969727,43.80752593392668,42.82352942151071,42.90224794133636,86559780
2018-06-29,44.693119049072266,44.85449290206476,43.37849825715377,43.44934612022625,94773840
2018-07-02,44.12239837646485,46.16911270881958,43.78784019800764,45.33861949943736,157630480
2018-07-03,44.55535888671875,45.059167600977126,43.56742859457483,44.23654499190026,112361770
2018-07-04,44.95683670043945,45.13789171271379,44.04762481188898,44.66557455051285,68629470
2018-07-05,44.331878662109375,45.26931251615024,44.2277183261812,45.26931251615024,60136530
2018-07-06,44.347900390625,45.209219777597966,43.77502312919066,44.0674722443722,66147830
2018-07-09,44.51615905761719,45.32940371485535,44.4480524613919,45.16515076502155,74437510
2018-07-10,45.5617561340332,45.75004183490103,44.62031234750806,44.78857227183764,100049050
2018-07-11,44.52416610717773,45.3253927825726,44.39997695055144,45.3253927825726,61112450
2018-07-12,44.48411178588867,45.501670176837656,44.319858826707126,44.86870027864742,84439880
2018-07-13,44.75652313232422,45.02894032759853,44.30783508821438,44.81661574501244,55791290
2018-07-16,41.60369491577149,44.86068333924798,41.42742712383676,44.844658438810775,111598850
2018-07-17,42.6533088684082,42.92171911085813,41.102933921672,41.82403925886039,107927060
2018-07-18,40.401851654052734,43.02186306510207,40.14145239157574,42.94574555823296,164512090
2018-07-19,39.95317459106445,41.13498286489355,39.50047950581332,40.70231967164803,168086510
2018-07-20,40.31772994995117,40.522043627685086,39.66072425727495,39.98121618091884,72614090
2018-07-23,41.4154052734375,41.62372591824364,39.92512624178912,40.54206808506678,68781340
2018-07-24,42.25669860839844,42.43296640863278,41.3432975790937,41.3432975790937,83983690
2018-07-25,42.94575500488281,43.10600097522802,42.38489869333107,42.54514160723861,67826380
2018-07-26,42.85361099243164,43.26223526892734,42.57317981059896,43.021867867668846,74811910
2018-07-27,44.08349609375,44.35190632110172,42.96979140174585,43.10599848197658,64628850
2018-07-30,44.307838439941406,44.748512538928345,43.855146428795166,44.02340331190041,47877070
2018-07-31,45.113075256347656,45.26130331478953,43.550682383749866,44.22371301857179,63739660
2018-08-01,44.53218078613281,45.4776254660506,44.17162816524534,45.097044011825474,60679920
2018-08-02,44.41199493408203,44.94080441844756,43.314315242803325,44.28379878806727,94930990
2018-08-03,44.42401123046875,44.86869226438972,44.11954424858657,44.580250182231566,55706900
2018-08-06,44.32786178588867,45.26129149852815,44.167615856301786,44.788567687287134,55438810
2018-08-07,45.922306060791016,46.2067411653994,44.35991648004598,44.6563694958236,92858540
2018-08-08,46.27083969116211,46.77160635448637,45.95435479316871,46.33093230204845,90084310
2018-08-09,46.94788360595703,47.08809767953822,46.134638922748536,46.4711526993434,57576870
2018-08-10,46.20673751831055,46.951878516361525,45.88624870549058,46.94787458391263,57254930
2018-08-13,45.57377624511719,46.64341317234464,45.34943068732685,46.06652896150855,78568310
2018-08-14,46.387020111083984,47.03200784837331,45.0730088135923,47.03200784837331,240305600
2018-08-16,45.4736213684082,46.20674146237845,45.12909364930208,45.66992105045422,79071710
2018-08-17,46.48316955566406,46.88778992146519,45.8141459508945,45.82616386315159,87432140
2018-08-20,48.02552032470703,48.21781604961942,46.703498295517925,46.71150921652238,116623180
2018-08-21,46.64341354370117,48.269902804334514,46.515217390987765,48.25387790319067,108737070
2018-08-23,45.8021240234375,46.86374998868467,45.68193879852754,46.86374998868467,66768300
2018-08-24,46.11861038208008,46.419070397379954,45.52970826306234,45.69796513808532,60602690
2018-08-27,46.56729507446289,47.03200802881285,46.39102727836232,46.62338069909998,53919460
2018-08-28,47.3004150390625,47.58485013230984,46.31891361790706,46.67145224268466,90212970
2018-08-29,47.608882904052734,48.221823817873805,46.91582360958136,47.29640502040096,98855320
2018-08-30,48.74262619018555,48.87482933093714,47.35650434806424,47.456657686857135,102836570
2018-08-31,48.1136589050293,49.2353774185757,48.00148766496207,48.73060378183612,86333540
2018-09-03,48.133697509765625,48.8708246510252,47.91335893143397,48.31397230553699,54791330
2018-09-04,47.51675415039063,48.4341591748181,47.320454446258246,48.145717046700064,60995720
2018-09-05,47.62491607666016,47.83323673957761,46.56729702989637,47.27237741321804,57911570
2018-09-06,48.097633361816406,48.69855333108023,47.6329235082663,47.91335160468128,66897160
2018-09-07,49.607948303222656,49.8362977740744,47.83723815686789,48.257880310312125,94458360
2018-09-10,49.16727828979492,50.0766692587005,48.97498253500908,49.67204891528774,62842580
2018-09-11,47.44062805175781,49.43568370625746,47.140168065362126,49.30348057869847,81111720
2018-09-12,48.51828384399414,48.65048698516711,46.71953072934279,47.47268273914854,85663840
2018-09-14,49.27544784545898,49.71612197100076,48.87483444834143,49.00303061316154,79755590
2018-09-17,49.38761138916016,50.02859211308609,48.51828118682195,48.87482681001941,71838910
2018-09-18,49.09516525268555,50.04061296444704,48.81874107445612,49.51580741908123,78280630
2018-09-19,49.7722053527832,50.54138536338085,49.46774138536828,49.51581303472983,101346270
2018-09-21,50.08868408203125,51.88744013153478,46.81567391462783,50.47727950054955,229773790
2018-09-24,48.690547943115234,50.17682313589707,47.72506828235255,49.587921010062544,112429140
2018-09-25,48.15372467041016,48.794708491839394,46.07053642007727,48.794708491839394,109856240
2018-09-26,48.78668975830078,49.20733496806314,47.91335259597776,48.47421185684855,86477200
2018-09-27,48.999019622802734,49.73614980266272,48.66651285323572,48.97097680955161,82395420
2018-09-28,46.5713005065918,49.03507314467958,46.07053383447791,49.03507314467958,130270070
2018-10-01,46.72754287719727,46.935863539619184,44.66839041555998,46.471150566860615,69729490
2018-10-03,46.43910217285156,47.624917408243775,46.16668495279946,46.79164390258811,72170630
2018-10-04,46.65542984008789,47.09209997593602,45.66992137714306,46.21074878216388,76298400
2018-10-05,45.50967025756836,46.95187752592781,45.05297134019515,46.4711427886203,78689670
2018-10-08,44.8526725769043,45.66591722967194,43.58673591596579,45.42955680825916,91710480
2018-10-09,45.8702278137207,46.78362574753165,44.43202737817951,44.86869445534252,77344340
2018-10-10,46.76359558105469,47.09610232366458,45.92230513885136,45.92230513885136,71533140
2018-10-11,44.480098724365234,45.18918604893694,43.99134995973101,44.62832676072656,104016430
2018-10-12,46.19071960449219,46.37500137523647,44.71646238210065,44.93279395378409,57334070
2018-10-15,45.669921875,46.42708086157054,45.38949375272843,46.33093451342562,41001830
2018-10-16,45.894264221191406,46.79164032237028,45.63787192269381,45.75805714980588,56605680
2018-10-17,44.44003677368164,46.43108551077413,44.23572311978832,46.31490727842056,50205760
2018-10-19,44.46407699584961,45.077014961752745,43.66685724686979,44.30783802636204,77181960
2018-10-22,43.646820068359375,44.96483826025503,43.39042778762241,44.78857047752154,51019510
2018-10-23,43.71493148803711,44.06747014891093,42.87764796586035,43.26624341893073,46346880
2018-10-24,44.071475982666016,44.43603254589969,43.37841353457503,44.22771494640007,42196170
2018-10-25,43.72694396972656,44.11553937453923,43.266238045913234,43.64281554029862,44678590
2018-10-26,44.19165802001953,44.996891715874014,43.35437757879664,43.87517310417188,60994130
2018-10-29,45.96636962890625,46.11059066281022,44.25174517742237,44.58826194201061,57383130
2018-10-30,45.229248046875,45.83016807480575,45.117076797357896,45.77007546072521,40153190
2018-10-31,44.375938415527344,44.69242332153141,42.412935490759615,44.46407383953319,140703330
2018-11-01,44.59627532958984,45.18117041879742,44.38795774489505,44.53217878677495,54690570
2018-11-02,45.99441909790039,46.66344573511085,44.920775165839096,44.9488179789123,79794570
2018-11-05,46.26683044433594,46.759586161834,45.46961081102864,45.99040933804694,45358560
2018-11-06,46.1306266784668,46.82368604455383,45.66992072651711,46.43909760520826,39102740
2018-11-07,46.49118423461914,46.65142714237576,46.39103088905248,46.5512737968091,4138710
2018-11-09,45.84619522094727,46.419072464555065,45.54573519226703,46.419072464555065,43487160
2018-11-12,46.699501037597656,47.24834246208948,45.84218865894984,45.95435991500656,81209960
2018-11-13,47.20827865600586,47.392563498221975,46.39904098311387,46.71151892667056,76264870
2018-11-14,47.20026779174805,48.92290652943274,46.81567931793792,48.47421844843551,216492890
2018-11-15,47.22029113769531,47.82521502475428,46.58732138523929,47.29640558690877,63895210
2018-11-16,45.99842071533203,47.35249261998816,45.63386418795567,47.2723711795468,74569270
2018-11-19,46.66344451904297,46.77561576841254,45.99041396638821,46.26683510049543,48892870
2018-11-20,45.13309860229492,46.31089969787032,45.028938282129374,46.230778255550426,76363680
2018-11-21,44.17964553833008,45.02894705194112,44.067474274660974,45.02894705194112,112428980
2018-11-22,43.23820114135742,44.355912810300666,43.11801590779634,44.22771665417299,85416120
2018-11-26,42.52109909057617,43.58673202771824,41.79598993299904,43.58673202771824,100037870
2018-11-27,41.84806823730469,42.457002212725286,41.06286647441995,42.440977312694514,157909070
2018-11-28,41.98027801513672,42.37688442025488,41.5556287946352,41.84807486128478,113524660
2018-11-29,42.74945068359375,43.17409986122107,42.39691203201988,42.625261521782896,139293320
2018-11-30,42.42495727539063,43.00985243958687,42.104465350914936,42.865631379216566,78540710
2018-12-03,43.114013671875,44.28380402464245,42.92572489155497,43.36239201490349,120923650
2018-12-04,43.12202072143555,43.30630249554321,42.63727893502333,42.68134664800965,61538100
2018-12-05,41.47950744628906,42.70538334347849,41.26317586623728,42.70538334347849,70780820
2018-12-06,40.87858200073242,41.799990768184514,40.14145193033379,41.12295636124812,129667140
2018-12-07,40.80648040771485,41.25516850766702,40.3177315797971,40.91865166859348,82529270
2018-12-10,40.2896842956543,40.82250078216556,39.82096741192812,40.01326010740883,54147050
2018-12-11,40.121429443359375,40.35778986354771,38.95163914156088,39.708798163073,112425720
2018-12-12,41.68381881713867,41.864093595693575,40.50200764253668,40.54206836483364,81419830
2018-12-13,41.04283905029297,42.30877878250998,40.70231829279631,42.30877878250998,68100950
2018-12-14,41.1469955444336,41.48751627015837,40.58213232767832,40.94268188642385,51559800
2018-12-17,41.984283447265625,42.08443679226727,41.37534939805059,41.5035455573952,48048540
2018-12-18,42.22464370727539,42.33681494563519,41.631734660526,41.90415183501567,56735270
2018-12-19,42.25669860839844,42.66131590184962,42.03235304815149,42.29675933315909,49280430
2018-12-20,41.93220138549805,42.224650495181045,41.663791156783006,41.663791156783006,35173350
2018-12-21,41.679813385009766,42.62526113743556,41.52758141201953,41.99629829892188,59696700
2018-12-24,41.15901565551758,41.71987496950943,41.02280858052217,41.50354338883668,43294400
2018-12-26,41.13898849487305,41.44745944907596,40.41387620707465,40.78244283530816,49537410
2018-12-27,40.58213424682617,41.64776418605238,40.45794202790072,41.503543133159,50169310
2018-12-28,41.090911865234375,41.37935397102358,40.706323409661216,40.71834132132955,63074080
2018-12-31,41.74791717529297,42.06440209113206,41.35932173361159,41.66378873788318,79658120
2019-01-01,41.3232650756836,42.0243383942749,41.146994234663616,41.98427767307139,41281730
2019-01-02,39.55255889892578,40.60617094929468,39.4203557548384,40.54207134375992,117473500
2019-01-03,38.55904006958008,39.51249886916485,38.478918611491096,39.50048095609527,135329440
2019-01-04,39.071815490722656,39.48845369835373,38.4228238870433,38.53899905684895,104800720
2019-01-07,38.899559020996094,40.141459901573455,38.77136286022239,39.69277486708425,84067870
2019-01-08,39.36827087402344,39.5285168184496,38.76334694205952,38.911571919093056,62697060
2019-01-09,38.39478302001953,39.84500448598115,38.07830115475103,39.17598090719856,126966600
2019-01-10,38.49093246459961,38.79139248539781,38.25857598163736,38.4588826621695,70810000
2019-01-11,37.994171142578125,38.79940488477279,37.817903335377245,38.77536906025392,75408240
2019-01-14,37.72575759887695,38.01019270429329,37.40126177063696,37.99416780387638,58899170
2019-01-15,38.062278747558594,38.1784569965394,37.57753691615171,37.898025791829255,76031810
2019-01-16,38.02221298217773,38.450869127132805,37.87398494833825,38.14640213760932,52802930
2019-01-17,37.91004180908203,38.318669154921245,37.697717213656965,38.16243018634668,42819350
2019-01-18,37.70973587036133,38.27460219593063,37.49741127074308,37.942092361294975,49148490
2019-01-21,37.79386520385742,38.25857819668732,37.6656690431522,37.89802553956715,46136900
2019-01-22,36.58000183105469,37.713738277553205,36.45581267801364,37.713738277553205,89577660
2019-01-23,37.22499465942383,37.485393968574336,36.61606366463826,36.61606366463826,72593860
2019-01-24,36.91652297973633,37.21698300986478,36.63208785132056,37.21698300986478,47908460
2019-01-25,36.287559509277344,37.32114272947931,36.15134937517664,37.03270061626598,41579670
2019-01-28,35.71067810058594,36.3716908194505,35.51838538089589,36.2875623725314,43351470
2019-01-29,35.558441162109375,36.22746471102875,35.36213842350598,35.574466062593565,52257240
2019-01-30,37.45335006713867,37.76983505503781,35.79080366132538,35.79080366132538,108579250
2019-01-31,38.19447326660156,38.37074410917607,37.46936412018084,37.82190580532985,92437290
2019-02-01,38.03422546386719,38.61912048101387,37.657648005749934,38.21850720435696,50159940
2019-02-04,38.14239883422852,38.346712510034266,36.21544949029696,38.05025947014576,109720290
2019-02-05,37.233009338378906,38.21851790819327,36.81236405750459,38.21851790819327,72819270
2019-02-06,38.86751174926758,38.99570791839445,37.16090082084828,37.33716864312412,109992650
2019-02-07,39.183990478515625,39.37227924057075,38.30664932726512,38.73530548615,78573380
2019-02-08,37.5575065612793,39.07983871647156,37.33316403347999,38.699254149454646,84145140
2019-02-11,38.51496887207031,39.01974257046586,36.88046560060492,38.05826987804872,232623140
2019-02-12,39.051788330078125,39.83699008159744,38.194473001245576,38.33068312131696,188361110
2019-02-14,38.6631965637207,38.96766051931847,38.09031933170958,38.619128849224666,61850420
2019-02-15,37.45734405517578,38.73129448861464,37.068748659905005,38.699244690637535,74992400
2019-02-18,37.30110931396485,38.21851425349041,37.208966898506574,37.56951952528652,62535140
2019-02-19,37.73377227783203,38.5069561627879,37.289091216428346,37.289091216428346,82245450
2019-02-20,39.35225296020508,39.56858149188084,37.85796373463005,37.85796373463005,154872510
2019-02-21,39.96919631958008,40.29369524178017,39.288154783515225,39.46442565204676,117827140
2019-02-22,40.24562072753906,40.38183086926633,39.42836904648828,39.82097151288588,100057230
2019-02-25,40.4699592590332,40.82250096303866,39.9211209258312,40.38182688946914,103576040
2019-02-26,40.34977722167969,40.75039057287756,39.39631548970888,39.90108916802064,98562990
2019-02-27,40.63020324707031,41.04684147757616,39.89708011868685,40.6221923252924,94443460
2019-02-28,40.097389221191406,40.94268364446825,39.925128412779976,40.59014499250586,74854180
2019-03-01,40.67026138305664,40.83852129406647,40.221576437528974,40.34175859517947,66725690
2019-03-05,41.80400466918945,41.896147089388585,40.47797538871203,40.73436770173901,91180370
2019-03-06,41.73189163208008,42.09244425574214,41.2992284836856,41.89614457147396,63112270
2019-03-07,41.75592803955078,41.92017791278465,41.1469940764256,41.65176771967253,61536310
2019-03-08,40.69029998779297,41.5516193471026,40.5661108207893,41.40739828896529,65048470
2019-03-11,41.71586990356445,41.85608703085562,40.82250378324152,40.86256450970863,59082750
2019-03-12,42.076419830322266,42.505075994284965,41.74391001494296,42.01632721629365,82982750
2019-03-13,41.16302108764648,42.06440111146356,41.07087867371279,42.06440111146356,64091530
2019-03-14,41.47549819946289,41.80800800198733,41.14298839693845,41.17904518653658,44966420
2019-03-15,41.29922866821289,41.73990579712287,41.05886127017664,41.503542331940494,42339380
2019-03-18,42.08042907714844,42.204618244749305,41.28320932048285,41.62373007632996,63176050
2019-03-19,42.26470947265625,42.61724812907754,41.71586806923416,42.28874529619211,63298400
2019-03-20,41.15100860595703,42.164560010772654,40.94669491779825,42.14853510812906,87023070
2019-03-22,41.53559112548828,41.984279165655394,41.311248633623336,41.42341987955581,52334460
2019-03-25,41.27519607543945,41.47950975515616,40.62620435559674,41.086907297704215,50368870
2019-03-26,41.61170959472656,41.73990574394506,41.19507134565713,41.34329632843137,33298250
2019-03-27,41.32727813720703,41.90415933146392,41.10693955355635,41.663791912487085,52391580
2019-03-28,40.56610870361328,41.3793533156208,40.44592347595893,41.215100374922336,89650930
2019-04-01,42.87764358520508,43.5867308803976,42.31278038762655,42.46501235045232,135235540
2019-04-02,42.51709365844727,43.105995770914376,42.14853011065741,43.105995770914376,50868180
2019-04-03,42.90168380737305,43.87517440695751,42.74144090646092,43.01786205004052,114896800
2019-04-04,42.51709365844727,43.05792412512101,42.18458690143973,42.68535358803594,52599170
2019-04-05,44.01138687133789,44.14759395561432,42.561165312353886,42.561165312353886,100377130
2019-04-08,43.99134826660156,44.62832504308128,43.73095205034491,44.3238580600961,106009010
2019-04-09,44.31184005737305,44.46807900937751,43.28627092494638,44.14758712727563,66189360
2019-04-10,43.618778228759766,44.82061821762119,43.40244666399225,44.19966939057174,78891530
2019-04-11,42.92171478271485,43.77902712134595,42.74544392774635,43.34636396266183,60823980
2019-04-12,42.75746154785156,43.4825706884787,42.64128331675909,43.02587174221843,62740160
2019-04-15,44.31985855102539,44.4680866066986,42.94976148101268,43.017865024252686,103903170
2019-04-16,44.32786178588867,44.62030778018062,43.99935900563216,44.35189760557379,63236540
2019-04-18,43.514625549316406,44.42802354807611,43.001837865956816,44.34789903984611,66605220
2019-04-22,42.80153274536133,43.72695174652775,42.713400367741386,43.266245740778245,36976860
2019-04-23,41.93220138549805,43.146059427285856,41.783976392310265,42.861624296738015,51193760
2019-04-24,42.08443069458008,42.29274827716749,41.07889040065553,42.21663076793503,83768350
2019-04-25,40.92265701293945,42.40893227269783,40.78244294247876,41.82403710989214,83594180
2019-04-26,43.6868896484375,43.88719633539698,41.307245229298886,41.73189442759299,381810110
2019-04-30,44.64435577392578,44.932797894802725,42.92171702782042,43.51061918187126,142581610
2019-05-02,44.46407699584961,45.00090049997511,44.02340290097602,44.39597345662425,90100300
2019-05-03,43.89119720458984,44.54820284743837,43.79505085736347,44.38795995420684,58796360
2019-05-06,42.94174957275391,43.546673581447976,42.26070498666654,42.80553943296141,99648390
2019-05-07,42.51308822631836,43.66284654207589,42.3848920813282,43.66284654207589,65414980
2019-05-08,41.87611770629883,42.6573156607095,41.79198926008924,42.565173234991775,64784320
2019-05-09,41.59568405151367,42.176572175091664,41.37133850151868,41.86810124644976,51055970
2019-05-10,39.00371551513672,42.12449383957295,38.38276360778918,41.82403383081199,372409210
2019-05-13,37.84193801879883,39.09986373797952,37.12884671949177,38.46689388894436,159569200
2019-05-14,37.6216049194336,38.26658966536717,36.55997882471821,37.41328424504269,211286060
2019-05-15,37.09278869628906,38.53499920481686,36.90850692162992,37.902029376789365,126650570
2019-05-16,37.597564697265625,37.76181764838873,36.46783510007592,37.1729154970937,112547310
2019-05-17,37.61359024047852,37.77784319440257,36.93655264595627,37.26105156417665,70884860
2019-05-20,38.76334762573242,39.64068876176341,38.19047042740012,38.2986346843441,84575830
2019-05-21,37.86196899414063,38.85148446890433,37.55750198888164,38.8474774795564,63370580
2019-05-22,37.89801788330078,38.502944827124566,37.44933293969592,37.81789644521047,83642240
2019-05-23,37.233009338378906,38.97968395830805,37.020684731315,38.26658955873598,93403760
2019-05-24,38.79138946533203,38.96365331943573,36.72823020518884,37.25703967836623,108824810
2019-05-27,41.06687927246094,41.20709334701704,38.7433203987629,38.81943792056661,182077050
2019-05-28,40.62620162963867,41.55161749780186,40.47797358858419,41.19106486850538,99606130
2019-05-29,39.524513244628906,41.00277437787861,39.408335010276005,40.51803260750509,85236870
2019-05-30,39.09585189819336,39.77689636676181,38.93961295004042,39.500472201674135,72043630
2019-05-31,39.1239013671875,39.64068990086002,38.54301017375988,39.324208042899656,102769910
2019-06-03,39.873043060302734,40.20955983684421,38.86750277609862,39.17597674263139,85053920
2019-06-04,39.873043060302734,40.2816703563576,39.412337133213725,39.740839931788685,62125660
2019-06-06,38.82744598388672,40.265649530679255,38.69924983138587,39.8730470943994,72227990
2019-06-07,38.627140045166016,39.25209897497252,38.12236940426212,38.69925057335764,68111040
2019-06-10,38.94362258911133,39.64469593725244,38.7072621845422,39.1799860501177,68509170
2019-06-11,39.46041488647461,39.592618025222976,39.01974081375067,39.25209728977436,65345480
2019-06-12,40.530052185058594,40.70231604908736,39.26411557906364,39.4804471564326,127555250
2019-06-13,40.2656478881836,40.53005110473984,39.784910043587416,40.38182612421674,72248570
2019-06-14,40.2055549621582,40.74237536953667,39.82497351253539,39.9852164030478,66058960
2019-06-17,37.90604019165039,40.129442679885656,37.82191174623542,40.06935005989279,119382860
2019-06-18,37.84193801879883,38.33869773464688,37.14887861027845,37.918055536063314,106394540
2019-06-19,39.58861541748047,39.93314318035385,38.62714266193701,38.62714266193701,188375230
2019-06-20,40.14145278930664,40.28567382667866,39.24808681182459,39.58860751700525,78263560
2019-06-21,39.873043060302734,40.13344232834757,39.61665078124116,40.06133180883418,61262460
2019-06-24,38.95964050292969,40.04530209772993,38.607101925688255,39.83698454218651,72620000
2019-06-25,39.90108871459961,40.04530976390696,37.974139495294914,37.9781464845638,136491190
2019-06-26,40.91063690185547,41.04684397542872,39.28414460261787,39.66072213427599,129600840
2019-06-27,40.91864776611328,41.37935373487306,40.59415192717098,40.982747369895,119467140
2019-06-28,40.41387176513672,41.31525176064893,39.98922261197752,40.98274501853,87600340
2019-07-01,40.61819076538086,41.25116064574149,40.31372373769235,40.85054726168097,85443750
2019-07-02,40.766414642333984,40.93467151286082,40.22959117332907,40.74638275260769,57240040
2019-07-03,40.8865966796875,41.24714929853886,40.429897714621525,40.694303987258266,69464090
2019-07-04,40.722164154052734,41.32646086807922,40.59472854149941,41.10858586480953,72630590
2019-07-05,39.32857894897461,40.98525427237078,39.07781635231636,40.82082245635659,76163480
2019-07-08,38.48175048828125,39.4231375545635,38.24743165598122,39.05315962558019,80825910
2019-07-09,38.51463317871094,38.80650374742809,38.02955176425548,38.55985287181292,68585800
2019-07-10,37.39236831665039,38.99971548600632,36.83740304972715,38.60096171207051,134813440
2019-07-11,37.984336853027344,38.354314781194894,37.30193277036982,37.92678507934978,99870380
2019-07-12,38.880496978759766,39.41901839061243,37.84045037281415,38.17342887799501,132441180
2019-07-15,38.50230407714844,39.32036408000884,38.09532680781837,39.29980853198099,78060790
2019-07-16,39.19292068481445,39.34913530411367,38.15698579545629,38.23920170515573,64352100
2019-07-17,39.11071014404297,39.44780043822226,38.51874547667004,39.13537429307139,54793220
2019-07-18,38.362525939941406,39.08192607511545,38.13642750006672,38.88871525128357,52331730
2019-07-19,37.65957260131836,38.88871833735377,37.26493058649436,38.64206747013077,72848850
2019-07-22,38.27620315551758,38.42008257353673,37.09638565508837,37.65957439000457,69544520
2019-07-23,37.80756759643555,38.46941609157797,37.55269323044392,38.329645266248285,55292840
2019-07-24,36.66885757446289,38.06655013018968,36.43043015851767,37.89800655794674,83420010
2019-07-25,36.2043342590332,37.158053399754486,36.0357906747852,36.83329516982599,75280910
2019-07-26,36.62775039672852,36.84973714293127,35.817910730860035,36.09334064742822,65857860
2019-07-29,35.63703536987305,36.66063831649933,35.43560103373812,36.63186243081381,78727230
2019-07-30,34.12424087524414,36.33177011463698,33.3966170878776,35.75625237318335,94629210
2019-07-31,35.52192687988281,35.649362479265136,33.66792897082424,33.95568778760235,115418000
2019-08-01,34.531211853027344,35.50959505978209,34.10368218705809,35.14784063611712,94219850
2019-08-02,33.635040283203125,34.2968886770816,33.26506243315681,34.02968227780727,134859520
2019-08-05,32.8252067565918,33.211628485840315,32.04003435989533,33.211628485840315,112888540
2019-08-06,33.018409729003906,33.54459902566762,32.36478484414884,32.36478484414884,101975850
2019-08-07,31.39873504638672,32.599108071955044,30.90132156084189,32.475781066535056,133016090
2019-08-08,30.206588745117188,31.201415719990617,29.647511754735945,31.160307763472947,228263940
2019-08-09,29.79138946533203,30.72044428386141,29.66806246650273,30.46145821358705,133527610
2019-08-13,28.669124603271484,30.223028522448043,28.39369785280071,29.737947122717205,147820510
2019-08-14,29.980493545532227,30.48201882415252,29.05555030961865,29.071994121284146,187387690
2019-08-16,29.84894371032715,30.16547843368251,29.22409146426237,29.598181091836643,119202110
2019-08-19,29.561180114746094,30.16958531628677,29.36385755922697,30.08325767835204,98849660
2019-08-20,29.45429992675781,29.75028222195096,29.034990629788886,29.57351519211816,93637340
2019-08-21,28.200489044189453,29.4501904205677,28.10594105382583,29.35153069347725,114233780
2019-08-22,27.435867309570312,28.525245382110548,27.16455229371777,27.94561599495432,154598000
2019-08-23,28.38547706604004,28.6896796940284,27.16043994501985,27.37831492734945,112101340
2019-08-26,27.793516159057617,28.57868854657077,26.490374692745085,28.48002881510205,237649990
2019-08-27,28.850004196166992,29.16243031078654,27.96616901842908,28.031944257858893,173752960
2019-08-28,27.70307350158692,28.850003329935024,27.41120294213671,28.850003329935024,126417160
2019-08-29,27.58797264099121,28.171713816357528,27.0165635397566,27.460537026515308,134813100
2019-08-30,28.35670280456543,28.570466062744856,27.72363023055579,28.118272263119707,179722070
2019-09-03,27.24677085876465,28.04839018403545,27.049451398259045,28.036054973459613,92206530
2019-09-04,27.89217567443848,28.031946501244622,26.909680695263187,27.2467709834781,129047100
2019-09-05,28.37725830078125,28.94044709550853,28.138827733407386,28.447142148907115,142508850
2019-09-06,29.21998405456543,29.42141525036292,28.1881576546182,28.529359675494938,115554870
2019-09-09,29.088436126708984,29.647513143274548,28.623907100928605,29.219983475528164,143296190
2019-09-11,30.177810668945312,30.31346660196211,29.20353617496175,29.21175651113351,136500270
2019-09-12,30.01338195800781,31.20141993913376,29.844835236257147,30.321696378085544,188468200
2019-09-13,30.20248031616211,30.35047148490168,29.413196173775333,30.17370442981477,116222490
2019-09-16,29.688621520996094,30.124371532050485,29.483078589542323,29.7626171017729,80643190
2019-09-17,28.36081314086914,30.091484267917576,28.122385721164733,29.69684221119659,131984000
2019-09-18,29.45429992675781,29.705062530388894,28.39369774776104,28.611572732740456,162531840
2019-09-19,28.33614730834961,29.26931079279194,27.957949085177848,29.26931079279194,136564950
2019-09-20,30.30113983154297,31.32474279433581,28.29093012970741,28.603356276610484,267647140
2019-09-23,31.02465438842773,31.97015010751634,30.33814166571928,31.04520680229729,163931640
2019-09-24,30.48613166809082,31.184976439399044,30.272365245013987,31.078093227860627,95789890
2019-09-25,29.7667293548584,30.25180767061984,29.39675144455737,30.21481144775788,91169850
2019-09-26,30.893102645874023,31.189084963434944,29.87360834497932,30.00926742991744,140661520
2019-09-27,29.56940650939941,30.70811297987066,29.433747420703423,30.667005020478737,105687770
2019-09-30,29.63928604125977,29.90238070668934,28.41425209341628,29.18709228107367,147196960
2019-10-01,28.903444290161133,29.984602052254264,28.290927269206435,29.762615323189547,125641890
2019-10-03,27.920948028564453,28.68556790157365,27.8264000466956,28.48824846512116,121309560
2019-10-04,27.38654136657715,28.34848078211656,27.2221063938431,28.344369045305736,114452160
2019-10-07,26.70413589477539,27.80995781234005,26.59725269778209,27.53041931459024,124157800
2019-10-09,27.661970138549805,27.789405761854496,26.33827306021272,26.584923968943546,147767410
2019-10-10,27.127553939819336,27.50575529953045,26.967230711729144,27.37009621842764,115074980
2019-10-11,27.87162208557129,28.155269191408653,27.296101264152856,27.54275214866471,171588490
2019-10-14,28.352588653564453,29.00210498232921,28.196374039412834,28.426584224390005,167239630
2019-10-15,28.71023368835449,29.46252153163423,27.84695404776702,28.369034823246388,179722070
2019-10-16,28.56224822998047,29.08843765286427,28.38548117669891,29.08843765286427,128143020
2019-10-17,29.277538299560547,29.709176612754906,27.982617087304444,28.44714302521928,166951580
2019-10-18,29.56529235839844,29.82838704062721,28.91988772600348,29.265201456638746,165680360
2019-10-22,29.14598846435547,29.910608424387675,29.02266145028463,29.3926393561609,119442830
2019-10-23,29.28575134277344,29.495405977722896,28.71434233501779,28.94044077823149,93184500
2019-10-24,29.589963912963867,29.762619235039587,29.088438622455527,29.27342601948859,109734020
2019-10-25,29.78316879272461,30.334025466591488,29.27342321322308,29.29397876040575,149966920
2019-10-27,30.00926971435547,30.05448941277717,29.853058206567333,29.91060997977014,10820130
2019-10-29,32.081138610839844,32.86220231659898,30.05448533961521,30.05448533961521,251553140
2019-10-30,31.900266647338867,32.36890434350733,31.596063945832608,32.056481303619464,143714420
2019-10-31,31.28774070739746,32.072912959985935,30.930094929819056,31.97425324547098,217560230
2019-11-01,32.845760345458984,33.125298851492786,31.078089919607564,31.246636625104728,241111950
2019-11-04,33.639156341552734,34.6709795817161,33.133519358799774,33.133519358799774,289344340
2019-11-05,33.21162796020508,34.3585579189262,33.018417098638736,34.037911440725175,208744340
2019-11-06,33.25273513793945,33.61860130434091,32.77998576920635,33.05130394366292,179351470
2019-11-07,33.14173889160156,33.61448506061402,31.96603323259734,33.215734462319865,407007600
2019-11-08,32.71832275390625,33.396615063896505,32.48400393441903,33.01019648038722,214235200
2019-11-11,33.00608444213867,33.195183563477386,32.39356738211367,32.51689125968088,135739740
2019-11-13,32.71421432495117,33.614490248578065,32.28668464329904,32.96086521996763,175114690
2019-11-14,32.22501754760742,32.77998278369008,32.01536289883453,32.56621953483203,108694250
2019-11-15,32.43467712402344,33.13352187765725,32.11403063385412,32.2291341804445,118132590
2019-11-18,33.71315002441406,33.922801540969644,32.557996701595414,32.590884320938414,189065280
2019-11-19,33.0307502746582,34.10779642381454,32.886870841991765,34.037912575996046,142650830
2019-11-20,32.77998352050781,33.585711378677416,32.6648799888173,32.96908262776166,122556020
2019-11-21,31.661828994750977,32.816982300570515,31.50972924611592,32.80465022758237,102085540
2019-11-22,32.88686752319336,33.117074592228164,31.497398499419432,31.73582590534716,172719490
2019-11-25,34.4901008605957,34.61342472456292,33.13351640260503,33.318506903059706,276124580
2019-11-26,34.872413635253906,35.295831561696744,34.264005193305024,34.942297477488204,282763120
2019-11-27,34.64220428466797,35.10673331697432,34.46543723817735,34.966962492701256,109846790
2019-11-28,35.52603912353516,35.70691790482477,34.70797914364693,34.7120908804043,157660730
2019-11-29,35.1478385925293,35.31227355239312,34.621649230033846,35.1437268560403,126319560
2019-12-02,34.60109329223633,35.10261850279248,34.44899354356127,34.93818354479007,83371710
2019-12-03,32.858089447021484,34.41199333199027,32.590883038958374,34.366773641256394,168706560
2019-12-04,33.6514892578125,33.82825630573076,31.98248164467933,32.29490464482713,261132490
2019-12-05,32.870418548583984,33.86113678250326,32.648431851319884,33.795361552349924,111108840
2019-12-06,33.154075622558594,33.50349798036261,32.38123218949871,33.00608446032739,169310820
2019-12-09,33.437721252441406,33.85703057226443,33.047190952759124,33.13351860417301,123184520
2019-12-10,33.05541229248047,33.676149622534375,32.90330940999568,33.29795142084539,93495850
2019-12-11,33.343170166015625,33.56104514262635,32.91564054897337,33.084187235837256,82278630
2019-12-12,34.42433166503906,34.605210460868946,33.44594837266273,33.569275394607914,149846710
2019-12-13,35.22183609008789,35.731581670785694,34.814861972872336,35.373938985122635,216281830
2019-12-16,34.613426208496094,35.51781693137452,34.54354236895171,35.51781693137452,95658310
2019-12-17,36.126224517822266,36.33176744935904,34.78197512555971,34.827194821404696,307577380
2019-12-18,36.56608581542969,37.39236926820335,35.85079730066692,36.12622407281274,400283980
2019-12-19,36.73052215576172,36.9483971668187,36.011121877414766,36.17555685401848,205472860
2019-12-20,37.9021110534668,38.09943362551359,36.4304262129753,36.66885360309799,269312620
2019-12-23,37.99666595458984,38.43652769689768,37.57735975970252,37.90211482732612,186311430
2019-12-24,38.06654739379883,38.20631820749228,37.77056509311717,38.0007752916118,112355050
2019-12-26,38.46942138671875,38.80651171777178,38.06655580261308,38.06655580261308,182556030
2019-12-27,38.60095977783203,38.79005888186852,38.0829907577015,38.58040423195017,111443330
2019-12-30,39.03260040283203,39.16003914969316,38.239204582816,38.65029043492097,114620740
2019-12-31,38.81061553955078,39.07781882565376,38.60096088362649,38.85994383294281,96441450
2020-01-01,38.45708465576172,39.17648493317645,38.21454235990987,38.88872294040877,121005300
2020-01-02,39.86299896240234,40.1055381302799,38.80650835831355,38.80650835831355,216749610
2020-01-03,39.76844787597656,39.97399081971313,39.419025498891685,39.71089610263724,129568630
2020-01-06,38.90927505493164,39.46424030698136,38.68728832684455,39.46424030698136,96016080
2020-01-07,39.14359664916992,39.8424413666004,38.93394197940628,39.094265216185455,131957880
2020-01-08,39.07371139526367,39.3121388052476,38.395419113791256,38.77772908070581,133048410
2020-01-09,39.72322845458984,39.95754728663088,39.39024988704113,39.87533136309721,101311520
2020-01-10,39.9739875793457,40.602948434381005,39.46424199837416,39.91643581067164,159276340
2020-01-13,40.759159088134766,40.86193054164175,40.10142241295728,40.37684915563538,109427500
2020-01-14,40.99348068237305,41.60188597242705,40.75916187779321,40.81671364478923,156608220
2020-01-15,41.2812385559082,41.40045382371945,40.2165277549429,40.44262308106548,121179480
2020-01-16,40.64816665649414,41.44156245171053,40.45906754679698,41.27301888851056,104383690
2020-01-17,40.71805191040039,41.01814280401474,40.44262202613461,40.55772869077937,56824600
2020-01-20,40.3398551940918,41.09214308704899,40.216531315199056,40.86193600404685,72918780
2020-01-21,39.147705078125,40.105532681033424,38.92982695310594,40.105532681033424,113158030
2020-01-22,39.05727005004883,39.45191211558932,38.90516714648513,39.35325238328828,76621710
2020-01-23,39.48479843139648,39.61634578222201,38.90105412179298,39.12715260118197,72000200
2020-01-24,39.743778228759766,39.88354590572565,39.17236917511973,39.48890388470105,74811300
2020-01-27,38.02132797241211,39.27925275927558,37.8281171282935,39.27925275927558,129631190
2020-01-28,36.68941116333008,37.98433218459717,36.339988827137006,37.81989722158394,180152830
2020-01-29,37.17860794067383,37.795236759842,36.96484152701383,37.22793623895201,110818340
2020-01-30,36.87850570678711,37.3635870626286,36.29065290382949,37.15393243233774,146520160
2020-01-31,36.06867218017578,37.347149445118106,35.88368479923889,37.24437798096734,107387270
2020-02-03,35.850799560546875,36.09334186295625,34.2516757229941,34.36677926867866,162371260
2020-02-04,37.153934478759766,37.27726147662617,35.63702996848372,36.33998632911619,133362630
2020-02-05,39.05727005004883,39.43958004109373,36.8332939501453,37.18271631831108,160567650
2020-02-06,39.26692199707031,40.060317873337446,38.773620194104126,39.29980962029109,166660740
2020-02-07,38.72428894042969,39.43958063531416,38.54752188521153,39.11071067424063,116499090
2020-02-10,36.487979888916016,38.087103549137865,36.17555377360623,37.84045267340321,267960480
2020-02-11,36.51264953613281,37.63080368666896,36.3975459858723,36.862071924091225,168243710
2020-02-12,36.82918167114258,37.36770629476905,36.38521131415418,36.99772838366514,117858580
2020-02-13,36.27832794189453,37.13749590272575,36.12211644074421,36.89495674543948,99652210
2020-02-14,35.727474212646484,36.63186186566981,35.62881134638715,36.25777222119312,94848170
2020-02-17,35.91657638549805,36.249554962478086,35.60003848462125,35.805581435613675,97247650
2020-02-18,35.468482971191406,35.77679732683297,34.63809101998456,35.68224934745094,115024230
2020-02-19,35.616477966308594,36.05222796580024,35.20128037761523,35.88368439737534,84651090
2020-02-20,36.46742630004883,36.80862831690456,35.18894902328653,35.271168077168994,129802370
2020-02-24,34.15711975097656,35.752134761901104,33.98446445690822,35.752134761901104,175231420
2020-02-25,34.63809585571289,34.987518213621385,34.07079535487825,34.44899673421343,145581760
2020-02-26,34.22700881958008,34.48188003984923,33.81592296873446,33.81592296873446,142707060
2020-02-27,33.93924331665039,34.19411764677989,33.46649714635471,34.11190173968563,102263790
2020-02-28,31.386404037475582,32.80054036588004,30.83143876693793,32.77998481883429,245328330
2020-03-02,29.931156158447266,32.39356236388037,29.433742715742724,32.36889508311925,202207720
2020-03-03,31.86326789855957,32.14691502715988,30.428575898413804,30.70811442631678,186489330
2020-03-04,31.008207321166992,32.05647754493218,30.01748886833501,31.90437464384509,229371480
2020-03-05,30.893102645874023,31.88381792602169,30.773887371504426,31.56728319750226,146284680
2020-03-06,28.899337768554688,29.458414799818165,28.50058397486892,29.347419859134355,148481880
2020-03-09,26.498594284057617,27.76473949154231,26.288941184464043,27.74829568070451,204221360
2020-03-11,24.64459800720215,26.80690897472561,24.344505512875152,26.63836540037671,286928700
2020-03-12,23.633325576782227,23.99096981766571,21.96842667410913,22.609721147562293,437671340
2020-03-13,26.86034774780273,27.30432121545305,20.99415408885899,22.1986357464827,338414370
2020-03-16,23.81009292602539,26.1162849161893,23.604549990262736,24.99402067510537,236054820
2020-03-17,23.24690628051757,25.294113781795804,23.06191732024613,24.66515288504108,206539390
2020-03-18,23.0906925201416,24.10196495017693,22.66727457668127,23.842980413494995,187721700
2020-03-19,22.35073471069336,23.39078286053004,21.417569748005185,22.112305759966805,187219810
2020-03-20,24.480165481567383,25.076240361163112,22.539841064238377,22.996145104368672,173077660
2020-03-23,22.293184280395508,22.8563714260761,20.846161976608,22.03419976948102,121004020
2020-03-24,22.354848861694336,23.48533494411747,21.26136056833177,22.77826678347904,129288020
2020-03-25,23.57988548278809,24.25406605092381,21.956096001338377,21.956096001338377,94428290
2020-03-26,23.38667297363281,24.29517229539576,23.02902873517812,23.842978502782604,114938330
2020-03-27,22.79471015930176,24.274618557181626,22.54394754580051,23.925196220178,111835940
2020-03-30,20.88727188110352,22.260298635373644,20.624175628935863,21.951984258530064,158537210
2020-03-31,22.165746688842773,22.400067049244445,21.35179695242546,21.56145159905644,157868130
2020-04-01,21.898542404174805,22.030089744633106,21.22025015580021,21.86976652146005,119647990
2020-04-03,20.862607955932617,22.10819764340897,20.63651104048717,22.00953791253045,125266950
2020-04-07,22.70838165283203,22.83170708664325,21.475124178383908,21.87387636210125,159566590
2020-04-08,22.589168548583984,24.081410674529472,21.923209887750776,22.28085415047274,204349980
2020-04-09,23.41956329345703,23.810093628391687,22.82759861737079,23.061917445598866,138556280
2020-04-13,23.23046112060547,24.007414708651183,22.51517260662878,23.431893880802825,155103280
2020-04-15,23.444225311279297,24.30750652935873,23.17702045210104,23.62921425573689,209917430
2020-04-16,23.752540588378903,23.999193046311888,22.69193988058823,22.69193988058823,172487980
2020-04-17,24.118406295776367,24.640485518413524,23.47300163060189,24.459608307236653,174923730
2020-04-20,23.5469970703125,24.25406523665242,23.4401154389246,24.237621426233336,119607480
2020-04-21,21.86565399169922,23.10302317621433,21.64366884283437,23.024915867535423,169249100
2020-04-22,22.062976837158203,22.190414015316417,21.310690546410736,21.87798945902179,147898560
2020-04-23,22.22329902648925,22.93858744398285,22.11641583976721,22.198633313822352,154678570
2020-04-24,21.997203826904297,22.515172892170423,21.742331031073096,21.894432361211443,123808460
2020-04-27,22.33429336547852,22.765933163079893,22.23974224683925,22.52750263462948,124106120
2020-04-28,22.490509033203125,22.642611944070744,22.161640629460592,22.51928492052008,85471050
2020-04-29,23.23868179321289,23.52644219187248,22.301406589513466,22.445286004759247,198765690
2020-04-30,24.52538108825684,25.03512821853269,23.73609703021837,23.83886848995264,236333720
2020-05-04,22.494617462158203,23.526442221185924,22.20685706314008,23.43189266702546,128914590
2020-05-05,22.416513442993164,23.218131255111565,22.28085591254323,22.93859271993009,121823300
2020-05-06,22.83581924438477,23.057805985485523,22.367181614173013,22.53572675430475,95077310
2020-05-07,22.67960548400879,23.255126298541214,22.580945758651723,22.646719431612453,89583760
2020-05-08,22.43706512451172,23.349674591418328,22.36306955041551,23.251014871402035,98777550
2020-05-11,22.70838165283203,23.26745705732075,22.609720364882275,22.65494005651892,109074080
2020-05-12,22.52339553833008,22.757714362362343,21.74644348304749,22.4699539353252,150402970
2020-05-13,22.737159729003903,23.67854516685842,22.486397100763384,23.637437207677536,147231160
2020-05-14,22.07942008972168,22.62616500963446,21.97664862972316,22.36307032294513,107969020
2020-05-15,22.48228454589844,22.75771288052656,22.09997458038816,22.198635874267744,149896650
2020-05-18,21.919097900390625,22.708383565980963,21.577897452495005,22.535726689564783,116153670
2020-05-19,22.36306953430176,23.05369384659009,21.993091664087306,22.358957797872723,168970940
2020-05-20,23.28390312194824,23.34967679756292,22.206858595694914,22.363071663342808,144218120
2020-05-21,23.32501220703125,23.53466530402511,22.897482539558485,23.341454449497054,130358110
2020-05-22,22.56450080871582,23.041360305638623,22.469951256620643,22.93858884881761,106567390
2020-05-26,23.057804107666016,23.38256228747618,22.77415545147181,22.815263406919787,121075590
2020-05-27,23.674434661865234,23.87586742259332,22.942702335297945,23.20168529716078,140074620
2020-05-28,24.29517364501953,24.55004800673708,23.793649963282643,23.999192892828216,166019580
2020-05-29,24.270505905151367,24.410275139283723,23.666209279907385,24.01563158115433,131279850
2020-06-01,25.914852142333984,26.128616970715708,24.82958575837142,24.82958575837142,243843600
2020-06-02,26.26016426086425,26.59314436040224,25.861410488744845,26.145059157720727,165626630
2020-06-03,26.09572982788086,26.82746371447127,25.902518974656413,26.757576735664696,103869540
2020-06-04,26.305383682250977,26.523257108220044,25.865520389220475,26.05462106807988,112512660
2020-06-05,27.867509841918945,28.253931540304205,26.72469169327907,26.78635519736933,309184760
2020-06-08,27.427648544311523,28.84178487866739,26.913791229366645,28.58691052137372,164816490
2020-06-09,27.312545776367188,28.28270866519801,27.0371158641885,27.624968774485684,149268320
2020-06-10,26.638362884521484,27.25499162595637,26.473927926204983,27.22210400702588,172188830
2020-06-11,25.746307373046875,26.597253393832137,25.569540331074148,26.473929519922702,139066840
2020-06-12,26.112173080444336,26.346490318633148,24.665150716874216,24.665150716874216,175578850
2020-06-15,25.174898147583008,25.898408553692207,24.878915833727028,25.79563709117756,185810020
2020-06-16,25.4009952545166,26.51914927742741,24.772032832545232,25.90663066595016,234418060
2020-06-17,25.339330673217773,25.881963851136245,25.080346157521408,25.25711319240661,114470230
2020-06-18,26.15328025817871,26.24371964325872,25.248891111882667,25.33933049696268,113692780
2020-06-19,26.354711532592773,26.790461487608063,26.08750512879939,26.391707750055204,151342880
2020-06-22,26.778133392333984,26.967232516678123,26.173836660007986,26.28894177026941,110312750
2020-06-23,27.296098709106445,27.419422571650585,26.81512905887898,26.94256465774202,125450560
2020-06-24,26.8069076538086,27.801734648872145,26.700024455624607,27.67429904018023,207826420
2020-06-25,26.56436920166016,26.917903289497072,26.391710758148594,26.47392981132938,113456530
2020-06-26,26.62602996826172,27.127555222968283,26.519149902036823,26.78635634027153,97063330
2020-06-29,26.379377365112305,26.802795274727057,25.659977151520163,26.556144400191243,119611330
2020-06-30,26.86034774780273,27.760626756704312,26.56436857237197,26.56436857237197,365236470
2020-07-01,26.61369514465332,27.09877653836342,26.334156661221467,27.049448247151624,104894330
2020-07-02,27.53453063964844,27.74829389410405,26.683583085682688,26.88912600341679,119713930
2020-07-03,27.12344551086425,27.70718665971747,26.91379085113897,27.70718665971747,106126140
2020-07-06,27.8633975982666,28.093604663922704,27.156329455081657,27.39064825729192,141439660
2020-07-07,27.15633201599121,27.859288488912537,26.97134462597793,27.85517988830697,108393710
2020-07-08,27.47697830200196,28.480028837798365,27.2961026502212,27.36187475914065,215601630
2020-07-09,28.32381629943848,28.65268310468664,27.66607955260595,27.707187511219946,244037810
2020-07-10,27.846954345703125,28.307371622565974,27.55919550787392,28.11416077302232,125261130
2020-07-13,28.12649345397949,28.52935897197627,27.83051113648573,28.2251563173682,121150000
2020-07-14,27.67841148376465,27.87162233822348,27.345429807135865,27.87162233822348,83070350
2020-07-15,27.896286010742188,28.48825063792064,27.78940281164916,28.00727781017008,96874130
2020-07-16,28.089496612548828,28.4882503850202,27.259101447202323,27.78940256495265,105860440
2020-07-17,28.854114532470703,29.33508418620039,28.377253478753968,28.447137315004763,244153950
2020-07-20,28.973329544067383,29.162428642103738,28.49646849449546,28.86644635427784,95320490
2020-07-21,29.528295516967773,29.647510782394377,28.73489975048696,29.269309440361862,113681040
2020-07-22,28.780118942260746,29.8366093670816,28.49646872474639,29.63928679482468,178429190
2020-07-23,28.93222045898437,29.302198344411,28.58279812021216,28.784229304813728,96250490
2020-07-24,28.455368041992188,28.759570746304654,28.16349741353424,28.529363633455944,89188290
2020-07-27,29.010326385498047,29.0966540319137,28.303258268566875,28.85822350200232,118356070
2020-07-28,29.474857330322266,29.59818435299433,29.00211106153112,29.07199491075493,106392570
2020-07-29,30.72867012023925,31.11509185848932,29.28164917483274,29.515968005480104,301158810
2020-07-30,30.14081573486328,31.06164720157605,29.935272800736733,30.995875093550417,103982570
2020-07-31,30.11614799499512,30.45323824131063,29.63106660284977,30.05859623120973,90249550
2020-08-03,30.70811462402344,30.983544553002364,29.766730699101267,29.988714318970207,111369710
2020-08-04,30.60533905029297,31.07808838609679,30.227140836184315,30.79032955717412,111842600
2020-08-05,32.54155349731445,32.714208780932765,30.671111849108808,30.671111849108808,305597410
2020-08-06,33.77725601196289,33.975474919236255,32.51625054389315,32.87472997182369,221228070
2020-08-07,34.08091354370117,34.304435918669526,33.157302281428734,33.39347638062084,151763170
2020-08-10,34.59965515136719,34.713523881716704,33.70556247543931,34.22430566790643,120182110
2020-08-11,35.1268310546875,36.0673122926861,34.793655062518624,34.84426517368384,258851910
2020-08-12,34.96234893798828,35.202741312634615,34.37612888020808,34.89486879609374,115744020
2020-08-13,34.844268798828125,35.56966116188149,34.48578610496537,35.274443526780175,124220440
2020-08-14,35.299747467041016,36.34988567857033,34.50687493772154,34.58278850460763,477423650
2020-08-17,35.852230072021484,36.19805782145164,34.94126728759227,35.25757327369171,181455010
2020-08-18,36.64931869506836,36.84331930209088,35.40096486446868,35.56544370993626,173400200
2020-08-19,36.41313934326172,36.737881919787895,36.1727469504705,36.64931664008908,118436810
2020-08-20,36.489051818847656,36.96983980781764,35.68352769823258,35.848006529605044,158466000
2020-08-21,36.17274856567383,37.28193020349498,35.97874796086659,36.75475359772619,134818760
2020-08-24,36.22757339477539,36.92344708882022,36.10948636162942,36.57340108511586,90928540
2020-08-25,35.76365661621094,36.493267122350375,35.54856769383734,36.43844192229168,105529000
2020-08-26,35.8480110168457,36.07997002224232,35.61183691508246,35.8480110168457,79571570
2020-08-27,36.004051208496094,36.2866170701362,35.67930864829331,35.89017927058538,95491160
2020-08-28,35.7805290222168,36.94453586803829,35.683530328682885,36.2402286953574,152112670
2020-08-31,34.8358268737793,36.28239950108448,34.58278276536369,35.97453018809513,157459100
2020-09-01,36.155879974365234,36.49748936852463,34.74726247959759,34.91174131512844,140728230
2020-09-02,36.99936294555664,37.25662215942953,36.02513842616658,36.27396744804734,117392780
2020-09-03,36.95296859741211,37.42110163109921,36.767401422219294,37.32409973016743,102142880
2020-09-04,35.535919189453125,36.60292405405247,35.34191859749238,36.10948755595901,105290810
2020-09-07,35.63713836669922,36.134793208690894,35.29552895755965,35.73835537354972,96263460
2020-09-08,34.16947555541992,35.911269022886124,33.95860492488933,35.911269022886124,116372720
2020-09-09,35.20696258544922,35.438918353042084,32.60060141183869,33.63808454845232,319997830
2020-09-10,34.414085388183594,35.92391983680607,33.83208362099427,35.763659320005345,229205440
2020-09-11,34.37191390991211,34.806306908308514,33.95017263494386,34.47734922865417,136871250
2020-09-14,34.13151931762695,34.92861001866286,33.92064869369935,34.5827823241268,123310520
2020-09-15,34.182125091552734,34.62916972795397,34.03873141229595,34.329733866059755,91323090
2020-09-16,34.12730407714844,34.582785438076414,33.96704354688,34.28334951125265,99873490
2020-09-17,33.629642486572266,34.371907901705,33.16572780872556,33.90377491090941,148080220
2020-09-18,33.35973358154297,34.21586783886988,33.182603021605786,33.91643192536735,168417030
2020-09-21,31.49563789367676,33.67182115445711,31.2932006701102,33.40190700145537,141383050
2020-09-22,31.558900833129883,31.925813688358936,30.21354511694169,31.546249109519312,220130270
2020-09-23,30.475027084350582,31.88364147474256,30.06593751060479,31.799294502222715,169844110
2020-09-24,29.00736427307129,30.1334127009515,28.910365582050904,30.09545753080367,124957470
2020-09-25,29.699018478393555,29.99423928820268,29.032666521612587,29.35319077714262,122425760
2020-09-28,30.4497184753418,30.78289446550582,29.998455444133423,30.361153194558533,122701960
2020-09-29,31.21307373046875,31.360682538237523,30.508763331748003,30.78711412722399,178916090
2020-09-30,30.344282150268555,31.33537667819784,30.196673353863268,31.2974182919048,129636870
2020-10-01,30.78289222717285,31.234155225568298,30.63106512326128,30.72806702428324,95540970
2020-10-05,32.246337890625,32.51625205248102,31.166681243200934,31.2172881375298,195905330
2020-10-06,31.833032608032227,32.66386021058533,31.47033485691012,32.62590504058979,142863360
2020-10-07,31.301637649536133,31.99329307658989,31.208854055092,31.714942293257486,96937190
2020-10-08,31.51672744750977,32.30538158626412,31.35224538716401,31.584204379521555,141111310
2020-10-09,31.16667938232422,32.63855546106842,30.960027068348545,31.719159396631408,220065830
2020-10-12,31.301637649536133,31.81194420134832,30.57624214856986,31.50407165775011,157568610
2020-10-13,31.069673538208008,31.73602540872201,30.92628307417918,31.37754603101993,119024640
2020-10-14,31.67698860168457,31.82037909605892,31.17090033990009,31.242595587087266,148921160
2020-10-15,31.537813186645508,32.77773361027384,31.33537916909233,32.13668504688382,316506980
2020-10-16,33.220558166503906,33.39347363033595,31.647465043382265,31.80772556640204,288554790
2020-10-19,33.35973358154297,33.73930136543016,33.047645944849286,33.53686414148015,147289680
2020-10-20,33.09825134277344,33.51577423678791,32.86207407885318,33.064511273980536,109496320
2020-10-21,34.08091354370117,34.41408955799334,33.26273760680103,33.427216456971365,263519520
2020-10-22,34.55326461791992,34.88222231500657,33.747737195580925,33.899564320025654,208883010
2020-10-23,35.71726608276367,35.93235179508267,34.7683483077073,34.8358252318769,285885950
2020-10-26,34.44782638549805,35.70883185708613,34.08934695656731,35.70883185708613,166073190
2020-10-27,34.66713333129883,35.160573094258666,34.0260879755248,34.47313272076681,160621710
2020-10-28,33.93330383300781,35.2744412649297,33.77725839724247,34.70509116652424,169657540
2020-10-29,33.857383728027344,34.161037913187606,33.342858938464694,33.69290491400388,138603960
2020-10-30,34.62917709350586,34.827396011846005,33.33443148007477,33.967043406200006,180209980
2020-11-02,33.97969436645508,34.793655155153594,33.62964833629916,34.58278451784963,131431090
2020-11-03,34.3213005065918,34.768348403167685,34.11464820261527,34.37191061308065,122580340
2020-11-04,34.06825637817383,35.00874074604031,33.85738576110899,34.4899976123035,136143660
2020-11-05,35.89017868041992,36.12213764817909,34.511086249064405,34.75147862581923,265177560
2020-11-06,35.97452926635742,36.51435754184736,35.6497867078131,35.80583212585923,173981930
2020-11-09,36.96984100341797,37.10479808012988,36.050444912808544,36.52279307248497,158308620
2020-11-10,37.27348709106445,38.23084144245262,36.7378771685466,37.11322658914,262002400
2020-11-11,39.97685623168945,40.263640430180416,37.07949248594828,37.27349308821707,368618330
2020-11-12,39.90937042236328,40.47872364249888,39.33158701122945,39.81237174380117,234936850
2020-11-13,41.039642333984375,41.19568776367597,39.22193847309868,39.71537499133536,234181870
2020-11-14,41.516212463378906,42.13195434354986,41.07760114785358,41.88312531619763,78374000
2020-11-17,44.08883285522461,44.78470659588129,42.31751758649574,42.68021533695605,642845990
2020-11-18,43.62491989135742,44.18161826320773,43.07243661569602,43.69239682431741,174815130
2020-11-19,44.16474533081055,45.18535840936891,43.017608587002925,43.17365401179295,201379980
2020-11-20,44.949180603027344,45.69144284349443,43.94543442667426,44.36717565233382,266860000
2020-11-23,45.80953598022461,46.05414346114376,45.24018271555193,45.37935810103327,170254250
2020-11-24,46.24814224243164,46.42948787227504,45.66613731826424,46.21861726905615,130291260
2020-11-25,45.65348815917969,47.12114905571247,45.50587937216797,46.47588227083799,176809890
2020-11-26,47.94354248046875,48.17128312757973,45.653487505088,46.054140380898126,225701850
2020-11-27,48.69846725463867,49.12020854449593,47.49228690823645,48.07850704372759,462912480
2020-12-01,49.41120910644531,49.93416738421188,48.6647252511008,49.93416738421188,147391090
2020-12-02,50.975868225097656,51.24999747521255,49.26359648890829,49.402771879589416,249970850
2020-12-03,52.371826171875,52.69656550384874,51.28373302412934,51.3680832008714,247756520
2020-12-04,52.523658752441406,53.35027126497676,51.84043672888284,52.63331238483168,201535520
2020-12-07,51.836219787597656,53.05505177103548,51.40604190071932,52.59957043821036,155883210
2020-12-08,51.74343490600586,52.41822026135648,50.81560222697216,51.95852062645393,170158530
2020-12-09,51.397605895996094,52.35495709166457,51.2078204080868,52.12721643675161,127307310
2020-12-10,51.46086883544922,51.78982973196436,50.0606879345363,51.11504111948972,198293280
2020-12-11,52.43930435180664,52.75561028249831,51.81091080376902,51.86573922437231,163956980
2020-12-14,52.86526870727539,53.89010014449635,52.74296335018459,52.86526870727539,177227150
2020-12-15,53.59066390991211,53.738272713253984,52.07239595708171,52.58692082955675,132263120
2020-12-16,54.26966094970703,54.77997069361488,53.831052881313646,54.08410020536495,160402560
2020-12-17,53.58644104003906,54.48896703817025,53.261701700297785,54.26965979102548,79651860
2020-12-18,53.24483489990234,54.05457735941607,52.97070243312922,53.83527331657588,253515060
2020-12-21,50.25890350341797,52.94539639824124,49.39433587987114,52.633308777200895,190766540
2020-12-22,50.72281646728516,51.4903853794641,49.34372405683852,50.27155347854748,188468790
2020-12-23,52.41400146484375,52.65017553263213,50.29686182863847,50.52460248727599,122383430
2020-12-24,52.48991775512695,53.72561979732921,52.23265532459938,52.74296187204393,120907400
2020-12-28,53.36292266845703,53.59066334161111,52.85261611509774,52.99179150718588,104805170
2020-12-29,53.3249626159668,53.95335615321147,52.38447824910615,53.801529051676745,104163260
2020-12-30,54.02083587646485,54.31605346828417,52.63752507314501,53.38822399316879,115144280
2020-12-31,54.290748596191406,55.121579362579006,53.69187680130352,53.69187680130352,177130120
2021-01-01,54.244354248046875,54.80105575343645,53.98287674808168,54.404617972676064,84113960
2021-01-04,58.453346252441406,59.03534486546869,54.526929377519345,54.74202155724074,381849550
2021-01-05,57.4032096862793,58.52504310996325,56.94351320504621,57.94725314205563,215452540
2021-01-06,57.677330017089844,58.76120809941818,56.935067746861634,57.69420327053859,196105220
2021-01-07,60.96691131591797,61.70074337445785,58.34368034461276,58.453337183225436,382321940
2021-01-08,60.1529655456543,61.34227270223879,59.30526138777104,61.32118434953182,193293130
2021-01-11,58.67686080932617,60.05595003141642,58.04846404472346,60.05595003141642,170245090
2021-01-12,58.613590240478516,61.110297375073614,58.29306924480928,58.62202686636087,245254840
2021-01-13,59.8155632019043,60.27104453131001,58.45334074482053,59.16607806292802,193538710
2021-01-14,59.57939147949219,60.26261028293774,58.79916754980201,59.88726080712046,115408580
2021-01-15,59.54143142700195,60.85726860996145,58.845560882029545,60.05595630865549,206884370
2021-01-18,56.23497772216797,59.78182324167455,55.627669281817155,59.71856462716338,250452260
2021-01-19,57.44959259033203,57.68998175231422,54.57331422644739,56.68202043976082,312451180
2021-01-20,58.21295166015625,59.00160583913384,57.57612460798702,58.21295166015624,233131500
2021-01-21,56.23497772216797,58.60094643379918,55.80480627297021,58.284640490721536,161178670
2021-01-22,54.57331466674805,57.00254836265115,53.44726952961529,56.5133269727528,237156650
2021-01-25,54.990840911865234,55.825886778641404,53.22374405816289,54.91070904533294,163484730
2021-01-27,52.80200958251953,54.92336781110074,52.616445598123384,54.90227945900467,149180840
2021-01-28,52.60800552368164,53.19001054004371,51.67173938225619,52.12722072959245,170917520
2021-01-29,50.69329833984375,53.45992320297754,50.27155707838871,53.14361725688626,268265750
2021-02-01,53.65392303466797,53.982880699107284,50.393861714191054,51.022258501523005,210846940
2021-02-02,54.12205505371094,54.65766823980805,52.64174237432829,54.23592699238749,180489570
2021-02-03,55.092063903808594,56.03254512967255,53.750923325094455,54.396186950380155,148463810
2021-02-04,55.3282356262207,55.96506259713132,53.8647929736597,55.163756796104146,147649950
2021-02-05,57.78276824951172,58.25090130984522,54.94445134537382,55.40836930976233,291008880
2021-02-08,59.292598724365234,59.45707754871626,57.58454543440571,58.53768474471833,214621690
2021-02-09,58.97629165649414,60.43129760301829,58.335249624653855,59.5920366796091,293370280
2021-02-10,58.22138214111328,61.11030590654361,57.36102636828144,59.88725882851631,573979190
2021-02-11,58.59672927856445,59.431775137069096,57.59720459285041,57.99785748628249,163407050
2021-02-12,57.398990631103516,58.86664847976937,57.23029025839058,58.62203776578152,147054790
2021-02-15,56.694679260253906,58.03160482990379,56.51333359213004,57.955688050384374,131716720
2021-02-16,58.97629165649414,59.769167222769745,56.36993396179563,56.69467007329325,336618380
2021-02-17,58.773860931396484,59.3389926626453,57.98942194799858,58.84555617175545,159574830
2021-02-18,58.85398864746094,59.97160030843444,58.53768273187293,59.043770909761676,148561470
2021-02-19,56.57237243652344,58.7063821854064,55.3282370048705,58.7063821854064,223923860
2021-02-22,57.740596771240234,58.866645149951125,56.585023415751714,56.757938874778475,281491090
2021-02-23,61.51517868041992,62.080310408182996,57.54237689715451,58.16655214221729,389070710
2021-02-24,61.380226135253906,62.83945386868613,60.73074736302552,61.99597126642188,216767890
2021-02-25,62.662315368652344,63.514234491058204,61.73870100635373,62.01283024331198,219015960
2021-02-26,60.3216552734375,62.552670267241055,59.9800458633919,61.15248611688085,235515910
2021-03-01,61.60796356201172,62.27009398881376,60.00113040333841,61.068135268159814,140586460
2021-03-02,62.03813934326172,62.39661553821534,60.9964379595094,61.6121765697877,111133990
2021-03-03,65.5512466430664,66.00251291936392,62.50205887045399,62.50205887045399,288428350
2021-03-04,63.93175506591797,64.6866755133383,62.72557482364252,63.345534981033865,228738220
2021-03-05,61.852569580078125,63.76727190935515,61.32117151820809,63.134660072089204,168819600
2021-03-08,62.185752868652344,63.36241468938362,62.00018566858996,62.750884661379445,106145960
2021-03-09,59.61313247680664,63.341323845961824,59.23356146381098,62.839450693333006,195564380
2021-03-10,61.110313415527344,61.57001633550981,59.30104602209066,60.30057087029779,196858600
2021-03-12,60.72652053833008,62.83944173223014,60.224647457269946,62.417700512550745,161214090
2021-03-15,62.114051818847656,62.333359074370264,60.31321484950608,60.89943493935121,155429990
2021-03-16,61.07235336303711,62.42614569528057,60.66326380905525,62.42614569528057,125699980
2021-03-17,59.41490936279297,61.23682821656498,59.098603425274284,61.148266157805786,105409590
2021-03-18,59.4528694152832,60.97535571036599,58.900389362002365,60.41443902951851,143206510
2021-03-19,61.82727813720703,62.14358411723655,57.46225303869508,59.27574194458329,246378140
2021-03-22,62.712928771972656,62.89428087369111,61.152487280152094,61.667012170709455,137603700
2021-03-23,62.51470947265625,63.21480155692684,61.85257899519798,62.92379903784681,118738960
2021-03-24,59.27995300292969,61.82727392566238,58.95521041701358,61.65857355331451,210302830
2021-03-25,60.99644088745117,61.633267877474594,58.06111886735827,59.89569593432395,367224000
2021-03-26,64.68246459960938,65.361468386529,61.16935860948279,61.607973188813,429122470
2021-03-30,67.47860717773438,68.32208976745605,65.61451142668083,65.79164199829101,284794680
2021-03-31,68.4781265258789,69.46078443676531,66.64355590070514,66.97251356964004,280445850
2021-04-01,72.7967529296875,73.29018938952024,69.08121377600976,69.24990769150014,368420980
2021-04-05,73.19319915771484,74.0451183303672,70.61213819303975,72.70819283299572,305759860
2021-04-06,72.77989196777344,74.43733202246456,72.38345415568911,73.84689683548422,207789200
2021-04-07,73.79207611083984,74.6482104389058,72.93172025118733,73.34080982886553,171132080
2021-04-08,77.4654312133789,80.43870837059248,74.45419888739185,74.56385573308535,530630560
2021-04-09,75.87126159667969,78.44388624661427,74.70725785939196,77.68475057653015,321790690
2021-04-12,71.82675170898438,75.33985711578062,71.13509631205069,73.93545797222863,221355040
2021-04-13,74.1421127319336,74.3614199829041,71.6116652423472,72.7081886266782,204285020
2021-04-15,75.7615966796875,76.88342993119014,74.18428211324557,75.23863522136595,218563570
2021-04-16,75.09103393554688,77.12804502899263,74.75363963462893,76.2339491662709,173985980
2021-04-19,74.90546417236328,75.82907854570045,72.53949548658234,73.36611117364188,191469960
2021-04-20,75.40733337402344,76.39842140550911,74.39515055867962,75.9134215640651,169152930
2021-04-22,77.7184829711914,79.17348910777027,75.66460498610297,75.90921570201724,319028150
2021-04-23,78.07274627685547,79.70910455666754,76.82017411900121,78.42701385457269,247523860
2021-04-26,79.3506088256836,80.63692084762461,78.44808286254899,78.86560899155094,212348580
2021-04-27,82.47151184082031,82.91434148932215,79.65006153680002,79.9874558611472,249045150
2021-04-28,81.93589782714844,83.16738162954415,81.14302213762542,83.08303465806033,204479680
2021-04-29,86.9925765991211,87.46492477871331,82.91433914820131,82.91433914820131,447186470
2021-04-30,87.21609497070312,88.78497299279277,85.28451920296348,86.37261243991347,281297380
2021-05-03,89.80979919433594,90.1682818361049,85.90869257563277,87.043177584119,264841000
2021-05-04,89.73389434814453,91.65703356388975,89.20249621440459,90.62798380645314,249616280
2021-05-05,90.2652816772461,91.80041961158038,88.31261757736422,91.43350677338644,192498390
2021-05-06,92.85897827148438,95.22916829214073,87.93304393516823,88.98739697995443,464345370
2021-05-07,99.72915649414062,100.54311403886906,95.32196160415602,95.73526623802421,540754330
2021-05-10,102.59700012207031,103.66400501584933,101.21790437311354,102.06138690955615,280808840
2021-05-11,104.07730102539062,105.09791403761236,99.26945354050135,100.37441351231999,411083810
2021-05-12,99.45924377441406,105.16961769839915,98.11810319894317,103.91283052454183,308891920
2021-05-14,95.49066162109375,99.9526852187,94.06517400890208,99.9526852187,376480320
2021-05-17,97.07218170166016,97.69214184734786,93.0782915920713,95.98831004709248,287534300
2021-05-18,99.53093719482422,100.91846310640676,97.59514635909937,99.10919593552413,245738800
2021-05-19,98.20245361328125,100.3364633298634,97.6752770455382,98.94050080812153,174350260
2021-05-20,93.20903015136719,95.77743922175218,92.61859498303771,95.40630486722468,284462530
2021-05-21,93.88803100585938,94.79899361141572,93.27650750652904,93.96394777395265,141049260
2021-05-24,92.10828399658203,93.53798653896385,91.273238145479,93.45786110919617,189238420
2021-05-25,93.22168731689453,94.97191744531456,92.7830792284205,92.9475580660059,181137520
2021-05-26,91.2774658203125,92.27699707017514,90.46350820603222,91.98177944932897,154327030
2021-05-27,92.5005111694336,93.60547120945557,90.6743707445333,91.27745765637403,227910320
2021-05-28,93.07829284667969,96.46065948295475,92.56798953650723,95.39786972812747,192085810
2021-05-31,94.94660949707031,95.28399734824086,92.6987278664754,93.79525125330119,154286470
2021-06-01,92.85897827148438,94.7230801176954,91.56002098333684,94.47003281284262,176909250
2021-06-02,94.81165313720703,95.29665945506875,93.12047297443361,93.20481994072142,128625910
2021-06-03,94.63874053955078,96.13592336873081,93.87961138470905,95.27557399012161,121094770
2021-06-04,94.52908325195312,95.21230201574977,93.37350991350654,94.13264544842544,97133470
2021-06-07,95.2038803100586,97.00049587345546,94.93818124033898,95.31353072783016,122185920
2021-06-08,93.71934509277344,95.54126402425587,92.78729405894882,95.54126402425587,108343730
2021-06-09,92.86741638183594,95.14482285612566,92.27275971061081,94.21698701367778,111143380
2021-06-10,94.00190734863281,94.95926179201383,93.02768608669592,93.56751437413507,77767640
2021-06-11,97.70480346679688,98.23198007705624,93.88804352146686,95.12796393843868,174458560
2021-06-14,98.24885559082031,99.41707435262123,96.15701592171015,98.51876976406729,160312640
2021-06-15,99.05015563964844,100.10450882220653,97.85241196872511,98.687457887438,97681020
2021-06-16,96.3383560180664,99.93159347021124,95.45270320486033,98.60311103277157,175211070
2021-06-17,95.18280029296875,97.77418469571396,94.48429215383017,96.49358205444528,162076870
2021-06-18,94.19539642333984,95.71314223657193,90.56917833065384,95.29058852783004,403470770
2021-06-21,95.38976287841797,95.63553815548822,91.72474005092974,92.2723394214682,130014320
2021-06-22,95.92012023925781,97.53272611064178,95.41995082727615,96.08396384856273,90246340
2021-06-23,94.8680419921875,97.23521140395802,94.67401268324645,96.6272537798456,78063360
2021-06-24,95.99341583251953,96.6272497064735,94.72574808461157,95.29059171585466,72394700
2021-06-25,100.48629760742188,100.8959164652513,97.44648342370425,97.87766255389764,180227700
2021-06-28,102.10321807861328,102.53439720345601,100.29226707012808,101.24085982892782,116603350
2021-06-29,101.1158218383789,102.79310849757768,100.51217364969752,102.14633976144542,78037590
2021-06-30,100.60272216796875,102.70687194045695,100.2750218041081,101.8488296449773,80432670
2021-07-01,100.3396987915039,101.48232086060773,99.72741863376254,101.05976715306933,56149280
2021-07-02,97.96390533447266,100.61997057972158,97.46373592219747,100.55098033404114,75734070
2021-07-05,99.76191711425781,100.18878683823247,97.96390086117269,98.82625915498456,76799000
2021-07-06,100.65876007080078,101.58579908789135,99.19275375534863,99.91713148883672,91468350
2021-07-07,105.09129333496094,105.63889270259497,99.90420864002833,100.71913697770604,167456260
2021-07-08,102.59907531738281,106.0700687193794,101.86176267043285,105.63888957824372,124105850
2021-07-09,106.87637329101562,107.28599874496253,102.44816817889266,102.793106233816,178593560
2021-07-12,105.80705261230469,108.52779202844329,105.0654239391525,107.88102329575976,166477750
2021-07-13,105.96227264404297,107.22994035623194,105.47503811512465,106.7599566771411,79155280
2021-07-14,107.3377456665039,107.59644922584306,105.12148495387726,106.23823744631413,83413880
2021-07-15,108.30789184570312,109.15731529836458,106.73408399912135,107.45846839304168,96555510
2021-07-16,110.24819946289062,110.4939747398891,108.57522223205295,109.06245678375547,84969250
2021-07-19,109.20906066894531,111.32183598992485,108.11386846181922,108.5709173335948,89046290
2021-07-20,106.35895538330078,109.71784449594192,105.63888702452374,109.6919682215112,85799400
2021-07-22,109.77821350097656,110.20507664594017,107.62231776513076,107.70855227871026,78940240
2021-07-23,110.5025863647461,111.71851466339596,109.86444309769122,110.32580134329336,86418650
2021-07-26,111.92979431152344,112.81802231055431,110.21370313147527,111.15797994627268,86784330
2021-07-27,114.74971771240234,115.08172094518102,112.80077938996902,113.40012476853519,103413820
2021-07-28,117.71190643310547,118.13876957537082,112.64123548371478,114.866121448069,128351250
2021-07-29,125.78358459472656,127.78424904694074,117.97062035113176,118.57426854108674,300610410
2021-07-30,123.68804168701172,126.99950748009981,123.12751406886984,125.52918503483113,140492650
2021-08-02,121.59683227539062,124.7832392459259,121.20445768285943,124.69701131390748,97689200
2021-08-03,121.35105895996094,122.52818275646965,119.89798735459901,121.93745627786355,86405600
2021-08-04,122.12718963623047,124.86949612867612,121.16997130752932,122.45489003155623,112894350
2021-08-05,124.74873352050781,125.0419321343592,119.65219368029199,122.0495482919778,162217990
2021-08-06,123.21805572509766,125.64559634186192,122.97229362052867,124.95570709945426,96740250
2021-08-09,121.78224182128906,124.45986069451278,121.19583132693695,123.6621766245449,78594930
2021-08-10,118.45353698730469,122.28240995672722,117.90162819990869,121.76498971168071,84516230
2021-08-11,122.98953247070312,123.29136312914558,119.36763036210857,119.86779973860416,145353570
2021-08-12,123.77860260009766,124.58490551077774,122.1573647742103,123.83465799535023,109431080
2021-08-13,126.04660034179688,127.33583500141654,119.92386405374636,121.16134616004959,289698720
2021-08-16,131.02671813964844,132.32887439514744,126.95638603732824,127.9739624836368,271144880
2021-08-17,129.67282104492188,132.28576579608645,128.64230965779439,131.0267299722579,189709230
2021-08-18,129.3925323486328,130.9835842533707,128.3361514666484,130.1686626106137,123317450
2021-08-20,118.62599182128906,124.78322883955573,117.52217437858044,124.61507583309013,273400690
2021-08-23,117.16431427001953,121.57526851929858,113.03361067584389,120.90263010312916,229257290
2021-08-24,121.13115692138672,122.45488008600063,118.74673671929331,119.17791587452571,176075790
2021-08-25,119.88505554199219,122.9722998605528,119.07012062565083,122.28241058313786,125650100
2021-08-26,118.57858276367188,120.2774296746826,117.71190845769995,119.90229275938815,91578980
2021-08-27,119.36331176757812,120.25155287379181,118.64756599729552,118.91919779374263,73940810
2021-08-30,124.23133087158203,124.61077061758377,120.55768936069276,120.64391729298397,134443870
2021-08-31,125.06351470947266,125.81807826731634,123.48971334910755,124.61078183818412,247521080
2021-09-01,121.69599914550781,125.51625325884147,121.33381023835372,125.14974834945136,88128970
2021-09-02,122.89466094970703,123.48969020631839,121.59250481956542,121.67874590200309,61480460
2021-09-03,124.4943618774414,125.29634878781883,122.1487462268859,123.14476901999,84523820
2021-09-06,123.92089080810547,125.2101254740262,122.72652924445659,124.78324914797892,69586760
2021-09-07,123.20511627197266,125.81806065963784,122.51092421200678,124.52452331293063,63527170
2021-09-08,123.3042984008789,124.40811593951209,122.33414534210453,122.97229520228494,46762240
2021-09-09,124.78324127197266,125.21011757107658,122.45487653298372,122.45487653298372,53130300
2021-09-13,126.20182800292969,126.93914067401572,123.877766040029,124.78324489776361,56702080
2021-09-14,125.24030303955078,127.2841013348495,124.9557231969511,127.2841013348495,55037670
2021-09-15,125.48174285888672,126.2233714721814,124.55902638384082,125.24028360419008,44174640
2021-09-16,123.89933013916016,126.93051900685839,123.42503044721765,125.90431053480368,56067970
2021-09-17,119.51421356201172,124.20544403130887,117.2807090982638,123.9208642610896,195720300
2021-09-20,108.0621109008789,116.58221467670481,107.56625753563117,116.4183645027785,282384120
2021-09-21,111.43394470214844,111.83925417082985,106.32015953074875,108.48468078604006,255935400
2021-09-22,112.60674285888672,113.65882098586506,110.6491859297001,112.05483410035241,111242470
2021-09-23,113.71918487548828,115.5085888758493,112.62830215170436,114.69365396578107,99462510
2021-09-24,109.70059204101562,114.17622687841089,108.52347487359229,113.8312888423058,132866160
2021-09-27,109.5626220703125,111.13210729696304,108.74769375914664,109.69197054885348,86688770
2021-09-28,110.46378326416016,111.83061374857253,108.91585175391874,109.81701456390951,81007360
2021-09-29,111.72282409667969,112.95168731530677,109.2780456662264,109.51950493939356,94945770
2021-09-30,111.14936065673828,113.52084597952104,110.71386550491157,112.36528901665186,75145680
2021-10-01,111.92118072509766,113.05518405172037,109.08833040976582,109.95068875292603,90374700
2021-10-04,114.18917083740234,114.49962035808595,110.41635319783106,111.92117740988118,96902370
2021-10-05,113.55964660644531,114.9264902532739,112.98186814494258,113.3138713416033,57952160
2021-10-06,110.37323760986328,114.57292492356503,109.79114970157713,113.82267740898217,86316930
2021-10-07,111.17523193359375,112.69297782467669,110.6879973822554,111.67540133326216,46033670
2021-10-08,112.20575714111328,115.90526853087465,111.79181567484765,112.27905022926572,107220150
2021-10-11,113.24490356445312,114.46513482621995,111.934115202803,112.53776340930503,63496580
2021-10-12,114.61604309082031,115.12483132213367,112.53775646096213,113.24489657244976,60970190
2021-10-13,116.78917694091797,118.70792940028053,113.66312813853524,114.30559401262745,132857180
2021-10-14,118.57858276367188,119.9195436098547,116.76330906019122,118.48802566763004,82273710
2021-10-18,121.68307495117188,122.86451487400589,119.96267420192632,122.28242033854441,109232300
2021-10-19,117.8757553100586,123.01971928834585,117.06945242423092,122.5411167594059,87569240
2021-10-20,115.8405990600586,118.66051455687544,114.4047650344889,118.31556332077956,69757740
2021-10-21,113.3742446899414,117.09532279207387,111.21834897918501,116.99614685230354,83575730
2021-10-22,111.78319549560547,114.23228992835557,109.60573945553585,113.83129647382775,80712890
2021-10-25,111.52880096435547,113.48635799758162,109.2823546889858,112.27904847762402,64185010
2021-10-26,115.87077331542969,116.50460716819636,112.23162037497298,112.36528485371251,77228750
2021-10-27,114.36164855957031,116.56496765889376,113.93908826337234,116.07343027949989,72418040
2021-10-28,112.07208251953125,113.48203350308675,111.33907275303403,113.39148957239226,93076820
2021-10-29,113.4820327758789,115.01271337673242,111.24421210754377,111.26576579996161,79147600
2021-11-01,117.70327758789062,118.39315363355787,114.69364267828016,115.55600089390632,96875330
2021-11-02,113.28369903564453,118.14308315688321,113.03792377029706,118.14308315688321,72161370
2021-11-03,114.35301208496094,114.86611629652045,113.1413997960966,114.24521730368444,57302440
2021-11-04,114.34008026123047,115.12482944772596,114.18486208818811,114.7798914019365,6744340
2021-11-08,115.83627319335938,116.215712941481,112.63261534496915,115.63361847145546,54936670
2021-11-09,115.2067642211914,117.30660468714302,114.59448400611939,115.80179358496088,47565160
2021-11-10,111.98152923583984,114.60740858355688,110.99413849287421,114.52118065186022,118804170
2021-11-11,112.07208251953125,114.21934611296969,111.10192950074858,112.52913133347434,136638600
2021-11-12,111.00707244873047,115.55600701364915,109.6143591196622,115.55600701364915,232395580
2021-11-15,107.40240478515625,112.020329448592,107.06177617725464,111.67539141805358,121082150
2021-11-16,105.96658325195312,108.74769397293942,105.5267852655061,107.40241058002462,123148800
2021-11-17,105.21202087402344,106.70821303452642,104.78515773091875,105.63889059639973,87802040
2021-11-18,102.32743835449219,105.92347086251537,101.93074774937527,105.5181614115315,101083510
2021-11-22,100.46904754638672,103.20703767631328,98.82625610013937,102.45678361535047,96210010
2021-11-23,102.79741668701172,104.25911365640692,100.47767089102383,100.72775557283383,93829630
2021-11-24,101.6289291381836,103.73739501807697,100.99509523141147,103.51749600973089,67671010
2021-11-25,101.2106704711914,102.32742936438538,100.55096696038623,101.75826978213013,47502860
2021-11-26,95.92012023925781,99.99044604293518,95.39839055310468,99.85247213092724,106455260
2021-11-29,96.13139343261719,98.0501393992508,92.70782981297756,95.92011985269524,93929910
2021-11-30,92.37582397460938,97.26539398358291,91.66869042787566,95.80369692018272,133559840
2021-12-01,93.35459899902344,94.60070652741993,91.97051755852601,94.16952736078763,93791140
2021-12-02,95.9287338256836,96.23918333476927,92.61728116779852,93.39340494051271,91286810
2021-12-03,96.41165924072266,97.80867545670263,95.05344098941016,96.15294912258554,100737840
2021-12-06,95.6182861328125,98.3950809172271,95.04913307485909,96.06671613413019,82159400
2021-12-07,99.06771850585938,99.64981298636869,96.6703634997787,96.67898892491996,85053900
2021-12-08,101.15462493896484,101.49956297412328,99.08496383165777,99.94732207809645,74485010
2021-12-09,101.48663330078125,101.93074729399737,99.94732717363206,101.93074729399737,52123940
2021-12-10,101.75828552246094,102.52578392929706,100.6889630083194,101.19344185465962,48121300
2021-12-13,100.49061584472656,103.39676580568079,100.17585689427229,102.44817295190374,53537780
2021-12-14,100.65446472167969,101.5771878660296,98.91249722122016,99.94301515616829,53522640
2021-12-15,99.52044677734375,101.37882764116063,99.08495825593575,100.90021857814865,44308330
2021-12-16,99.44715881347656,100.79243565503617,98.614986212691,100.3785073557586,42460080
2021-12-17,97.6275863647461,99.93439754373553,97.015312736102,99.51615322470924,47435020
2021-12-20,92.5267333984375,96.34267155626833,91.93171063776056,96.32542070565637,73526500
2021-12-21,95.29920959472656,96.95062639044755,93.5658677146826,93.99704682857515,70268490
2021-12-22,97.3473129272461,97.53271679301022,95.72176578323571,96.15294490838542,43669170
2021-12-23,97.24382781982422,98.89524466292528,96.60136855315419,98.13637176923952,46214780
2021-12-24,96.19175720214844,97.74400480948238,95.19142497241134,97.4507995595318,40936300
2021-12-27,96.7393569946289,96.9894416979597,95.06207031857099,95.81232442856339,27588510
2021-12-28,97.22659301757812,97.57584709117835,96.75660272393723,97.18778189218878,28807810
2021-12-29,96.26074981689453,97.15760328107298,95.54930681725787,96.58413419477884,41935200
2021-12-30,94.94564819335938,97.18777847354458,94.77317916383426,96.40303583615204,41140930
2021-12-31,95.84680938720703,96.88595270720046,95.08793645943607,95.29059118422389,36870210
2022-01-03,98.5201187133789,99.25743131831996,96.1529429948777,96.1529429948777,38658030
2022-01-04,99.06771850585938,100.00769246810687,98.00702148799255,99.429913989804,59757310
2022-01-05,101.55130767822266,101.8272620504758,98.41663364925738,98.91248700307638,61861760
2022-01-06,100.31382751464844,102.0169904358269,99.64981451257813,101.06839103390966,53354000
2022-01-07,100.06375885009766,101.24087620917379,98.98581086358446,100.4819966159342,39738570
2022-01-10,100.81399536132812,101.1891191140519,99.5032136486263,100.46474130475471,38225000
2022-01-11,97.46804809570312,100.26639656623985,95.9804813452426,99.91714250770156,96978850
2022-01-12,98.92974853515625,99.24019805987396,97.65345531361989,98.29591463713025,50358430
2022-01-13,105.30687713623047,105.6820074534435,99.35660382306921,99.51614457516243,157231160
2022-01-14,104.65580749511719,105.75099967975586,104.00903874737014,104.60406810066443,52679070
2022-01-17,106.04850769042969,107.36360537737228,102.65082055640784,104.77653054900186,89696070
2022-01-18,103.03887939453125,106.39345257030492,102.62063510327282,106.07006821598787,58408970
2022-01-19,104.31085968017578,105.2853221953247,102.01699001236457,103.13805186019336,73043210
2022-01-20,104.06077575683594,105.55265852899272,103.22428714290454,104.35398100364931,59205970
2022-01-21,100.87004852294922,103.85380736622385,99.71880101484015,103.48299304464302,71662670
2022-01-24,94.79042053222656,100.34831938211082,93.99705249387226,100.03356045219434,83920760
2022-01-25,95.6441650390625,96.67036697250055,93.74266335231358,94.402366944978,57330630
2022-01-27,93.85476684570312,95.15692974940681,91.5220860141097,93.99705675783082,90566560
2022-01-28,93.53569030761719,97.07998346424421,93.216621945795,95.36389228107102,78648930
2022-01-31,93.61329650878906,96.11844607646883,93.17780797774545,95.713136661799,55709390
2022-02-01,100.66739654541016,101.27967014809818,93.68660506334082,95.28196660040358,170752680
2022-02-02,100.68033599853516,101.74965849585236,99.8869679063086,101.74965849585236,75247340
2022-02-03,100.60272216796875,101.90487846042319,98.85212929704542,99.42991435675225,65140900
2022-02-04,101.43920135498047,103.2889635362436,100.91747828384477,101.22361178658058,93174180
2022-02-07,102.0169906616211,104.74203949884883,100.11979843285933,100.74932289377303,145105250
2022-02-08,105.1732177734375,105.41467704543118,101.02527644417187,103.0518171390008,140839840
2022-02-09,105.41036224365234,106.41501040421794,104.18581509572871,106.15630029498499,73520600
2022-02-10,107.6524887084961,108.16128348473632,105.72511754068327,106.07006214807596,93920570
2022-02-11,108.17854309082031,109.08402199118625,106.33740616902135,106.84620101739301,96762260
2022-02-14,102.34899139404297,105.87604021622124,101.76690349670471,105.21633665167492,80216130
2022-02-15,104.15132904052734,104.51782738468835,99.30487283789579,103.21135503582514,101889210
2022-02-16,102.7758560180664,105.026611566394,102.31880720038487,104.77652688554967,66092140
2022-02-17,102.70255279541016,104.3022236018262,102.28861795681782,103.57784585837842,56557920
2022-02-18,102.68962097167969,103.914168095523,102.01698259602692,102.36192062919257,47251200
2022-02-21,101.91781616210938,103.65546765428914,101.27536342306743,102.44817126712097,49787320
2022-02-22,98.19674682617188,100.60703681436436,96.51946011322879,99.86109869031961,93858570
2022-02-23,98.22261047363281,99.39541827350025,97.79143132895423,98.99873424990857,49608380
2022-02-24,92.6172866821289,96.57982429214978,92.02225732440871,94.34200335561633,121268670
2022-02-25,98.77020263671875,99.23156086670558,94.47996519618238,94.66105963424675,92128860
2022-02-28,105.27238464355469,105.63888954511371,97.37749562451964,97.79143049475957,176054460
2022-03-02,111.18817138671875,112.07209658769226,105.08267928901718,105.27239259880558,248475320
2022-03-03,112.39116668701172,114.57724828861906,111.55899402729816,112.62400712870603,174503380
2022-03-04,110.13177490234375,113.8183578569318,109.77821142955774,112.31354687243976,162829230
2022-03-07,111.40806579589844,112.26179205245278,109.00208545923375,110.02828731547652,110400010
2022-03-08,109.47637939453125,111.58915451756302,107.27736976062967,111.50292658596466,91078220
2022-03-09,108.25614929199219,110.10590489838572,107.67405482421864,109.85582020893412,69348880
2022-03-10,112.8568115234375,113.29662261950054,107.0186495025962,108.47172751903936,136740620
2022-03-11,112.25318145751953,115.54739657134353,111.7788817476046,113.40011960747975,118822990
2022-03-14,111.84786224365234,113.11552992213977,110.1835105602082,112.53775147443788,52780820
2022-03-15,106.3934555053711,111.5029310762435,105.89760211344786,111.39943913219774,96143130
2022-03-16,109.10987854003906,109.62298274979332,106.94966692012478,107.36360177364955,63024510
2022-03-17,112.40409088134766,113.64157290582183,109.61436132362208,109.95068052594797,106239760
2022-03-21,112.36096954345703,115.03858829534657,111.63227575046508,112.79646468183078,84227630
2022-03-22,112.27904510498047,114.69365091382217,111.0760516234096,113.83129263627464,81795880
2022-03-23,114.7798843383789,116.22863983178982,111.44686508120809,114.17622305758218,130552380
2022-03-24,116.46578979492188,117.23760413067345,114.34439582030423,114.77557495514196,94605270
2022-03-25,115.46546173095703,117.79814237952141,114.99978090651652,116.84092419432996,69457440
2022-03-28,115.46546173095703,116.84954303976676,114.48667669435959,115.55600566294278,46554910
2022-03-29,115.09465026855469,116.08637023381614,114.43494667867606,115.9009531941237,43202370
2022-03-30,112.80078125,115.17226678806642,112.10658907223105,115.1248433934065,58483160
2022-03-31,112.72747039794922,113.8700924363943,112.11519025663651,112.79646063630435,40067950
2022-04-01,113.58121490478516,115.63361866439186,112.5765601393037,112.9689347359231,55321590
2022-04-04,115.71985626220703,116.76330238123724,113.35268706463512,113.58121147570725,69670320
2022-04-05,115.97857666015625,117.10826396827153,114.62898376692678,116.28471018323435,63296420
2022-04-06,118.207763671875,119.58322624018291,116.14241181825365,116.41837279579649,114097540
2022-04-07,116.37525177001953,119.09168835255173,115.6422550987028,118.74673713204068,55650640
2022-04-08,118.207763671875,119.0011317444952,116.95734674392517,117.36265620560144,52287710
2022-04-11,117.09962463378906,119.35038026290316,116.67707749956371,118.20345533411174,44778820
2022-04-12,113.85284423828125,117.27640758993641,111.77025482602076,116.6770754404932,69191680
2022-04-13,113.78816986083984,116.07342714668361,113.40011127525665,115.12051179451639,44937800
2022-04-18,115.47840118408203,117.11256066116185,114.59447604620591,114.8575021657594,80700420
2022-04-19,114.40045166015625,117.85418759589092,112.88269267813011,116.6425752749466,64772190
2022-04-20,113.33544158935547,115.24987805756852,112.36959135082839,114.66778357654343,54100210
2022-04-21,112.29198455810547,114.06844057734227,110.88634945586455,113.48635924295989,66690280
2022-04-22,110.17058563232422,113.1026052582481,109.8428918367955,112.24456293412355,55848230
2022-04-25,105.2378921508789,108.91153355720054,104.58680746167937,107.79478120296295,72310460
2022-04-26,106.38053131103516,107.07903950021729,105.63890257072744,106.5012609590599,44812710
2022-04-27,107.51020050048828,108.22595942070208,104.37984244912833,105.81135371028469,71209740
2022-04-28,108.7304458618164,109.40308428558164,107.1911397119339,108.6140256486965,51295830
2022-04-29,109.61004638671875,111.39081166861187,109.14437215016954,109.34702686179571,57173520
2022-05-02,111.69264221191406,112.34371373112407,107.68698452844606,108.39842744016876,54426170
2022-05-04,108.77356719970703,114.69365515161496,108.18284728385593,114.4608147236819,138374020
2022-05-05,110.74836730957031,113.52946493195336,110.20939337206855,110.38186240036043,87338160
2022-05-06,110.70093536376953,111.24422532609616,107.19114377925725,109.34703961891027,69256760
2022-05-09,107.98881530761719,109.88169148675831,107.2773723516687,108.65714429672518,50552970
2022-05-10,100.45612335205078,108.19578830470324,99.90853053141065,107.88102934600751,145537420
2022-05-11,100.52510833740234,102.69824839245365,96.87732977656732,101.32710183209532,107063150
2022-05-12,96.38578033447266,100.24052282971851,95.11811921216427,99.76622973177594,94191610
2022-05-13,94.60070037841797,99.32642663241772,94.16952123981211,97.87766446353115,82924410
2022-05-16,95.1612319946289,97.8604175398602,94.341994285196,96.49788991977876,62665270
2022-05-17,102.50853729248047,103.24154055881965,96.18313971682848,96.9290778318058,112876010
2022-05-18,101.77983093261719,104.25911083219941,101.32709154814358,103.22427701350676,81575800
2022-05-19,96.76953125,99.59375593337528,96.1701925084603,99.25743673045496,66545630
2022-05-20,100.9476547241211,101.62029310700063,98.41232594090364,100.23621179898417,65527500
2022-05-23,88.2149429321289,94.60070525111652,86.36949665018217,94.60070525111652,273883460
2022-05-24,86.7834243774414,89.67663262334955,86.40829406458593,88.90913430678005,123116660
2022-05-25,86.15821838378906,87.81825411503256,85.52869394837522,86.78342681709562,99343400
2022-05-26,90.7200927734375,92.06106022629471,85.8262132473865,86.83948032739987,150536730
2022-05-27,89.98709106445312,92.06968723583871,88.99537766199256,91.62557321904815,74772200
2022-05-30,90.32772064208984,91.73767169648177,89.98708543621176,91.32374340539717,72701590
2022-05-31,91.03485107421875,92.43618323520377,89.42654819545902,90.11643742949865,121248850
2022-06-01,91.71611785888672,93.04845982383588,90.83219930512062,91.88427746048932,94055290
2022-06-02,93.26837158203125,93.54432600651333,91.33238118720013,92.07831936006582,79177040
2022-06-03,92.03950500488281,94.23851474026279,91.84115969938486,94.16952449667464,53954860
2022-06-06,92.97084045410156,93.3847753073201,90.4786256479429,91.84115325650109,57262490
2022-06-07,92.14298248291016,93.26405089785132,91.71611933772087,92.01362742283668,43341570
2022-06-08,93.71678924560547,93.90219311881334,92.62159053936246,93.22092928421237,64734340
2022-06-09,90.10350036621094,93.7598974264512,89.78874145383395,92.69920048584389,98547810
2022-06-10,88.27962493896484,88.94363796065477,87.15424705095849,88.82290832034751,95225630
2022-06-13,85.54164123535156,87.27066745902617,85.37348161050178,86.60665438582437,82235750
2022-06-14,85.90381622314453,87.4172591800979,84.98971857295989,85.22255240826813,77202600
2022-06-15,87.21263122558594,88.54870200788935,86.40371884916738,86.70364758729237,92443330
2022-06-16,81.9546890258789,88.61686084380074,81.6365786045791,88.61686084380074,122741050
2022-06-17,82.40914154052734,84.29054554719517,81.39118810498161,81.61841084459988,121290260
2022-06-20,78.29186248779297,82.25462741292668,76.58769203034282,82.25462741292668,139866890
2022-06-21,80.41866302490234,81.39117592759398,78.52816844989667,79.52794696777711,124526970
2022-06-22,76.17414093017578,79.42342992260815,75.95600906488202,79.34162613919364,109877390
2022-06-23,76.46499633789062,77.79652524138055,75.16528194744464,76.34684300577297,111515840
2022-06-24,77.51476287841797,78.5963383221512,76.76946569173775,77.25572564632245,85433810
2022-06-27,78.87809753417969,79.87787610499116,78.44182686520152,79.11895306014786,72814730
2022-06-28,79.88241577148438,80.38230850969366,78.20096909595102,78.70994574991913,84647330
2022-06-29,80.12781524658203,80.78221078953382,78.93716359827336,79.07349860341239,72318470
2022-06-30,78.80538940429688,81.30029055826209,78.46455530704152,80.11873651501601,84672090
2022-07-01,79.3325424194336,79.5279506268017,78.08281748101243,78.79629320366364,54761890
2022-07-04,77.66927337646484,79.18257755421003,76.64677111590355,78.93717312847446,77554410
2022-07-05,78.1782455444336,79.90968149614554,77.96465564093397,78.34638813192984,79058290
2022-07-06,77.99647521972656,78.26459637243198,76.16960255935298,78.02374083738647,81439710
2022-07-07,81.80017852783203,82.39550093985422,78.02828001996903,78.80083587476338,111007940
2022-07-08,80.51863861083984,83.42709354695954,80.02784364463878,83.42709354695954,112000630
2022-07-11,82.9590072631836,84.43595477946988,79.53248514219908,80.45500872839806,150193340
2022-07-12,81.99104309082031,83.24985886495878,81.21848725193227,82.2455314204035,100175050
2022-07-13,82.2409896850586,83.09080041670671,81.85925718965069,82.34096823399213,70135110
2022-07-14,82.52729034423828,82.79995343334858,81.34572948856675,82.70906573697847,74498580
2022-07-15,80.32777404785156,82.73633628379382,79.75517528573326,82.2546252234628,81253510
2022-07-18,82.19100189208984,82.5272940113177,81.09578672630467,81.52750850396114,73060810
2022-07-19,83.5679702758789,83.79065103406948,81.89106552105342,81.89106552105342,85341580
2022-07-20,84.38597106933594,85.2539634849424,84.09057738604372,85.0676391986901,77088650
2022-07-21,84.91767883300781,85.33122586534998,84.02696268136988,84.52685546049639,50877140
2022-07-22,85.07673645019531,85.7993030574507,84.70862980784534,85.66296803446411,48608940
2022-07-25,87.31715393066406,87.69434450979988,84.85406027018176,84.98130444937364,99635630
2022-07-26,86.29917907714844,88.7713631738312,85.98561757452893,88.34418338641059,126264690
2022-07-27,87.19898986816406,87.39439807133631,85.76294066916637,86.43551795271095,52559020
2022-07-28,91.20719909667969,92.7068704466446,88.29875103285276,89.16219460153312,137156107
2022-07-29,97.79666137695312,99.34178009792033,92.843208648226,93.61576454156591,166959934
2022-08-01,98.38743591308594,101.29588390077414,96.47876648777262,100.43244035469742,125365761
2022-08-02,97.25132751464844,98.16021842600028,95.7516561240604,98.16021842600028,64935371
2022-08-03,97.2967758178711,98.56921755920173,96.3424375775857,97.25132849812897,61428846
2022-08-04,97.8875503540039,99.52355680116267,96.38788586744377,97.7057749417807,79526154
2022-08-05,97.56944274902344,99.29633695244524,97.34222001000182,97.84211280956445,54469112
2022-08-08,97.43309783935547,98.29654832065916,96.97865240739152,98.023878287766,41384943
2022-08-10,99.2508773803711,99.88710513167452,96.79687487555074,98.06932344387074,73880698
2022-08-11,99.15999603271484,100.56877970469132,98.70555058166272,100.2506692758123,75321498
2022-08-12,102.38655853271484,102.61378125163596,98.88733004818698,99.3872158692412,95942333
2022-08-16,102.70466613769531,103.3408869595238,100.9777721343634,103.3408869595238,69207437
2022-08-17,102.2502212524414,103.15911210801866,102.02299853854709,103.15911210801866,54008422
2022-08-18,102.2956771850586,102.70467533080254,101.25045122625045,102.25022986473704,49396425
2022-08-19,100.02344512939453,102.61378277673688,99.56899968479807,102.2956723523768,57134813
2022-08-22,95.47898864746094,99.61443794453312,95.16087129559713,99.52355024440934,74037526
2022-08-23,97.79666137695312,98.38744186043213,94.07021000050555,94.70643086930609,70531639
2022-08-24,96.84232330322266,98.29654728330298,96.11520784603904,97.75121415755872,55686404
2022-08-25,96.56966400146484,98.06933546458042,96.1152185238109,97.29677953942624,42186335
2022-08-26,97.56944274902344,99.25088963092584,97.34222001000182,97.47855504027233,71257092
2022-08-29,95.29721069335938,96.02432619634635,93.84298662167276,94.57010212465974,59895805
2022-08-30,98.43289184570312,98.61466726048668,96.38788722509396,96.79688537550076,67401780
2022-09-01,96.70598602294922,97.93298726070394,96.25154060642623,97.25131913591945,52454732
2022-09-02,95.88798522949219,97.25132151237597,95.43353980186426,97.25132151237597,45601352
2022-09-05,97.16043090820312,97.52398862629094,96.16065238417664,96.3878750911957,40352735
2022-09-06,98.7055435180664,98.88732584605086,96.38787604413059,97.61487728730683,59505849
2022-09-07,97.79666137695312,98.97822234391114,97.34221591801348,97.7512209916316,43945660
2022-09-08,96.20609283447266,98.52376722145509,95.75164742010642,98.52376722145509,71228405
2022-09-09,96.06977081298828,97.56944227002614,95.88799539637846,97.25133182381512,63647166
2022-09-12,97.9329833984375,98.11475878416316,96.7968699019359,97.06953991481087,40838533
2022-09-13,97.9329833984375,98.79642688206413,97.75120801271183,98.16020609773781,44179394
2022-09-14,99.20543670654297,100.34155025807395,96.16065377529729,96.61509919590968,86379872
2022-09-15,97.25132751464844,99.06910933735215,96.7968820589725,98.75099890523646,62926791
2022-09-16,96.06977081298828,97.70577729962734,95.43354992056624,96.5242162888005,107967267
2022-09-19,93.70664978027344,96.52421016468763,93.61576207773503,96.52421016468763,51146568
2022-09-20,96.16065979003906,96.6605456234079,94.52465339978934,94.70642880568943,52140254
2022-09-21,94.93364715576172,97.43309701029557,94.79731907476214,96.16065535905332,46142823
2022-09-22,94.16108703613281,95.70620558202411,94.07019934150075,94.93364284193515,61380323
2022-09-23,94.79732513427734,98.06933103886784,94.29743235770229,96.52421232400054,109765520
2022-09-26,90.75274658203125,94.9336429483726,89.52574536740636,94.88820256814894,101291962
2022-09-27,88.7531967163086,92.11609023259852,87.70797080688209,92.11609023259852,104949032
2022-09-28,86.52640533447266,88.9349674512323,86.34462993989287,87.75341351789005,71724106
2022-09-29,88.02607727050781,89.29852584497812,87.61707916248984,88.16241228460943,60884592
2022-09-30,90.25286865234375,91.25264725004311,86.98085588272802,88.02608179889486,66436616
2022-10-03,89.38941955566406,90.57098051163906,89.07130912422073,90.52553319245258,37282313
2022-10-04,91.93431091308594,92.25242132389718,90.88908504817455,91.16175507703383,40186702
2022-10-06,94.11566162109375,94.3428843609474,92.47965512043244,92.70687786028608,48169310
2022-10-07,93.88843536376953,94.07021077512726,92.61598668140307,93.88843536376953,36080875
2022-10-10,93.79754638671875,94.07021645450493,91.93432403780612,92.7068799841498,36641275
2022-10-11,91.20719909667969,94.20654179660953,90.70731326954949,94.11565409479377,41083734
2022-10-12,91.38897705078125,91.97975055138852,89.9801934702097,91.20719472158247,41357469
2022-10-13,90.97997283935547,92.52509144732583,89.79841889309367,91.88886369076619,34668093
2022-10-14,90.97997283935547,93.43398229873655,90.79819744278808,92.57053182932422,32456805
2022-10-17,90.48008728027344,91.252643119238,89.16219138153444,90.66186267734031,37568783
2022-10-18,91.47986602783203,91.79797644052101,90.70731018721969,91.16175561514306,30722156
2022-10-19,90.93453216552734,92.02519841000525,90.61641482112499,91.43441797162686,38764542
2022-10-20,91.70709228515625,91.97975539187323,89.79842280098863,90.43464365094877,38091315
2022-10-21,91.07086181640625,92.20697539662233,90.2983059687167,91.66164226497601,30973997
2022-10-24,91.9797592163086,92.79776243904574,91.79798380427255,92.70687473302772,7480281
2022-10-25,91.9797592163086,93.1613201974053,91.52531375193101,91.93431883044332,37163180
2022-10-27,94.7064208984375,95.11542592899481,92.75231117815929,92.93408656888253,74349009
2022-10-28,92.34331512451172,95.06998785614664,91.61620655664814,94.61554240087415,51006232
2022-10-31,92.29786682128906,92.84319993397425,91.16175328057544,92.61597722583153,38715841
2022-11-01,91.9797592163086,92.20698194849739,89.57120380253737,89.57120380253737,69031178
2022-11-02,92.02519989013672,93.61575890058351,91.6162017754509,91.79797717435859,42336049
2022-11-03,92.70687103271484,93.11586916061488,90.88908924775964,91.57075741711785,39110676
2022-11-04,95.2063217163086,95.43354444116852,92.88864714902245,93.16131719256927,70299020
2022-11-07,96.97865295410156,97.66032110589033,95.0699835159504,96.25154441943242,74426059
2022-11-09,96.43331909179688,97.75121500254859,95.93343327816302,97.47854497017597,38295904
2022-11-10,95.16087341308594,96.34243434384801,94.93365069057687,95.61531885810409,27864285
2022-11-11,97.75121307373047,98.34198657506911,96.56965220247952,96.56965220247952,77933417
2022-11-14,98.79644012451172,99.97800109296169,98.38744198466456,98.6146647144213,55474425
2022-11-15,98.66010284423828,99.38721135115972,97.4330946704136,99.06910094598867,35007427
2022-11-16,96.84232330322266,98.8873277254788,95.61531510243944,98.56921037903165,40404167
2022-11-17,96.20609283447266,97.0695432823405,94.97909160254119,96.25154014962396,32894825
2022-11-18,95.88798522949219,96.61510068741164,95.16086977157273,96.20609564197436,28992538
2022-11-21,94.75186920166016,97.88753979720903,94.38831148213457,97.88753979720903,58404309
2022-11-22,95.61531829833984,95.7971006358552,94.11565388598923,94.88820975113985,27846186
2022-11-23,95.84254455566406,96.34243733441609,95.38809909653946,96.06976728522638,22809651
2022-11-24,95.88798522949219,96.29698334064256,95.06998207290454,96.20609564197436,23737867
2022-11-25,96.52420043945312,96.7968704538829,95.52442194368817,95.9788673448801,27361785
2022-11-28,95.34265899658203,96.70599537803663,94.97910124133666,96.34243762279125,33516118
2022-11-29,96.43331909179688,97.84210270191048,95.38809321341778,95.43354053024221,40661568
2022-11-30,97.84210205078125,98.11476514705235,96.25154305252889,96.43331845004296,61142050
2022-12-01,100.65966796875,101.1595607414068,98.16021797404063,98.79643883534264,91702642
2022-12-02,101.79578399658203,102.2502294608525,100.11433716563884,100.70511765604793,70541914
2022-12-05,105.29501342773438,105.52223616147324,102.38656520959186,102.97734570417043,96441799
2022-12-06,102.65921783447266,104.84055724222112,102.0229970187608,104.84055724222112,50581245
2022-12-07,101.06866455078125,103.1591163788697,100.75055412501662,103.06822867640655,39494279
2022-12-08,101.6594467163086,102.70467264781193,100.70511542307389,101.56855901232728,32416724
2022-12-09,100.38699340820312,103.38633604068052,99.70532525848435,102.52289249141822,35665257
2022-12-12,101.52310943603516,101.88666717816474,98.79643677149397,100.15977310376456,37082389
2022-12-13,101.06866455078125,102.56833591142842,100.70511374092865,102.29567280403897,32264080
2022-12-14,102.7501220703125,102.88645016193152,100.977780602103,101.43222606559966,38606984
2022-12-15,100.84143829345703,103.1136654468408,100.61421557811865,102.38655691833017,34361613
2022-12-16,100.93232727050781,101.88665846087358,99.47809642641157,100.29609954264406,34736665
2022-12-19,101.61400604248047,101.88666915364897,100.70511513667756,100.93233786312828,17297590
2022-12-20,100.84143829345703,101.34133104091624,99.06910388753248,101.02322062629992,34836506
2022-12-21,99.43266296386719,101.79577784849265,98.79643519174188,101.61400244747801,32303565
2022-12-22,97.84210205078125,100.5233273026919,96.660541164079,99.97799417586275,39639329
2022-12-23,92.93408966064453,97.02409849656532,92.66141963120172,96.34243035724519,46756489
2022-12-26,95.43354034423828,95.93343309118478,92.38875734868427,93.43398322502617,33995681
2022-12-27,101.0232162475586,101.38677396319937,96.20609211746321,96.93320754874478,76033410
2022-12-28,99.97799682617188,102.06844862443396,99.70532678838566,100.93233502413655,50660601
2022-12-29,101.56855773925781,101.79578046350672,98.93277275111313,99.06910777251993,51751642
2022-12-30,102.38655853271484,104.29522798479485,101.88666577737354,102.61378125163596,56048485
2023-01-02,108.38523864746094,108.79423677430252,103.38633875177092,103.9771192172099,143444095
2023-01-03,107.65812683105469,109.52135599303287,107.02190595999686,108.88513512197504,74419090
2023-01-04,105.2041244506836,108.20346727353252,104.84056669423411,107.93079722262355,55634568
2023-01-05,105.93123626708984,106.34023439489378,104.06800716423366,105.88578894876176,58806907
2023-01-06,105.11322784423828,107.11278493395837,104.74967011857457,106.34022910085228,58551863
2023-01-09,106.84012603759766,107.34001186252206,105.9312351548764,106.24934557697142,37763131
2023-01-10,108.02167510986328,108.83967825395285,106.8401211766555,106.93100887393506,56750710
2023-01-11,108.02167510986328,109.38501137191696,107.24911928155689,108.56700822782739,49321252
2023-01-12,107.34001159667969,108.38523749607789,106.88556615644455,108.11256745822197,33740024
2023-01-13,109.47590637207031,110.52113229622667,107.38546145804487,107.74901920570194,68884010
2023-01-16,109.02145385742188,110.38479012208802,107.97623493527395,110.38479012208802,44362359
2023-01-17,108.47612762451172,108.97602039367072,107.24912629527913,108.83968537169216,27880531
2023-01-18,111.29368591308594,111.79357867273579,109.06690602218126,109.06690602218126,64749065
2023-01-19,112.29347229003906,112.97514045788401,110.11213276607779,110.70291323173419,53564076
2023-01-20,111.74813842773438,112.88425210404029,110.88469480745691,112.15714351177705,37784498
2023-01-23,110.88468933105469,112.56613610208619,110.4302438829766,112.1571379725308,28601260
2023-01-24,109.43045806884766,111.3845747535977,109.15778804426421,111.33912743807153,27707765
2023-01-25,109.97579956054688,111.11191319237071,109.15779635877625,109.38501908514101,46522102
2023-01-27,109.65768432617188,112.02079918997521,108.24890071071702,110.79379790822031,58771746
2023-01-30,107.9307861328125,110.0666781978466,106.24933948307445,109.47589777110439,46551837
2023-01-31,108.79423522949219,109.47590338740702,107.02190079262846,107.93079166984823,43986769
2023-02-01,110.93013000488281,112.8387993856244,108.43068019016988,109.15778870296883,72919626
2023-02-02,109.02145385742188,111.33912828106907,107.61267721117228,110.83923554364341,38768010
2023-02-03,109.38501739501953,109.97579786129717,106.5220097002027,109.11235428816714,46977350
2023-02-06,106.74923706054688,109.06691170805811,106.34023891535665,109.06691170805811,49546361
2023-02-07,101.29589080810547,104.840566802133,100.47789452311159,102.34111675861567,110953246
2023-02-08,101.29589080810547,102.47745178421046,100.06888944632719,101.29589080810547,66523699
2023-02-09,101.1141128540039,102.65922461378838,99.932551907613,101.93211605271398,64710455
2023-02-10,98.8873291015625,101.11410895195824,98.43288366807056,100.88688623521227,60810058
2023-02-13,98.84188842773438,100.52333525780845,98.52377798976698,98.88733574785293,56186469
2023-02-14,99.29632568359375,99.88710612486153,98.38743483065468,99.56899571319023,31163587
2023-02-15,100.25066375732422,100.52332685237387,98.8873274792153,99.06910287591506,35544190
2023-02-16,101.79578399658203,101.97755940857523,100.56878262990931,100.88689306804112,30956191
2023-02-17,102.02300262451172,102.79555849583544,101.15955905084766,101.38678177384212,34107244
2023-02-20,102.1138916015625,102.43200203086835,100.93233758781403,102.06845121696868,19896764
2023-02-21,102.84101104736328,103.79534237193022,102.47745328521454,102.61378831280626,29830864
2023-02-22,101.0232162475586,103.34088368298109,100.56877083657928,102.93188558681437,24391211
2023-02-23,101.84122467041016,103.29544867431323,101.20499690138023,101.3867792357975,30845778
2023-02-24,99.75077056884766,102.61377812692936,99.56899517296087,102.2502204008689,34326940
2023-02-27,96.43331909179688,100.02344215803055,95.56987554642852,99.79621944248235,56217189
2023-02-28,94.47920227050781,97.29676948832787,94.11565147337087,97.11498715547243,76540448
2023-03-01,95.88798522949219,97.34220921104416,94.97909437423634,95.16086977157273,76175319
2023-03-02,95.11543273925781,97.1604372356066,94.8427626993631,96.38788136828782,55276248
2023-03-03,97.25132751464844,97.66032565104183,95.43354569194473,96.34243660329658,117175295
2023-03-06,96.02432250976562,97.79665694560755,95.43354205305596,97.70576924479539,106868143
2023-03-08,96.79689025878906,97.16044804098483,94.52466278792548,95.70622384648972,43939583
2023-03-09,98.34199523925781,99.02366343250856,97.70577436593878,98.02388480259829,51967449
2023-03-10,98.2510986328125,98.47832134331126,96.88776236981985,97.25132009347526,47699832
2023-03-13,97.06954956054688,99.06910673936974,96.66054450059185,98.38743857373188,34552596
2023-03-14,96.70598602294922,98.66010270085542,96.52420369576797,97.25131913591945,48584984
2023-03-15,98.75099182128906,99.20543724436513,97.61487826359887,97.7057659613567,38930902
2023-03-16,95.47898864746094,97.47854578733244,94.25198042578518,97.47854578733244,81088340
2023-03-17,97.25132751464844,97.56943794676411,95.43354569194473,96.75143473968997,48962238
2023-03-20,94.97909545898438,96.7514298732602,94.38831500946344,96.43331945714492,41569640
2023-03-21,95.2063217163086,95.79710218780184,94.79732358527563,95.52443214425503,26434897
2023-03-22,95.25177001953125,96.29698901726063,94.88821226914013,95.20632270037461,25891259
2023-03-23,95.34265899658203,95.88799216230639,94.84276621633371,94.88821353609717,20913844
2023-03-24,92.79776000976562,95.47899233997599,92.2978741726089,95.43354502101297,39014278
2023-03-27,92.97953796386719,93.979316525291,92.79775563088023,93.20676067938564,24753289
2023-03-28,93.16131591796875,93.70664906331406,93.02498089806063,93.47942634156293,18703734
2023-03-29,94.16108703613281,94.97909015639449,92.38875272080469,93.16130852660703,37221124
2023-03-31,94.97909545898438,95.88798632462058,94.61553772587249,95.43354089180248,34579415
2023-04-03,94.61553955078125,95.66076545328022,94.34287644640357,95.5244304339478,21840428
2023-04-05,95.29721069335938,95.43354571695535,93.79753930237833,94.61554250966684,25194802
2023-04-06,94.84276580810547,95.52443399589869,94.70643078368936,95.29721126663429,21053782
2023-04-10,95.38809204101562,96.11520749554776,94.9790939317706,94.9790939317706,19992257
2023-04-11,97.75121307373047,98.02387616643595,95.52442634472473,95.93343138521321,49304956
2023-04-12,97.79666137695312,98.52377688497151,97.2058808934741,98.34199454082321,27349538
2023-04-13,97.70576477050781,98.29654520016359,96.25154082124598,97.70576477050781,34880922
2023-04-17,97.38765716552734,98.43288304277642,97.02409943418587,97.79665527935713,24642162
2023-04-18,97.79666137695312,98.06933142603187,97.11499318854366,97.43310362294393,25476339
2023-04-19,98.2510986328125,100.34155034311594,97.93298822497158,98.02387592231372,62100775
2023-04-20,98.16020965576172,98.79643046314919,97.6148765445315,98.34198504807621,18337948
2023-04-21,96.47876739501953,98.251101820701,95.75165192411649,98.16021412040989,37638506
2023-04-24,96.79689025878906,96.97866568274299,95.75166423533423,96.70600254681212,23475012
2023-04-25,97.2967758178711,97.79666166359743,96.56966030772152,96.97865844825102,23333425
2023-04-26,97.114990234375,97.2967725729936,96.20609934414352,96.79687980965141,23590297
2023-04-27,97.84210205078125,98.02387744829532,96.61510078184396,96.61510078184396,22364308
2023-04-28,98.1147689819336,98.61466174606632,97.52399544977862,97.97844089561303,30072920
2023-05-02,100.25066375732422,100.75054956539202,98.16021202384245,98.16021202384245,52822162
2023-05-03,99.705322265625,100.88688313005204,98.84187874228071,99.79621689695539,51272624
2023-05-04,100.93232727050781,101.70488307250484,99.52354374064704,99.97798914585547,38636907
2023-05-05,98.75099182128906,100.75054890910906,98.52376910975102,100.75054890910906,32958346
2023-05-08,99.56900787353516,99.84167100214503,98.38744684669577,99.29633781063752,23130472
2023-05-09,99.56900787353516,101.06867241660886,99.20545010110091,99.6144482611596,27999202
2023-05-10,99.29632568359375,99.97799382329805,98.70554524232597,99.61443609526505,19213215
2023-05-11,98.66010284423828,99.5235463631721,98.3874328202135,99.25087633914733,19817637
2023-05-12,97.02410125732422,98.52377259335807,96.8423258553813,98.4783252757288,36794838
2023-05-15,97.8875503540039,98.3419958188494,96.02432810870988,97.29677679713475,22148028
2023-05-16,97.61488342285156,98.75099704058891,97.43310108344124,98.34199197763114,18587658
2023-05-17,96.34243774414062,97.70577412731242,95.93343960290404,97.61488642195846,28895465
2023-05-18,95.61531829833984,97.38765968410706,95.52443059672574,96.79687922218466,24208481
2023-05-19,95.11543273925781,96.06976401031494,94.57009959375556,95.97887630844576,29848841
2023-05-22,95.43354034423828,95.66076305934361,94.79731951565815,95.43354034423828,21588716
2023-05-23,95.97887420654297,96.38787925742797,95.43354107298333,95.5244287728621,21304034
2023-05-24,95.61531829833984,96.16065837659876,95.34265519349752,95.52443059672574,28454367
2023-05-25,95.29721069335938,95.61532112555842,94.79732485255725,95.43354571695535,25885062
2023-05-26,96.70598602294922,97.02409642765795,95.3880901544605,95.4335374698275,28362042
2023-05-29,98.5692138671875,98.93277160864486,96.61510400864269,97.25132485547768,41062311
2023-05-30,97.2967758178711,99.02366301947336,97.16044079293212,99.02366301947336,33475211
2023-05-31,96.16065979003906,97.20587877539539,95.97887744985174,96.70599294202654,41249944
2023-06-01,96.29698181152344,96.97864994214098,96.16065373282937,96.25154143005435,21211538
2023-06-02,98.16020965576172,98.4328796785202,96.7968734105428,96.7968734105428,46686933
2023-06-05,99.43266296386719,99.88710840069082,97.978438952889,98.75099480863175,39642539
2023-06-06,99.06910705566406,99.84166292566272,98.43288620608568,99.75077522347826,26751372
2023-06-07,101.3413314819336,101.5685541982608,98.97821661898806,99.52354975131595,45157197
2023-06-08,101.0232162475586,102.70466288132472,100.84143392259486,101.34132664838678,46380294
2023-06-09,98.97821044921875,101.47766017301576,98.75098774705539,101.11410246269706,36392617
2023-06-12,99.52355194091797,100.52333052789625,99.20544151791859,99.20544151791859,23472313
2023-06-13,101.0232162475586,101.65943704921496,99.65988001462065,99.97799041544884,30018212
2023-06-14,103.4317855834961,103.61356098695133,101.25044607059758,101.3413337723252,66696433
2023-06-15,103.3863296508789,103.7953277417172,102.9318842458201,103.52266465925386,39430138
2023-06-16,103.84078216552734,104.34067491903244,103.47722442973154,103.97711718323664,31715807
2023-06-19,103.7044448852539,105.06778116402837,102.75011365068391,104.93144614929355,33502185
2023-06-20,103.84078216552734,104.74967303787331,103.15911401126786,103.70444714781803,30371599
2023-06-21,103.52267456054688,104.43156545759419,102.56833634493229,104.43156545759419,35627983
2023-06-22,104.27351379394531,105.30592340366555,103.75731256939028,103.80423604765339,34769987
2023-06-23,102.86568450927734,103.94502479936119,102.4902608656903,103.7103859171956,22190233
2023-06-26,103.1003189086914,103.42881189731845,101.45784680494609,102.8656800367278,25332751
2023-06-27,103.94502258300781,104.64893921449546,103.38189070993975,103.80423782458824,24129403
2023-06-28,104.69586944580078,105.16514719829543,104.08580693543568,104.64893880630721,23895274
2023-06-30,105.11821746826172,105.30592570663948,103.6165300794086,104.74279383089586,26741918
2023-07-03,106.15062713623047,107.22996740879113,105.16514814350055,105.3528563819414,30979256
2023-07-04,105.49363708496094,106.43219256229936,105.2120675775154,106.24447717046567,25080307
2023-07-05,106.00983428955078,106.57297328313179,105.30591770818428,105.6344178413098,27877180
2023-07-06,105.72827911376953,105.91598735060249,104.64893885045446,105.11821660314708,34320086
2023-07-07,104.74279022216797,106.33833883584846,104.41429723601937,105.11821384659926,30034274
2023-07-10,108.2154541015625,108.59087058031558,104.78972502836314,105.3528569071031,60652690
2023-07-11,108.07466888427734,108.96629375845744,107.74617588645366,108.49701600139205,37999385
2023-07-12,107.65231323242188,108.91936888881327,106.9953272451606,108.07466750475575,32771204
2023-07-13,107.79309844970703,109.76406358050914,107.46460545467505,108.8724387139066,44847814
2023-07-14,109.9517822265625,110.65569887697505,107.7461781540586,108.5908724060653,34521821
2023-07-17,110.5149154663086,112.01660290676477,109.90485292970156,110.70262371113667,49115369
2023-07-18,109.4355697631836,110.89033365103595,109.24786152760726,110.74954889404859,23433431
2023-07-19,109.52942657470703,109.99870433579937,108.96629469351831,109.52942657470703,17222355
2023-07-20,109.7640609741211,110.04563048352553,109.20092911592229,109.52942210315409,22303831
2023-07-21,109.4355697631836,110.70261825484941,108.40316014629332,109.4355697631836,31546136
2023-07-24,108.40316009521484,109.34171559387471,107.32381983963396,109.34171559387471,38113555
2023-07-25,111.92274475097656,112.5328072655987,107.32382131231543,107.93388382693756,88035259
2023-07-26,112.57972717285156,113.18978966811748,111.54731757503772,112.43894957907563,29716336
2023-07-27,112.43894958496094,113.98756040145773,111.82888708966308,112.86129668753097,39664251
2023-07-28,113.1897964477539,113.65907421674179,111.40653949347788,112.81437280044152,33996691
2023-07-31,115.5831069946289,116.24009295615639,113.18978769364605,113.18978769364605,52330311
2023-08-01,115.63004302978516,116.52167511510717,115.01998763951464,115.95854320683631,27863562
2023-08-02,111.64117431640625,115.34847285290327,110.98418832796891,115.34847285290327,54951586
2023-08-03,110.937255859375,112.29816561385653,110.2802698817702,111.40653360355275,34624188
2023-08-04,111.68810272216797,112.39201933596314,110.74954723710773,112.06352634831407,22303966
2023-08-07,111.54731750488281,112.25123411576,110.74954677801067,112.25123411576,20711952
2023-08-08,110.89032745361328,112.15737587446647,110.70261206791776,111.68809815114234,21275054
2023-08-09,112.81436920166016,113.095938718315,109.71714032150814,111.07804294391596,34154214
2023-08-10,112.62666320800781,113.23672573250661,111.92274656295777,112.62666320800781,24439101
2023-08-11,112.9082260131836,113.94063559904858,111.82888578952975,112.9082260131836,26337436
2023-08-14,110.89032745361328,113.00207720857186,110.13948023205076,112.90822309602899,33095516
2023-08-16,108.82550811767578,110.70261913073175,108.30930688545153,110.70261913073175,31252473
2023-08-17,108.91937255859375,109.62328920892345,107.65231685951191,108.77858779640572,28461865
2023-08-18,108.68473052978516,109.24786240162963,107.69924438359962,109.1540082830906,30381609
2023-08-21,109.7171401977539,109.90484843490523,108.73165405118377,109.57635543958527,22629651
2023-08-22,110.32720184326172,110.51491007893941,109.34171570442837,109.95177821129614,17343131
2023-08-23,111.64117431640625,111.92274383179952,110.4210564577926,110.60876469431463,43744909
2023-08-24,110.98418426513672,112.72051045153906,110.79647603548618,112.15737860197748,27103446
2023-08-25,109.7171401977539,110.89033458147537,109.52942479999231,110.74954982330675,23692527
2023-08-28,110.3741226196289,110.98418511156076,109.81099076577259,109.81099076577259,19218821
2023-08-29,112.20430755615234,112.76743939726454,110.51490487220589,111.2188214637486,36038317
2023-08-30,114.59762573242188,115.16075760331971,112.86129948023266,113.09593835649093,51467177
2023-08-31,115.34847259521484,116.00545858218447,114.64455596891445,115.30154195588406,60626985
2023-09-01,119.24347686767578,120.79208768468685,115.81774792581331,115.91160204190336,76460408
2023-09-04,123.6546859741211,124.73401906058736,120.93288077794163,121.26136660715211,68525900
2023-09-05,123.60774993896484,124.31166652668243,120.93287549836978,123.65468057572328,36466807
2023-09-06,121.63679504394531,124.264738911686,120.32280878885499,124.264738911686,36058850
2023-09-07,122.15299224853516,122.76306191452949,120.69824268465561,121.54293690376117,30268235
2023-09-08,121.54293823242188,123.56082684524414,121.26136871590188,123.32618796834758,34313523
2023-09-11,123.091552734375,123.74855306610588,121.26137230466125,121.54294182951435,33377857
2023-09-12,121.07366180419922,124.96866147483829,120.74516164445924,124.64017563631899,38065283
2023-09-13,121.5898666381836,122.48149148976543,119.8535332525609,121.6367972769448,23371459
2023-09-14,123.60774993896484,125.95413856469014,122.7630557621916,122.95076398800569,58800620
2023-09-15,123.84239196777344,125.10944758654733,121.87143406450515,124.45246161879123,85058495
2023-09-18,122.43455505371094,126.7049851968103,122.05913860383784,126.7049851968103,62420823
2023-09-20,120.41666412353516,123.70160811735839,120.13509463124932,122.43455256268172,43627379
2023-09-21,119.94739532470703,121.30829793047604,119.38425629828245,120.41667307298741,29826091
2023-09-22,118.9619140625,120.79209449152503,117.78871964373766,119.33733770862604,34059194
2023-09-25,119.57196807861328,120.41666943209981,118.35184310573163,119.478113963917,23466981
2023-09-26,120.97979736328125,122.52842252002755,120.51051961661031,121.07365864110356,48936598
2023-09-27,120.27588653564453,120.83902558725802,118.91498386900311,120.83902558725802,33277329
2023-09-28,119.00884246826172,121.35523126171633,118.5395647095708,120.46360638444771,29982233
2023-09-29,120.97979736328125,121.58986702668565,119.71275604000188,120.32281138218599,28406435
2023-10-03,120.13510131835938,121.16751807380206,119.43118470907211,121.07365679740906,18613557
2023-10-04,117.60100555419922,119.29040113685885,116.8501582992771,119.19654702014611,33272725
2023-10-05,117.55406951904297,118.39877085190057,116.8970835716036,118.1641319905851,27063441
2023-10-06,118.16414642333984,119.19655610710603,117.41329911117681,118.7272783271568,21928671
2023-10-09,116.24009704589844,117.22558318347252,115.06690267288651,117.1317290657536,21457836
2023-10-10,117.60100555419922,118.16413741508576,116.14624168301638,117.03786653270257,28745957
2023-10-11,117.27250671386719,118.5395623657683,117.03786783916108,118.2579928518769,24455932
2023-10-12,118.16414642333984,119.10270198323832,117.41329911117681,117.64793800115143,19361688
2023-10-13,117.36636352539062,118.02334948531941,116.38087742488753,117.31943288799145,26912800
2023-10-16,119.19654846191406,119.43118733683909,117.27250682328476,117.41329158036181,23868700
2023-10-17,119.57196807861328,120.65130829914553,119.19654445921816,120.0412458127047,24241710
2023-10-18,119.2904052734375,120.79209267474498,118.82112751299077,119.9943219141076,20926079
2023-10-19,118.25799560546875,118.7272733658079,116.70937756422744,117.78871784512958,30941319
2023-10-20,115.53617858886719,118.02335205231024,115.16075496333822,117.31943543967222,30746140
2023-10-23,112.62666320800781,115.81775343102345,112.34509368574363,115.77082279044262,30699479
2023-10-25,113.89370727539062,115.25461703220905,113.33057541353237,113.75292251977353,27346103
2023-10-26,112.53280639648438,113.47136190077431,111.59425089219445,113.42443126131572,36298907
2023-10-27,112.53280639648438,114.31606328675728,112.15738276264636,113.09593826693629,28424007
2023-10-30,111.82888793945312,113.79985303410739,111.64117254529883,113.61214480056321,18753217
2023-10-31,111.45346069335938,112.76743976733991,111.12496771501672,112.62665501644737,22319950
2023-11-01,109.4355697631836,111.78195851093886,108.87243789584437,111.6881043931507,24717941
2023-11-02,110.8434066772461,111.26576096217472,107.55846232176101,107.55846232176101,72538804
2023-11-03,110.09255981445312,111.31267763262483,109.90484442354287,110.93725401141431,31747230
2023-11-06,112.06352996826172,112.29816884710623,110.28027305692135,111.2188285722994,27883152
2023-11-07,112.29817199707031,112.8143732486415,111.12497756993965,111.96967898959583,25818033
2023-11-08,111.73503112792969,113.09593368982888,111.26575339477688,112.39201709009966,22552386
2023-11-09,112.29817199707031,113.09594277539708,111.54732469946248,111.87581770693697,22979112
2023-11-10,112.67359161376953,113.04900808852838,111.50039722862245,112.15738322006071,23584510
2023-11-13,113.56521606445312,113.79985494061935,112.53280644144378,113.42443130663135,17951775
2023-11-15,116.42781066894531,116.75630365626421,114.03449132020319,114.22219955278254,38344393
2023-11-16,117.0378646850586,117.55407305974458,115.44232324430007,116.38087871783097,30836413
2023-11-17,117.50714874267578,118.02335714512925,116.66245449954886,117.03787098066732,23319439
2023-11-20,116.7093734741211,117.9294984724875,116.42781112415123,117.36636661193766,18780290
2023-11-21,118.49263763427734,118.63342239824216,117.27251256072967,117.36637384377991,29643312
2023-11-22,118.35184478759766,119.10269203705799,117.78871293080745,118.6334142962978,19588063
2023-11-23,118.91497802734375,119.57197116841473,118.16413792976137,118.58648503711332,30736851
2023-11-24,118.2110595703125,119.19654568629359,117.83564310766259,118.91497617869612,14719450
2023-11-28,119.0557632446289,119.19654800116176,118.25799250508962,119.19654800116176,18377843
2023-11-29,119.90045928955078,120.27587574279143,118.91497319826944,119.33732744907995,23092165
2023-11-30,120.04125213623047,120.93288417433945,118.72727297943482,119.94739801659013,40165104
2023-12-01,122.01221466064453,122.29378417410548,120.18203430497894,120.97979788502786,31192397
2023-12-04,122.95076751708984,124.21782313983795,122.38762850226401,124.07703122552147,41230928
2023-12-05,123.51390838623047,124.31167196112051,122.01221387163,122.95076936295023,35192149
2023-12-06,123.74855041503906,125.20330000670991,122.76306425977576,124.35860577146744,40753593
2023-12-07,122.01221466064453,124.07703389065752,121.82450642541069,123.60775614196274,34686333
2023-12-08,121.26136779785156,123.32618703466484,120.08817342225079,122.15299265906407,34393711
2023-12-11,122.05915069580078,122.48149782405332,120.83902563101046,121.87144245226865,24038059
2023-12-12,122.10607147216797,124.03009871445839,121.73064069421338,122.05914083477117,30696410
2023-12-13,123.3261947631836,123.42005604760185,121.21444475476454,122.52843113051362,22767972
2023-12-14,123.88932800292969,125.06252239689682,123.42005024534282,124.17089752172592,43372143
2023-12-15,128.06588745117188,128.34745694857537,124.82787403408062,125.2032904831389,77377446
2023-12-18,128.20669555664062,129.14525111907219,126.79886221299327,128.44133444724852,38461877
2023-12-19,127.0804214477539,129.14525520744726,126.51729668520083,128.2536159379334,27726431
2023-12-20,121.77758026123047,127.78432993676428,120.839024729352,127.54969105379466,39495961
2023-12-21,122.95076751708984,123.3731146175992,119.99431633169431,120.79208705521754,34914399
2023-12-22,125.34410095214844,126.4703647873087,123.65469803879719,124.26475343915268,37357334
2023-12-26,126.8927001953125,127.73740873444707,126.18878357331052,126.42342244731118,25936447
2023-12-27,128.76980590820312,130.3653473217519,127.17426449465437,127.50276463327606,48101400
2023-12-28,129.66143798828125,130.2245770228141,128.44132728216107,129.66143798828125,34661176
2023-12-29,131.02235412597656,132.57096497955038,128.72288168351417,130.08379862169656,49202910
2024-01-01,131.25698852539062,132.2893909521552,130.50614128333095,131.39776611774306,21186105
2024-01-02,131.02235412597656,131.96090963025657,128.62903472581846,131.86704835134037,27764060
2024-01-03,127.03349304199219,131.02235392919124,126.09493753912183,130.92849265041602,45176618
2024-01-04,126.00108337402344,127.9720557698151,125.76644448505877,127.64355559677607,43913498
2024-01-05,125.43793487548828,127.59661535581272,124.68710194426255,126.70499050906703,71330190
2024-01-08,123.88932800292969,127.5966194236217,123.65468912413625,126.98656406724704,39559717
2024-01-09,125.43793487548828,126.51728227626059,124.35860179593615,125.2971572811885,30736868
2024-01-10,125.86029052734375,126.42341519993131,123.9831796429462,125.57872103044022,27213624
2024-01-11,126.61113739013672,127.31505404943226,125.95415137237177,126.56422106982723,23113349
2024-01-12,126.9865493774414,127.87817414946915,126.37647977041898,127.45582708074221,32883921
2024-01-15,126.61113739013672,127.87819310535714,125.71951248593992,127.64355421892529,34158775
2024-01-16,128.81675720214844,129.9899517121862,125.76645147605021,126.42343753742695,56361287
2024-01-17,123.56083679199219,127.40892041135797,123.32619789620699,127.1273508721714,58982971
2024-01-18,122.95076751708984,124.12396186362696,120.32280931660269,123.56082284880112,45273496
2024-01-19,126.00108337402344,126.42343050991558,123.51391687948652,124.45247243534517,32653013
2024-01-23,122.10607147216797,126.89269574102538,121.35522423747862,126.51727928429061,35373970
2024-01-24,126.84577941894531,127.22121023926955,122.10608525258144,122.1999322167464,39340119
2024-01-25,125.53179931640625,128.11282696590246,123.88932717581777,128.11282696590246,61358839
2024-01-29,126.70498657226562,127.08040302621407,125.29715338812933,126.42341707119442,29745400
2024-01-30,126.42342376708984,129.23909028449148,126.23571553017383,127.26813231504262,35704185
2024-01-31,127.59661102294922,128.3005276129852,126.2357084797902,126.70498620648088,36079354
2024-02-01,126.51728820800781,128.34746862581363,126.23571868498672,128.01896846208555,31701793
2024-02-02,130.1776580810547,131.0223667087609,126.51729699132666,126.98657478853394,69296192
2024-02-05,132.8525390625,134.54194189252914,130.78771974634034,131.39777511660765,80737626
2024-02-06,135.76205444335938,136.18441589741428,131.82012400154235,134.2134435158952,53192936
2024-02-07,135.52740478515625,138.3430712085699,135.19891896182332,137.82687715458675,61517064
2024-02-08,134.823486328125,136.700597251294,134.26036164390618,136.3721114324713,38997666
2024-02-09,132.61788940429688,135.57433337574645,130.59998657192511,135.33969451067205,35961925
2024-02-12,128.95750427246094,134.16648952757268,128.25358773315443,133.27486477536152,36477544
2024-02-13,129.3798828125,129.7552992881003,125.86029964916997,129.28602153298965,39155909
2024-02-14,132.52403259277344,132.80560210458907,127.40890802613403,128.58210239101555,29141690
2024-02-15,132.52403259277344,134.6357824495602,132.33632435863646,132.80560210458907,31587387
2024-02-16,133.55645751953125,134.63579067265613,132.8056102159038,133.321818632224,22316127
2024-02-19,133.2279510498047,134.54193734933278,132.66482633962445,134.16650655465884,16973568
2024-02-20,132.3832550048828,133.50951873098805,131.44469951292507,133.22794921915667,24291123
2024-02-21,135.05813598632812,137.21681658472158,132.75867778593508,132.8525390680821,88000833
2024-02-22,136.93524169921875,137.16988057418055,134.68271422807362,136.09054747784444,46728176
2024-02-23,136.5128936767578,138.0615188338946,136.0905465688915,137.40451853141337,28414697
2024-02-26,133.8849334716797,136.98216941941865,133.50951700822895,136.888322464166,22570277
2024-02-27,135.33970642089844,135.6212759480105,133.2748870907785,133.88494246517038,24119469
2024-02-28,132.1016845703125,136.0436147447563,131.44469859477525,135.1989205363827,20721926
2024-02-29,132.195556640625,133.1341122026565,130.83463961870225,132.14862599827916,32248156
2024-03-01,140.73638916015625,141.39337512163473,134.2134315404417,134.2134315404417,123709943
2024-03-04,143.69285583496094,145.3822443139194,141.76881415479082,145.3822443139194,67577785
2024-03-05,142.5196533203125,144.53754184485334,141.48723657864704,143.78669460738936,37165490
2024-03-06,142.28501892089844,143.27049073471392,138.8123521287512,142.4727271558528,51782444
2024-03-07,147.5878448486328,149.37109447920633,142.89506758794496,143.03584517727774,124847699
2024-03-11,144.02133178710938,149.1364561555137,143.59898469636403,149.1364561555137,54155385
2024-03-12,143.1297149658203,145.05375662140824,141.62802042457596,144.72525646512963,34947937
2024-03-13,134.823486328125,143.5051243477816,133.74415327579075,143.41127739435504,70937597
2024-03-14,133.69723510742188,135.10506843109684,129.84916594877632,134.7765825816387,91956952
2024-03-15,132.99330139160156,134.87041224912937,131.25698244111993,134.11956504187438,68482621
2024-03-18,140.5017547607422,141.01796314732255,133.4625885470655,133.79108869885854,166913078
2024-03-19,139.61013793945312,143.08279060714824,138.53080478639288,139.84477682674634,105004268
2024-03-20,136.70059204101562,141.39336917007512,135.0112037315296,140.40789742994804,77550319
2024-03-21,140.877197265625,141.90959980341074,138.7185165830235,138.90622483341897,84225737
2024-03-22,142.4727325439453,143.36435743461362,139.2347188245599,139.844774191538,68241556
2024-03-26,143.03585815429688,143.97441369158548,141.2526083619369,141.8626637326861,52965508
2024-03-27,143.3174285888672,144.63141494213914,142.66044257284173,143.0827897030566,35328794
2024-03-28,146.2738800048828,147.3532130984534,143.3174215952071,143.3174215952071,62575327
2024-04-01,153.1253204345703,153.82923704273637,146.88393223731921,147.16550174482964,84583929
2024-04-02,154.5331573486328,155.33093525213192,151.85828276632833,152.93761586285498,69533405
2024-04-03,153.5946044921875,156.0348545627091,153.07841041527234,154.53316000835417,50938559
2024-04-04,153.35995483398438,155.75327409623506,151.10742748199527,155.37785764464343,61094750
2024-04-05,153.31304931640625,154.06388227247126,150.91972988559223,153.82924339339579,44668121
2024-04-08,155.0493621826172,156.69183426997802,154.11080670412528,156.69183426997802,48255703
2024-04-09,155.8002166748047,159.36673052317087,155.04936939285062,155.8002166748047,63884687
2024-04-10,154.9085693359375,158.80356845966168,154.39236100935247,157.02031895460647,64134758
2024-04-12,153.45382690429688,155.80021569488244,152.98454914617975,155.80021569488244,55317636
2024-04-15,150.96665954589844,154.58008966747775,148.8549096479241,151.8582844163546,66426404
2024-04-16,150.2158203125,152.46834792906498,149.23033410979482,150.96666762509543,41391261
2024-04-18,150.2158203125,153.92311191198962,149.37111171537214,151.01358394614033,68093672
2024-04-19,152.1398468017578,152.51526325975541,147.63477769968722,150.1688745942207,60078229
2024-04-22,151.9052276611328,154.58010249446116,151.576727476812,153.7354081936673,39304790
2024-04-23,151.2482147216797,153.45382589886722,150.91972888588234,153.45382589886722,30295177
2024-04-24,155.3778533935547,156.64489462392535,151.52977042453438,152.46832584905454,59894921
2024-04-25,157.395751953125,157.6773214628384,154.0638771174936,155.2370714736159,50128523
2024-04-26,155.6125030517578,160.21141922265943,155.0962946681945,157.67732226479077,65355111
2024-04-29,157.1141815185547,159.1790150301514,156.64490377886818,157.86502876629712,44906151
2024-04-30,154.86166381835938,158.05274692006748,154.39238604921283,158.05274692006748,55043389
2024-05-02,157.06727600097656,158.52202563705234,154.86166474431158,154.86166474431158,69320283
2024-05-03,156.26950073242188,160.25836186222844,155.0024449979948,158.5689589900661,62573586
2024-05-06,157.3019256591797,158.2873975907893,154.58010580272926,157.63041152930887,37621296
2024-05-07,154.15774536132812,157.63039794814583,152.32756494730995,157.63039794814583,43611824
2024-05-08,155.84713745117188,156.83262355128622,153.45381815695703,154.11080411662664,30128705
2024-05-09,151.95213317871094,156.4572025454539,151.57671669865766,155.75328590443846,30223088
2024-05-10,152.28062438964844,154.25159659713955,151.9052079316596,153.17224921828685,31472419
2024-05-13,153.78231811523438,154.39237343680068,148.33869357358347,152.46833187623184,36561003
2024-05-14,154.81472778320312,156.31642232063896,153.4538251643384,154.01696419618196,46261468
2024-05-15,155.42478942871094,157.25496970586454,154.8147197888466,154.8147197888466,29601304
2024-05-16,155.7063446044922,157.67731679289122,152.32755355166208,156.9734002000658,41126570
2024-05-17,157.06727600097656,158.09967850653933,155.28401187482459,156.36335934304788,39181277
2024-05-21,163.63714599609375,164.43490952396698,157.63038261292516,158.1465909669722,84833644
2024-05-22,162.65167236328125,164.71649161616284,160.96226958502524,164.6695609765295,42919832
2024-05-23,164.71649169921875,164.99806121594014,160.02371415793047,162.4170335682316,49377680
2024-05-24,164.10643005371094,166.64052696457762,163.4494297661507,164.2002770082053,38674485
2024-05-27,164.71649169921875,166.78131095314149,164.10643634733947,166.78131095314149,30410585
2024-05-28,164.15335083007812,166.59360085274736,162.79244822256734,165.09190632784006,39208456
2024-05-29,163.54330444335938,165.18577665441177,162.8393877814798,164.01258221794578,36575550
2024-05-30,154.06387329101562,161.43153939296138,153.3130403787219,161.43153939296138,108813875
2024-05-31,156.9264678955078,157.6303844808536,153.92309332894308,155.84713485979879,83713848
2024-06-03,163.54330444335938,164.24722110523896,158.47511020631475,162.6047488941866,86397540
2024-06-04,149.18338012695312,163.91869725617764,139.04697879586485,163.77791967262576,125042158
2024-06-05,158.8035888671875,159.17901966259458,149.23032556322474,152.1867696808004,60098501
2024-06-06,161.4784698486328,163.9656360905525,158.9912892854933,159.55442829029994,57920819
2024-06-07,167.90757751464844,168.6114941576465,160.30528636300187,161.4315501275546,84319867
2024-06-10,169.212158203125,170.91095562178475,166.46219756941727,169.1370863687229,74286848
2024-06-11,170.1882781982422,172.4595808919874,169.40927537961213,169.40927537961213,55555544
2024-06-12,171.032958984375,172.57218937959226,170.34781750243351,171.05173410368323,33304643
2024-06-13,171.3426971435547,172.78808069548174,169.4186554217204,172.13108036030343,36669164
2024-06-14,171.89642333984375,172.22492347277554,170.25395131762383,171.70871511583394,28509237
2024-06-18,169.9911651611328,173.2573485659894,169.50312661934797,172.50650131241707,35032118
2024-06-19,168.95877075195312,171.27700405992593,168.29239002340327,171.23945381879082,27476795
2024-06-20,171.07989501953125,171.70872548460727,168.34869508342138,170.4416841551151,38837494
2024-06-21,172.2863006591797,173.20545912431137,170.60115245683764,171.7692612390028,65494855
2024-06-24,170.39053344726562,171.33841475642944,167.6521820690212,169.89264739401358,47597307
2024-06-25,168.20748901367188,171.38628067348517,167.79578596663842,170.41924602528817,30599989
2024-06-26,165.22019958496094,168.513882350278,164.530823442929,168.20748646059263,44006436
2024-06-27,166.7521514892578,167.50854260865793,164.49253291428585,165.22020124495944,49767976
2024-06-28,166.6085205078125,169.56709919137518,166.1872480760421,166.76171845196177,37521949
2024-07-01,166.66598510742188,168.50431665661114,166.12979228870128,167.0776881572447,27807688
2024-07-02,167.11598205566406,168.27452146244843,166.21597697267265,167.04896708373604,33359495
2024-07-03,168.86814880371094,169.35646545267204,166.98194101048543,167.11598556691845,29090492
2024-07-04,168.7915496826172,170.61074250094825,168.34155443693248,169.471356467363,29504744
2024-07-05,167.2787628173828,168.7053767114824,166.02447104847684,168.7053767114824,38123217
2024-07-08,164.95211791992188,168.00643451272487,164.77019717844297,167.17344439096433,31479861
2024-07-09,164.49253845214844,166.31171664495758,164.214865338763,166.215978882566,25127904
2024-07-10,160.8350067138672,165.53616454245383,159.9158482661364,165.1627536837332,41525591
2024-07-11,161.7350311279297,163.67868445091202,161.49566481121008,162.76909536932962,33987236
2024-07-12,161.5148162841797,163.14250429654055,160.86373231337913,162.96058356043804,33311402
2024-07-15,159.66690063476562,161.80205867204833,158.74774217160137,161.51481617364936,32635187
2024-07-16,159.96371459960938,162.59674384402217,159.60944254845214,160.6626600901209,26505901
2024-07-18,159.28392028808594,160.48075185594854,157.44558875302025,160.48075185594854,36568852
2024-07-19,151.05929565429688,159.02539888823415,150.5135334524681,158.9392305226065,77987514
2024-07-22,153.50083923339844,153.86466610167957,149.75714651808016,151.66249305680057,40353690
2024-07-23,153.21359252929688,155.08064683428645,148.40711291074504,154.72638936891312,37077411
2024-07-24,153.4912567138672,155.12852877111797,152.41890027528842,153.21359821093546,28086566
2024-07-25,150.69546508789062,151.75825217012866,150.22630182482223,151.75825217012866,45155876
2024-07-26,155.635986328125,156.01896660149205,151.48059046207274,151.99761529209434,45642032
2024-07-29,155.94235229492188,157.69451536236318,155.4253275157265,157.69451536236318,31754833
2024-07-30,157.09132385253906,158.26900196887053,154.4487105254659,155.97107670142609,42824600
2024-07-31,158.29774475097656,159.41797743382668,156.59345763247694,159.2169032862457,52769925
2024-08-01,156.12428283691406,161.76375262954843,154.05615437057605,161.04565368510555,118341338
2024-08-02,151.4901580810547,154.3338311372673,148.13902959418223,154.1519103961325,72427529
2024-08-05,143.44744873046875,147.4496464059453,142.66232022393407,147.12411173191094,102883971
2024-08-06,143.92617797851562,147.25815283244157,143.24637124829385,144.77832143456956,53507102
2024-08-07,147.31561279296875,147.73689986582087,145.43897436201678,147.16241483742957,32029697
2024-08-08,143.88787841796875,146.9134721525128,143.61978931336463,146.8751653605634,51858615
2024-08-09,145.35279846191406,146.4921844563585,144.8166202550603,146.4921844563585,23290101
2024-08-12,145.5921630859375,146.87516301026378,143.5048958606688,144.57725226192537,30550334
2024-08-13,142.54742431640625,146.4443001015184,142.18358286358512,145.63046344357585,29396493
2024-08-14,139.95269775390625,143.52403914556635,136.29518799367844,143.52403914556635,97911180
2024-08-16,143.16021728515625,143.61979654336187,140.23037577323345,141.7048659227837,54131721
2024-08-19,147.41136169433594,147.7368963848656,143.99320361449196,144.4336440738492,62889770
2024-08-20,147.38262939453125,149.0773470982104,146.30070351977406,149.0773470982104,37559016
2024-08-21,145.4581298828125,147.62199624979473,145.31451592849825,146.4921941831591,49749381
2024-08-22,147.5836944580078,147.78476859071984,146.0230214105015,146.0230214105015,36719176
2024-08-23,147.64114379882812,147.8230645402611,146.06133192490307,147.44965366407368,31490857
2024-08-26,149.0773468017578,149.74756960110676,147.16241616946866,148.03371311350293,32497603
2024-08-27,148.119873046875,149.84331343969902,148.02413528657172,149.17309067853427,24523684
2024-08-28,147.1623992919922,148.40710698218177,146.5400527517772,148.11986449832884,25195197
2024-08-29,146.4634552001953,147.02835617106115,144.76873767783806,146.6932521114545,44452983
2024-08-30,146.26239013671875,148.64648393077448,145.9847316352877,146.49218706221254,55134023
2024-09-02,146.37728881835938,147.35389283246997,145.66875928970663,147.35389283246997,19200143
2024-09-03,145.67832946777344,146.92303719357153,145.54428491944196,146.3389828166072,19780066
2024-09-04,144.7495880126953,145.70705325297433,142.81551874635903,143.14105342171146,39613696
2024-09-05,145.26663208007812,146.2911123229386,144.57725591620016,144.57725591620016,28347324
2024-09-06,144.7878875732422,146.3964220838978,143.2846602083886,145.47726368059728,30709532
2024-09-09,143.11233520507812,144.481503529731,141.7527362736201,144.481503529731,32624586
2024-09-10,143.064453125,145.1421509240014,142.48039874944587,144.09851732810043,41607844
2024-09-11,141.86761474609375,143.8112679033811,141.34100597225154,143.52402542585267,24633287
2024-09-12,145.28578186035156,145.95600461139665,142.42295551189292,145.53471756509396,73191476
2024-09-13,146.9613494873047,148.7900970487839,146.01345361090696,146.28154271760843,54894255
2024-09-16,147.65072631835938,149.03904804358055,146.97091954558672,148.40711745645567,32575460
2024-09-17,146.31985473632812,147.67945371452424,145.79324589729697,147.44965678210306,18275113
2024-09-18,144.19427490234375,146.47303230076827,143.2463790294976,145.91770069332145,24856345
2024-09-19,143.17935180664062,145.71664356917074,141.50378756355425,145.4294010626895,36913781
2024-09-20,145.5538787841797,146.81772538125833,144.2421413904577,144.57726008887275,53873369
2024-09-23,147.44007873535156,147.82305899048202,146.30069275316202,147.81348959751986,33281905
2024-09-24,153.701904296875,154.6306468118322,148.26350837524944,148.55073627904147,137414352
2024-09-25,154.78384399414062,155.77003208493187,152.73486883534235,154.6306460397091,58044967
2024-09-26,158.56582641601562,158.8434849203407,153.65402482937571,155.10937615315066,88661662
2024-09-27,159.46583557128906,161.82119183483928,158.83390501872296,159.89669199903508,72795668
2024-09-30,161.3807830810547,162.94144162259218,160.14564463316742,160.37544157015517,92381529
2024-10-01,159.9254150390625,162.2807859160864,158.07751417123993,162.2807859160864,50761579
2024-10-03,159.87754821777344,162.7595280581904,157.5221918125888,158.46050369539955,75959797
2024-10-04,159.65733337402344,161.90738259681194,157.024303888095,159.89669969092603,53880875
2024-10-07,157.36898803710938,160.80628475561033,155.42533476120158,159.99244806433083,48775098
2024-10-08,152.73486328125,156.63173931572797,150.03480421918394,156.0668383152851,74956764
2024-10-09,152.29443359375,155.3008741562495,151.38484444896807,152.7348740754111,42766218
2024-10-10,152.92636108398438,154.324252260621,149.93907398014832,151.56676209160358,46507936
2024-10-11,153.8263702392578,156.81365713768548,152.42846454898114,152.52421691767853,53263433
2024-10-14,151.58590698242188,156.43067886066913,151.3178032686307,154.99448097060719,35566857
2024-10-15,149.0103302001953,152.7444390484953,148.45499856972177,152.7157162581054,38964393
2024-10-16,148.6369171142578,149.89119430858034,147.46880828982898,148.58904092772988,28518262
2024-10-17,145.91770935058594,149.6518328753569,145.6304814415555,149.02947164968103,28404223
2024-10-18,148.780517578125,149.55606205639228,144.67299827814077,145.9176913564781,34750795
2024-10-21,148.4358367919922,151.2124801778258,148.0145497437117,149.46033162392519,25799090
2024-10-22,143.9932098388672,148.3113732009961,143.71555132253332,148.3113732009961,39079846
2024-10-23,142.45169067382812,145.48685401772,141.7527450734395,143.9070420666232,42107893
2024-10-24,142.64317321777344,143.45702454907357,141.71443072808205,143.1314898604578,22115070
2024-10-25,139.6558837890625,143.1410567605819,138.28670086645107,142.66232412927562,39730802
2024-10-28,143.0261688232422,143.3612729068424,138.5739464860324,139.7899314876512,28386897
2024-10-29,143.67724609375,144.05065699068842,140.31654802130427,143.47618655450094,32258407
2024-10-30,142.63360595703125,144.52938314763492,141.8006158267189,141.8006158267189,21362130
2024-10-31,142.2410430908203,143.57191927773744,141.89635499731423,142.73892913916487,26383702
2024-11-01,143.3804168701172,143.8591494807019,142.66231795424014,143.2942485065543,5106804
2024-11-04,140.69952392578125,143.61979603375312,138.92822187388833,143.61979603375312,25571021
2024-11-05,145.8123779296875,146.06132824738492,140.69951695069528,140.74739313561867,42772283
2024-11-06,147.08580017089844,148.35923064718642,143.22721656211465,147.4496416240549,48928986
2024-11-07,144.5293731689453,150.24544174589212,143.81127424832144,149.46989724917992,88254789
2024-11-08,141.29315185546875,145.53471583725118,140.68994408180956,145.53471583725118,61980989
2024-11-11,138.842041015625,141.40805567440268,137.97075867645088,141.29316451094266,47497863
2024-11-12,138.0377655029297,140.8718691156459,137.492017898951,139.45481000440753,28861672
2024-11-13,133.25042724609375,137.49200558734287,132.70467969098357,137.49200558734287,57609083
2024-11-14,132.11105346679688,134.7440829513831,131.65147422931113,133.76747889794598,36345184
2024-11-18,135.20367431640625,137.15689699718155,132.1302044370754,133.5568329184097,40233848
2024-11-19,133.52810668945312,136.42922515204557,133.14511183364692,135.96006193234294,37611903
2024-11-21,134.2557830810547,135.57708984602934,131.41211002324619,133.56640690887318,58398744
2024-11-22,136.70689392089844,137.09945819896518,133.71002286651526,134.1887555149593,43710169
2024-11-25,137.55902099609375,139.93353055760713,136.76432314156614,138.77500586842004,53883890
2024-11-26,138.32501220703125,139.5984428013521,137.472868679675,138.08564588350688,25608469
2024-11-27,138.38246154785156,138.73671904117154,136.82178840093584,138.17181800864472,24895631
2024-11-28,137.2909393310547,139.07182525084315,137.00369683887718,137.87499370823693,30947861
2024-11-29,138.3920135498047,139.30161717741578,136.96539975235902,137.77923640632747,29742979
2024-12-02,140.1824951171875,140.5846287815188,137.05157956161287,137.98032205176875,23840351
2024-12-03,140.3069610595703,141.89635699139313,140.1154709182117,140.5080352043417,35527228
2024-12-04,139.6463165283203,140.79527193904764,137.8749999215352,140.74739575323386,38537808
2024-12-05,140.81442260742188,141.5899671293947,138.64097237947502,140.26866039728668,36328245
2024-12-06,141.98251342773438,142.35592428540917,140.36440945098354,141.22612231953772,30604899
2024-12-09,143.50489807128906,144.26128919959288,140.39313597135887,141.9825172020591,39059139
2024-12-10,143.92617797851562,146.01344513231254,142.9591287621472,143.8017028255748,36278104
2024-12-11,144.19427490234375,145.64004219447833,143.67723547724202,144.1846908994371,20499709
2024-12-12,144.36660766601562,145.18045896362426,142.3750782143673,144.4527760312419,25761723
2024-12-13,142.61444091796875,143.66765849885763,139.35906502937362,143.61978231613364,39701388
2024-12-16,141.5037841796875,143.42829870025722,140.84314542326788,142.60487799324102,22634773
2024-12-17,139.48353576660156,142.18359488415763,139.14843168256274,141.50378810321808,27110781
2024-12-18,138.3154296875,140.6516325111933,137.20476654540607,139.7899196721864,19850229
2024-12-19,137.1664581298828,137.68349751496578,135.0983444188291,135.5292008332253,27104579
2024-12-20,134.6962127685547,138.25798488975394,134.04514337058293,136.81221753148526,46503449
2024-12-23,135.6824188232422,137.68351786368822,134.62920111260664,136.3909338197047,27514178
2024-12-24,134.4089813232422,135.48133776683858,133.32704087655316,135.19409525951502,25882917
2024-12-26,134.38983154296875,135.14622270983824,133.57598018527978,134.95473256972352,23939932
2024-12-27,133.0015106201172,135.72070861260912,132.71426810321762,134.71536710834124,19562177
2024-12-30,131.05784606933594,133.32703400163734,130.3014403520621,133.00149932801168,32555723
2024-12-31,132.17808532714844,132.78127852119832,130.75145679502504,131.04826869538877,20080291
2025-01-01,130.92379760742188,132.5610549292103,130.77059966802656,132.22595087276264,18169498
2025-01-02,132.3025360107422,132.5610557087721,130.59824910178597,131.17273407301693,23388424
2025-01-03,132.4748992919922,133.78662207588437,131.97701324601226,132.30254794117715,23351832
2025-01-06,126.55775451660156,132.50362037216877,125.76307118564904,132.47489758236378,44620509
2025-01-07,127.70672607421875,128.18545872303827,126.39498868181578,127.13224105173092,24239451
2025-01-08,126.99819946289062,128.5301498188251,126.16520930959798,128.23332329741976,31570331
2025-01-09,124.40345764160156,126.76839806764471,124.18324471647617,126.38541779701265,31903107
2025-01-10,122.00980377197266,124.84390019037357,121.31085088710218,124.40345972299295,34855510
2025-01-13,117.70121002197266,121.11936086241637,117.40439811552376,120.64062821078628,38968332
2025-01-14,121.53106689453125,122.21086635898129,117.71078251633102,117.71078251633102,36877365
2025-01-15,121.14807891845703,122.85236592287846,120.42997996907405,122.55555402802851,18773125
2025-01-16,122.3736343383789,123.00556492559245,121.17680274582023,122.55555507800953,22164393
2025-01-17,124.73857879638672,125.58115294011135,122.21087097497396,122.45981399969992,27421959
2025-01-20,126.05987548828125,126.48116252637492,123.42684610995578,125.41837553836952,20571916
2025-01-21,124.18324279785156,126.76839610907963,123.752386347607,126.44286142309578,32238213
2025-01-22,123.43641662597656,124.8055995122403,121.71298358195402,124.70984714461679,27505569
2025-01-23,124.82473754882812,125.1885790119018,122.26830713403162,122.41192837972491,20722538
2025-01-24,124.22154998779297,127.53437165648766,123.80983232263387,124.94921833698494,37092106
2025-01-27,120.99488830566406,123.94387577351505,120.39168051290343,123.53217272178101,24650571
2025-01-28,123.14917755126953,124.93964752916087,119.4342149575899,120.9948880126621,40373804
2025-01-29,125.23645782470703,125.75348263224956,123.08216100871927,123.51301744996476,16674706
2025-01-30,125.54283142089844,126.52901940082803,124.56622744314409,125.23645015623808,25256096
2025-01-31,128.89398193359375,129.2578234450815,124.40346706301384,125.54285317761017,26689228
2025-02-01,127.31416320800781,129.73654926912272,124.70985640076188,129.25781661499312,21173846
2025-02-03,126.21307373046875,126.87371246748953,122.37362880490515,125.70560371719078,27765357
2025-02-04,127.7450180053711,128.62588432428686,126.26094387501131,127.15139419713158,25032519
2025-02-05,128.68331909179688,129.6312149144528,127.41947260468203,127.48648757267763,16958362
2025-02-06,126.9024429321289,129.1333388079031,126.40457150104794,128.7790813262184,22408168
2025-02-07,132.42701721191406,132.84830426209064,126.92159199024184,127.6301215391534,52950146
2025-02-10,128.33863830566406,132.22595957234125,127.34288085359974,132.22595957234125,26120805
2025-02-11,124.5758056640625,128.62587962641553,124.18324140080149,127.3428796833171,23635428
2025-02-12,126.65349578857422,127.62053038336171,122.85235776674915,123.8481297585838,37927696
2025-02-13,130.4546356201172,131.83338786808585,126.25136390819702,126.65349754556125,52036196
2025-02-14,128.75035095214844,133.32703359361898,127.65884117175086,130.45463789680852,41469242
2025-02-17,128.5780029296875,129.06631956098687,125.16942895244972,127.2567108097113,21189637
2025-02-18,128.8173828125,129.16207092570485,126.14606089248382,128.57801647304558,23957576
2025-02-19,129.9854736328125,131.05784461900643,127.3715976603746,128.77907270932423,18447487
2025-02-20,132.1685028076172,132.47489871450335,129.25781474100347,129.51633446121855,24139808
2025-02-21,134.77281188964844,135.57709385414466,131.31636153324553,132.04404451970584,41987785
2025-02-24,131.7950897216797,134.6770695597755,130.84720844635495,132.9057529509142,25193205
2025-02-25,131.23976135253906,133.42278082937636,130.88548929558743,132.599360176902,23575603
2025-02-27,132.79086303710938,133.07810554526,130.10038791727888,131.3738185025967,30747044
2025-02-28,131.36422729492188,131.93871227971601,128.35778704198734,131.93871227971601,45540594
2025-03-03,132.67596435546875,133.13554357659663,128.59715311245867,131.17273692690625,31154401
2025-03-04,133.4132080078125,134.94515829281517,130.03335675342007,130.3588914408109,28634645
2025-03-05,139.88568115234375,140.25909202154875,133.08767192247157,133.08767192247157,62109377
2025-03-06,144.04107666015625,145.72621026535774,139.9814186811011,140.54631968054383,79121467
2025-03-07,145.11343383789062,145.96557734294433,142.92084480008745,143.3708546453163,81821791
2025-03-10,144.62513732910156,147.67945399144855,144.0123601179238,145.11343937543094,54450331
2025-03-11,144.337890625,145.24747971693674,141.70486111111111,141.80061348279318,35916900
2025-03-12,143.90704345703125,145.8028207386164,141.41762773028424,144.57726627276725,26377549
2025-03-13,144.46237182617188,147.02837186521504,143.63895106846553,145.53472830699454,48286431
2025-03-17,145.35279846191406,146.14749637912962,144.48150157089648,145.52514980540872,35879780
2025-03-18,145.35279846191406,145.35279846191406,145.35279846191406,145.35279846191406,0
2025-03-19,151.85400390625,152.42847432600115,149.843320912718,150.1305634274742,66161413
2025-03-20,152.2752685546875,153.29019400270343,149.9869271671883,153.19444163277876,39889517
2025-03-21,150.5901336669922,152.95507400823206,150.14970783253443,152.2656978580057,49184821
2025-03-24,151.681640625,152.2369722139201,150.42736350595635,151.27950697987026,30905773
2025-03-25,150.0635223388672,152.23697251519428,149.4124529911097,152.23697251519428,28467187
2025-03-26,149.1826629638672,150.83907380780764,148.41668781778858,149.5560738387384,23182869
2025-03-27,148.8092498779297,149.4603338558387,147.6411410847122,148.2156260881754,25909068
2025-03-28,147.679443359375,150.23587378804137,146.84643866885847,148.77095314475795,24589315
2025-04-01,146.60707092285156,148.73264489614846,145.60174412203705,145.60174412203705,29142122
2025-04-02,148.1103057861328,149.6039492781643,145.7932415728839,147.44965240855873,24977582
2025-04-03,147.08580017089844,149.33584924737713,146.1091961804673,146.49217641870388,15117526
2025-04-04,134.41854858398438,146.48261682208707,134.04513771331628,146.12834473777897,80846143
2025-04-07,123.97259521484375,124.80559990848474,119.99912031177419,122.55555075002937,121806340
2025-04-08,124.73857879638672,130.40677165016805,122.57471246608434,129.1524944378805,68999181
2025-04-09,121.77043151855469,124.47048324757613,119.97039946750046,124.47048324757613,73399980
2025-04-11,127.7450180053711,128.97057241514617,124.93965170151816,128.94184962505463,73706472
2025-04-15,130.6078338623047,131.17273483444643,129.1046064577216,129.8322893734728,38967608
2025-04-16,131.14402770996094,131.74723554432347,128.89397833556225,130.6078494615327,42684087
2025-04-17,131.30679321289062,132.09192178685484,128.0131101792325,128.6833329803231,62282856
2025-04-21,133.260009765625,134.3323808066835,131.2206186675147,131.79508906581256,26503486
2025-04-22,132.2834014892578,136.76433181415285,131.84296104914992,135.96006451631428,58429662
2025-04-23,135.15579223632812,135.48132690063045,131.47912934480175,133.46107472782782,37851304
2025-04-24,135.50048828125,135.8451763607548,134.31322609412004,134.71535975191557,23061444
2025-04-25,132.94406127929688,137.3483928447533,132.1493633359104,135.9600710970525,37764696
2025-04-28,136.027099609375,136.53455503999055,132.49405038167612,132.64723372335874,26971589
2025-04-29,135.48133850097656,137.20477894449593,134.9260068797447,136.02710072882473,25758449
2025-04-30,134.12173461914062,135.53877910523266,132.1302051363776,135.43345734283497,29205042
2025-05-02,135.3855743408203,137.01327687950518,133.5185201102955,134.04512889576648,29588258
2025-05-05,136.0366668701172,136.63029066045345,135.19409276014787,135.54836484352708,17213477
2025-05-06,138.29629516601562,139.21545370509273,135.51963693184993,136.03667639362217,42658262
2025-05-07,139.78993225097656,140.69952135394513,136.15156122934144,136.15156122934144,34674594
2025-05-08,137.55902099609375,140.42184715085523,136.77390714363563,139.78991662415723,29687927
2025-05-09,136.70689392089844,137.17605717588756,134.53344360622944,134.99303746776363,21875453
2025-05-12,145.1804656982422,145.48684699206808,138.35373354771914,139.41652059742424,47087413
2025-05-13,143.07403564453125,146.482624453301,142.67190196361287,145.53472852771824,54389876
2025-05-14,148.70391845703125,150.4656509255911,144.57724576642528,144.57724576642528,60002060
2025-05-15,150.65716552734375,151.12631415768095,147.73689354257314,148.88584894041847,57066105
2025-05-16,150.84864807128906,151.42311843643668,150.32203927925056,150.6571579495732,22884754
2025-05-19,150.86781311035156,151.41356072985053,149.48906075196962,151.2795161733279,21839582
2025-05-20,151.94015502929688,155.20511486986828,151.2795017032843,151.6146203674169,58061639
2025-05-21,154.76467895507812,154.96575308136366,151.78696150996174,152.66782776703747,36044599
2025-05-22,154.42958068847656,156.6413379308529,153.5391449209614,154.13276876597152,60715453
2025-05-23,156.03811645507812,156.57429466952186,154.630641337283,154.72639370833107,29483665
2025-05-26,155.59767150878906,158.50837403137618,155.1572456781114,156.16258710604288,25581584
2025-05-27,154.78384399414062,156.92855691713783,153.78807190009675,155.59768073375614,23296776
2025-05-28,154.3817138671875,155.77003566293013,153.8167982234654,155.49236253792478,13044476
2025-05-29,156.18173217773438,156.97643011523544,154.63064309549128,155.2912964778573,26455081
2025-05-30,154.1710662841797,156.91898701270287,153.6827496322393,156.1721652494822,32739340
2025-06-02,152.2752685546875,153.30933278888003,150.6092883521777,152.2369763725739,31365564
2025-06-03,150.65716552734375,153.81678921897827,150.48481418229866,152.27526955552628,28398746
2025-06-04,151.45184326171875,152.21781836864687,150.14012057007034,150.80077391717384,16660138
2025-06-05,151.25079345703125,152.3231499097348,150.36992714091605,152.10293698314624,23708504
2025-06-06,154.30775451660156,154.68987355895635,151.13321673748325,152.55391497441923,25804151
2025-06-09,154.1411895751953,155.00339807472366,153.6512926059639,154.50370854827648,15315437
2025-06-10,152.5343017578125,156.08116571614772,152.35794603830144,154.80743070129662,22764080
2025-06-11,153.24957275390625,154.34693717546995,152.17179344667835,153.2887579330468,17605668
2025-06-12,149.80068969726562,153.10259037648876,148.78171061318454,152.84784934308564,27846151
2025-06-13,149.05604553222656,149.41856447828644,146.77312403171527,146.77312403171527,24277592
2025-06-16,151.05482482910156,151.37815861242703,147.7921093251464,148.93846640213576,16188193
2025-06-17,149.5165557861328,151.7602772489202,149.27160731004182,150.70209803815087,16740382
2025-06-18,149.0364532470703,150.10442502801618,147.75292560844213,149.12463111144888,14860746
2025-06-19,147.94888305664062,149.3695812614616,147.4589860928769,148.92867698416805,20145922
2025-06-20,148.89927673339844,150.07502639609703,147.5863565258928,147.70392700702223,29944714
2025-06-23,149.3499755859375,150.2024064371807,147.43938048913083,147.45898055307632,17096676
2025-06-24,151.66229248046875,153.79825097470666,150.5355354661638,150.69230607959693,25403324
2025-06-25,153.22996520996094,153.72965470957556,152.3677418062637,152.7498608237262,18240433
2025-06-26,157.29611206054688,157.84480922363562,153.28875844651355,153.70027010597835,40650557
2025-06-27,158.18772888183594,160.00035365399057,157.4528834256331,157.74682459820806,31989509
2025-06-30,156.53187561035156,158.92257523340902,156.27713456626822,157.7370329296518,15842285
2025-07-01,156.8258056640625,157.19813212171806,154.54288413508942,156.77681298008653,17823415
2025-07-02,162.52821350097656,162.7927470840807,156.60045754044165,156.8258059465753,63315210
2025-07-03,162.5576171875,165.36962102869037,161.87176441531565,162.64579505453744,60571824
2025-07-04,159.71620178222656,163.12589539382557,158.7266153035522,162.55761312522574,22938753
2025-07-07,159.1185302734375,160.0493464791388,156.81602347896515,159.7064126190942,17469909
2025-07-08,158.6972198486328,159.6084210032526,158.33470088825314,159.167516736486,11398248
2025-07-09,155.7872314453125,158.67762048517898,154.3273331395368,158.67762048517898,29839077
2025-07-10,157.4136962890625,158.28571228822938,156.06157588231,156.76702870753138,17566887
2025-07-11,156.61026000976562,158.35429202947023,156.1007779245607,157.39409815300198,20689511
2025-07-14,157.19813537597656,157.8643880503442,156.08117093035503,156.61025305703114,15152964
2025-07-15,155.7872314453125,157.59985615615295,154.75844485133464,157.02176638780477,17993051
2025-07-16,154.15097045898438,156.05177294773478,153.82763668972055,155.787224418252,14591157
2025-07-17,156.66903686523438,157.45287496649962,153.94521104995056,154.31753751190692,21733241
2025-07-18,159.08912658691406,159.4614530433001,156.86500525657647,156.86500525657647,30728478
2025-07-21,159.72601318359375,162.25388335707254,159.20672358850962,159.21651614579585,29812899
2025-07-22,159.74559020996094,161.08791801366775,159.44185649430568,160.0003461911957,13615524
2025-07-23,159.48106384277344,160.82337675678392,158.60904783395793,159.95136074796844,14287149
2025-07-24,160.17669677734375,161.42103917135105,159.52023668220534,159.70639990852942,14377270
2025-07-25,158.16812133789062,160.28447973979533,157.79580982400492,160.19630187733304,12443495
2025-07-28,156.4534912109375,159.0107540258306,155.87541636688312,157.97217482791075,19296285
2025-07-29,158.42288208007812,159.16752008069668,155.00339590063598,155.00339590063598,15262937
2025-07-30,158.09954833984375,159.5006464764026,157.79581461516142,158.42288212915784,16083106
2025-07-31,154.7486572265625,158.85399622593465,153.39653680564152,157.74682428993594,26213891
2025-08-01,149.9182586669922,154.73884284196984,149.42836171891963,154.73884284196984,23927359
2025-08-04,156.33590698242188,156.68863337246128,150.39835854214874,150.39835854214874,30064719
2025-08-05,156.3946990966797,156.90419611590218,155.0817788456723,156.33591385416722,14441034
2025-08-06,155.4541015625,156.57106599467667,154.61147822240403,156.39469532092863,13438851
2025-08-07,156.44369506835938,156.76702885943823,153.10259417768006,153.97461017769194,23159540
2025-08-08,154.75843811035156,156.71802584191784,153.83742948444055,156.277121592409,11951173
2025-08-11,155.3169403076172,156.76703115971318,153.97461243699314,154.75845058288553,14325736
2025-08-12,156.92379760742188,158.38368097798784,155.29733611426408,155.31693617876937,20056598
2025-08-13,156.94337463378906,159.11851821725458,156.66903354672746,157.70762760542405,18079396
2025-08-14,152.16200256347656,157.35491345916554,151.7014982135466,156.78663117732714,47256126
2025-08-18,154.76824951171875,155.78722857956774,152.84784690825515,154.80743468913022,61022494
2025-08-19,156.0125732421875,156.23793659591405,153.59248119487864,155.29732790547314,21224239
2025-08-20,158.64822387695312,159.47124715126446,154.836826266843,155.00338943303922,28520245
2025-08-21,158.2465057373047,159.25569224762015,157.93297946685604,158.6482248201789,17282594
2025-08-22,155.34632873535156,158.02116194615854,154.90542446221374,157.99176932464727,16063984
2025-08-25,156.40451049804688,157.09036326188235,155.43450912103523,155.98319133210362,16376542
2025-08-26,151.89744567871094,155.9439992314392,151.51532665935787,155.9439992314392,19621100
2025-08-28,150.52574157714844,152.72047034391545,150.06523724830674,152.63229248106538,22269875
2025-08-29,151.35855102539062,151.96603338377983,149.95745298441892,151.3781510886852,16971859
2025-09-01,153.01441955566406,153.20058279845597,150.59432730030775,151.35856538616036,10798622
2025-09-02,155.18955993652344,155.85582758300345,152.35795607753843,153.01441621642076,21202113
2025-09-03,164.4584197998047,164.6053829115023,155.19935505065737,155.19935505065737,82352014
2025-09-04,163.43942260742188,165.8791148683674,163.25325936917514,165.58517370010776,26316842
2025-09-05,164.29183959960938,164.60538083456697,162.5870077235515,163.6255869010279,16798170
2025-09-08,165.4088134765625,169.01444785456843,165.05608707432555,166.56496310305295,36402317
2025-09-09,165.7321319580078,166.29062165640096,164.59558239805637,165.87911001307,14028910
2025-09-10,166.0064697265625,167.28020475923196,165.34021706513215,165.77132876392503,13128306
2025-09-11,165.9868927001953,167.44677608258885,165.05609145998108,165.92810745667194,13829526
2025-09-12,166.3494110107422,167.5447607925511,165.22265397975173,166.1730552808698,12119036
2025-09-15,165.81051635742188,166.76091762984797,165.2226489917924,166.33961343200357,10611401
2025-09-16,168.54415893554688,168.7891074222772,165.60477709478272,165.9672960709935,26629438
2025-09-17,167.89749145507812,169.40636755614264,165.92811100261414,169.0144559572989,21381306
2025-09-18,168.55393981933594,168.72050298472064,166.3787962117765,167.9954650825129,16413388
2025-09-19,168.0150604248047,169.1810176039512,167.152851925054,168.62254283312726,25406461
2025-09-22,167.9268798828125,168.73031807598298,167.0646564463308,167.34880505629351,20970704
2025-09-23,169.78848266601562,170.29797969308981,167.74071695110763,167.9856654323302,24533561
2025-09-24,169.1712188720703,170.91525082329014,168.8968777752808,169.66111582354708,20168891
2025-09-25,168.89688110351562,170.3371793652769,168.3873840778086,169.40636317875388,17026549
2025-09-26,164.01748657226562,169.86685712635648,163.8215307898951,168.74010016487503,20157657
2025-09-29,165.56556701660156,166.83930206116054,164.1742614896264,164.21346161741062,16832342
2025-09-30,165.3598175048828,166.71192289452748,165.00709110965636,166.07506285197854,24553596
2025-10-01,164.12527465820312,166.3102258708126,162.7731692107931,165.5851729856298,17542776
2025-10-03,169.71011352539062,171.2091970451847,164.72295104958138,164.72295104958138,55172705
2025-10-06,166.62374877929688,169.9746421340475,165.879110795064,169.79828640770359,21474004
2025-10-07,167.966064453125,168.72050995731377,166.95687791202062,166.95687791202062,19189843
2025-10-08,168.46575927734375,170.12161329868525,166.62374202986783,168.52454451707717,22662699
2025-10-09,172.85523986816406,174.22696031292153,169.28879063254445,169.29858318947913,68504717
2025-10-10,170.3469696044922,172.58089852081383,169.40636087371374,172.44372797158246,18085975
2025-10-13,169.5337371826172,170.2881826711327,167.45657890046212,169.50434456167864,19386219
2025-10-14,167.0646514892578,172.88462961188387,165.83011656494588,171.3757535932804,22082970
2025-10-15,169.739501953125,170.48413994081272,166.67274223785583,167.37819504744152,15031989
2025-10-16,170.48414611816406,170.96425053250476,168.74011409529163,169.5043521749562,12205250
2025-10-17,168.7401123046875,170.7878780361492,167.5349699534617,170.09223271611626,21659007
2025-10-20,168.47555541992188,169.79828314395053,167.36839849695085,169.79828314395053,18049579
2025-10-21,169.28878784179688,169.74929216810278,168.62253516997373,168.91646137785548,2471987
2025-10-23,170.6409149169922,172.52211747382847,170.1314178858275,170.38615892617537,31472510
2025-10-24,170.91525268554688,173.76645656232023,170.2097998716964,171.07202329984003,25226376
2025-10-27,173.09039306640625,174.30532792781943,171.98322118098574,172.3359475811792,23832477
2025-10-28,178.13632202148438,178.3812704902341,173.44311593844535,173.76644971125117,59511794
2025-10-29,181.44802856445312,183.16266783116117,178.37147642106427,179.95873770095284,51610530
2025-10-30,180.62501525878906,181.44803856405343,178.94956107620848,180.67399299444838,24270977
2025-10-31,179.1455078125,180.57601344258129,178.44005502923633,180.28207229114344,16041321
2025-11-03,178.9789581298828,180.38007124540465,178.1265421819268,178.71440957861506,16652212
2025-11-04,175.667236328125,179.3904560232443,175.2851173169437,179.30227816307968,18746387
2025-11-06,173.6880645751953,177.01935777322672,172.9532191682353,175.66723744027053,23664538
2025-11-07,177.70521545410156,178.56743887313962,171.47372563120948,173.42352088090925,19165876
2025-11-10,177.81298828125,178.82217477664634,176.55885331705906,178.35187790269174,18376132
2025-11-11,177.3818817138672,179.20429897242093,175.40270879310737,179.20429897242093,14109340
2025-11-12,175.00099182128906,178.46945570347353,174.40331693489793,177.7738103958271,19037263
2025-11-13,173.08058166503906,180.28207261093482,171.56191312244096,180.28207261093482,82083661
2025-11-14,170.73887634277344,174.1093696859203,168.64211803518344,173.93301396354244,38345500
2025-11-17,169.67091369628906,171.70888687233943,169.13202404268722,171.59131638445137,28204282
2025-11-18,168.9654541015625,169.62191421676354,167.10385168236368,168.91646141674815,34278387
2025-11-19,169.71011352539062,170.3861587800188,168.58334153340576,168.9654605688343,19621610
2025-11-20,168.9752655029297,170.8368679650301,168.779294759156,170.5821269287805,15968891
2025-11-21,164.60537719726562,168.42656747344327,164.31143603360536,168.3285970525356,28412865
2025-11-24,162.0187225341797,164.97770434638255,161.84235185507077,164.60537787418383,31202769
2025-11-25,162.9691162109375,163.89012484092416,161.74437387328885,162.6457824397421,19983310
2025-11-26,166.2416229248047,166.51596401038026,163.52758973843058,163.6255751049081,15044796
2025-11-27,164.73275756835938,167.54476135192886,163.80194137825137,167.005871702516,17546627
2025-11-28,164.56619262695312,165.58517172087537,163.90971754715025,164.73275579853328,11975539
2025-12-01,165.22265625,166.22203530061321,164.3114401150656,165.58517522225367,11758473
2025-12-02,164.3898162841797,165.4382029138782,163.6255782524512,165.0266763271307,15355023
2025-12-03,163.5471954345703,164.59558208020943,161.66599294706072,164.38981878370706,18873943
2025-12-04,163.40023803710938,164.57598776405808,162.84174832028913,164.40942458986666,11419966
2025-12-05,163.7333526611328,164.26243476770992,161.6659870170177,163.6255747384361,33500436
2025-12-08,160.1669158935547,164.80133702411302,159.70641154765582,163.7137651572728,15772400
2025-12-09,157.42349243164062,160.08853317640472,156.82581752306186,160.08853317640472,25766371
2025-12-10,158.95196533203125,160.37266354271006,157.56065974326197,157.74682298233478,22537548
2025-12-11,163.0181121826172,163.2924532757465,159.87296721789184,160.1963009956089,32603566
2025-12-12,168.41677856445312,169.01445346166966,164.01749842261532,164.21346916961272,41130927
2025-12-15,169.37696838378906,169.6709095467895,167.05486160197606,167.49576587124238,23254201
2025-12-16,166.39840698242188,169.21041081212448,165.83012470194237,169.21041081212448,22981935
2025-12-17,166.89808654785156,167.83869525433352,166.23183388321416,166.65313807694636,11624504
2025-12-18,164.7229461669922,167.00586775474434,164.17426397345784,166.4865781822587,13152378
2025-12-19,165.28143310546875,166.1926342436874,164.4388097650615,165.73212992099573,28448892
2025-12-22,165.80072021484375,167.99546387027857,165.58516436696766,165.62434954364147,23729300
2025-12-23,167.44677734375,167.88769657443396,165.83012333280536,165.92810870639488,17348078
2025-12-24,166.63356018066406,168.18162142742085,166.24163363996013,167.88769520997894,17430406
2025-12-26,165.70274353027344,166.46698159443727,164.42902339031292,166.45718903737267,16904834
2025-12-29,168.81849670410156,170.61152138554397,165.8693074139259,166.08486327402076,48001907
2025-12-30,172.24777221679688,172.78666185691725,167.34880267109997,169.28879042506475,33741158
2025-12-31,176.4412841796875,177.73460433052753,174.8932080510617,176.3628988750202,50897201
2026-01-01,178.21470642089844,178.51844012853144,176.55885238848066,176.9507789067716,21507757
2026-01-02,179.18470764160156,180.13510889107147,177.93057268465597,178.32248425227598,23006840
2026-01-05,181.9673309326172,183.11368804331968,179.1749122357095,179.18471974336657,30646009
2026-01-06,182.4376220703125,184.05429098339528,180.74258280126375,182.24166627946056,28514282
2026-01-07,180.08612060546875,182.87852423150886,179.20429713108635,182.4376199695518,18231588
2026-01-08,176.48046875,182.1142835558037,175.92199401305942,181.7027719205664,38454951
2026-01-09,174.79522705078125,177.83259414305388,173.74685534440192,175.43210206069315,25318701
2026-01-12,179.53744506835938,179.93914921719784,174.05059308160847,174.7952310860447,25782267
2026-01-13,178.8809814453125,180.66419858846893,177.4406832006057,179.7921826060008,19155081
2026-01-14,185.42599487304688,186.79770034766673,177.98936278831158,178.8809788220487,55907778
2026-01-15,185.42599487304688,185.42599487304688,185.42599487304688,185.42599487304688,0
2026-01-16,184.40701293945312,187.14063128950747,183.52518947618503,186.20983009255906,26028519
2026-01-19,184.46580505371094,185.61216214325307,183.02550679879343,183.3194479641688,19709364
2026-01-20,179.85096740722656,186.16084256846423,179.33167783188887,184.46580329331414,20094927
2026-01-21,180.6837921142578,181.95752714211503,177.22512093082943,179.85096134014822,35037961
2026-01-22,185.27903747558594,186.1510534721251,182.03590702057778,182.13389239341228,35681682
2026-01-23,183.8191375732422,188.5123438627473,183.48601122919982,186.65074139853988,28492706
2026-01-27,188.394775390625,189.23739876721942,183.92691746839182,185.83751263902195,42314287
2026-01-28,189.9330596923828,191.25577253025963,188.21842031143703,189.5803332788552,33310718
2026-01-29,198.23190307617188,198.88836317541822,190.18778882033365,190.5209151482256,60610904
2026-01-30,189.22760009765625,194.9789854884677,186.77811535533883,194.53808122494425,52262849
2026-02-02,184.70094299316406,185.181047387077,178.8613797123736,181.6341982477284,25601945
2026-02-03,189.03163146972656,194.978987666741,187.64032591460304,189.6685064801252,28467895
2026-02-04,191.45172119140625,192.17677405621038,189.54112608536582,190.07022316117292,13859145
2026-02-05,193.7640380859375,194.40091309714842,187.6501336613117,189.1002244606821,31293689
2026-02-06,193.07818603515625,193.60728312025086,190.442538018047,193.60728312025086,18446912
2026-02-09,197.91836547851562,202.1706673665258,193.55828566475088,197.91836547851562,68967709
2026-02-10,203.8069305419922,206.83450515614254,197.01696576516485,198.88837576458045,82443790
2026-02-11,203.39541625976562,206.00167167501505,201.15169476122617,205.1688408628477,40897457
2026-02-12,203.9049072265625,206.13883610170413,202.03349730689217,203.79712930054828,24109860
2026-02-13,199.07452392578125,202.67038081260222,198.46705647209666,202.41562482198435,25870923
2026-02-16,201.65138244628906,201.95511616664734,196.4976718562028,196.93857612609287,17932490
2026-02-17,198.97654724121094,201.64158784839802,197.58524169562287,201.34764668795694,18506676
2026-02-18,204.8063201904297,205.46278031728878,199.43705373982053,199.43705373982053,48357001
2026-02-19,201.2594757080078,207.1186392511836,200.12291115568183,206.73652021468234,27749813
2026-02-20,204.1498565673828,205.07086522079007,200.59319994425812,202.23926146215945,26605844
2026-02-23,203.93429565429688,205.85469821912017,201.3476404336065,205.75671285186064,23377191
2026-02-24,204.904296875,205.30600099945755,202.572382679593,203.02309443812595,23413086
2026-02-25,210.30296325683594,212.0763878335333,205.16883781037617,205.85470550453036,48873839
2026-02-26,211.16519165039062,211.58649586340846,208.7058993216261,211.58649586340846,25522669
2026-02-27,208.03964233398438,211.53749881221347,207.3831822095093,211.14558722909865,25598534
2026-03-02,206.74630737304688,210.00902288434335,200.3678544070972,200.85775136163778,30523310
2026-03-04,192.75485229492188,202.8173399663396,190.50132330520216,202.8173399663396,72096617
2026-03-05,196.51727294921875,198.9373501678109,193.63667644350463,194.48909236645193,41033397
2026-03-06,194.4499053955078,198.1143250400302,193.1173850837355,195.46888448076024,28551376
2026-03-09,187.15042114257812,189.78606903672917,183.25084573827675,189.54112056999347,43019965
2026-03-10,191.059814453125,192.66667588435305,188.1204326923077,190.08981308988655,25783308
2026-03-11,190.80506896972656,194.86141510711138,190.08001610345198,193.15656834339634,34207226
2026-03-12,189.56072998046875,190.72668713169747,186.25882927020857,190.0702270025327,24413736
2026-03-13,179.80197143554688,188.61032389194173,178.5772290726122,188.0714342621568,42683952
2026-03-16,183.1626739501953,183.85831924652325,177.58764427040396,179.30228359439405,44789516
2026-03-17,191.48110961914062,192.34333301240835,183.07449133665247,184.00529252685664,45672442
2026-03-18,191.46153259277344,192.46091162212494,189.26678884015058,192.43151900070097,26353743
2026-03-19,186.66053771972656,190.29557980739716,185.5435732285838,186.9446863339689,24146344
2026-03-20,192.79405212402344,195.41010007329277,189.43335123382218,189.4921364764287,46881257
2026-03-23,183.38803100585938,190.03103276106097,182.74136341364385,189.10023150282484,44393392
2026-03-24,186.93487548828125,188.30659594707384,183.98570117015058,188.12043271012945,34321983
2026-03-25,192.6764678955078,193.16636485425607,188.43397338916023,189.12961869832031,34767360
2026-03-27,189.31578063964844,191.5497095602212,188.7474983773317,190.39355992170925,36938046
2026-03-30,187.98326110839844,190.4915311384363,184.49519716347274,188.12043165846399,45914996
2026-04-01,190.66790771484375,196.1547448376459,190.08002536754,195.95878903870104,35813622
2026-04-02,190.21719360351562,190.91285387433086,184.152266764611,189.01205125174704,27633959
2026-04-06,192.13758850097656,192.67646318204214,186.40578824365195,189.11982151485492,28115748
2026-04-07,194.12657165527344,194.4107053102103,189.3745652242459,191.64769426561494,32090982
2026-04-08,200.05430603027344,202.22944962673415,197.91836256103738,197.92815511760955,37018381
2026-04-09,201.0537109375,203.98330016296072,199.93674645814323,200.37765073543454,36853400
2026-04-10,202.4352264404297,204.77693335784272,200.66180180198944,203.77753935340996,28385501
2026-04-13,202.21966552734375,202.81734041353766,197.4284738808108,199.58401750380781,25848544
2026-04-15,204.50257873535156,206.8834706747868,203.40521437977333,204.77691982424614,30858355
2026-04-16,206.4327850341797,208.6177213069781,204.78672346128033,205.5117763499998,26751249
2026-04-17,207.83387756347656,208.1670188522808,204.2870284248544,206.43277946081633,22837792
2026-04-20,207.4419708251953,209.08801744160672,205.56076828480994,207.71631192793055,24992602
2026-04-21,207.72610473632812,210.15600443559268,206.81490356195553,207.441971076176,17427021
2026-04-22,208.72549438476562,209.4603398135109,206.25640955805036,206.73651395366593,20795714
2026-04-23,206.64833068847656,208.79408167639707,205.9134852789404,208.73528148524096,19304122
2026-04-24,205.8253173828125,207.71631248534553,204.385019114353,206.73651855852788,22379072
2026-04-27,208.9606475830078,210.65568683044256,206.66791851282287,206.7365112615041,33068230
2026-04-28,210.70468139648438,213.83022633269505,207.9122627984955,208.89205669947847,34950491
2026-04-29,211.51791381835938,212.6152782120782,207.08924116440056,211.73346967433537,32800573
2026-04-30,207.0892333984375,211.41992051892456,205.7567131344055,211.41992051892456,24894783
2026-05-01,207.0892333984375,207.0892333984375,207.0892333984375,207.0892333984375,0
2026-05-04,207.9514617919922,210.16579061396135,207.12842355730183,208.25519550756448,23140911
2026-05-05,207.050048828125,208.04942781622478,205.21782411567264,207.91225727175217,20733709
2026-05-06,211.11619567871094,212.35073062720622,208.1278212532798,209.67589743023214,24082651
2026-05-07,212.70346069335938,214.77082648385087,211.3905404151622,212.3213416586462,21243369
2026-05-08,210.156005859375,213.00719483917288,209.92084993352336,212.61528324655575,17760366
2026-05-11,207.79469299316406,210.6556893993219,207.2460107988966,209.18599854304753,16301350
2026-05-12,207.71630859375,211.95881801144273,207.22641163951945,207.71630859375,28371348
2026-05-13,215.1823272705078,216.44626974872804,208.7646893130333,208.931252478677,46231533
2026-05-14,216.66183471679688,218.3960591940855,214.5944689437323,217.80819181127316,34985006
2026-05-15,212.45851135253906,219.86575104195882,211.63548804270772,218.49404552557326,33231023
2026-05-18,205.4725799560547,207.53994562883025,200.90673691374,206.73650747568587,73796001
2026-05-19,205.06106567382812,208.03964760262085,204.67894663794993,206.33480077691178,32573663
2026-05-20,202.82713317871094,203.30723757974266,198.93735013596705,203.30723757974266,56670462
2026-05-21,204.36541748046875,205.82531580238606,203.4640088687742,205.51177457198688,24385712
2026-05-22,204.9630889892578,206.61894307763393,204.051872885097,205.36480807765633,22023114
2026-05-25,205.97227478027344,207.4713582506991,205.2080367345846,207.0304539859507,23090495
2026-05-26,206.21722412109375,206.8736842425589,205.27661539527486,205.6587344197238,17801824
2026-05-27,210.36175537109375,214.53568711274585,206.44257962146753,206.44257962146753,39110042
2026-05-28,210.36175537109375,210.36175537109375,210.36175537109375,210.36175537109375,0
2026-05-29,203.8167266845703,211.3415364912704,202.52339158940543,211.33174393465907,67467374
2026-06-01,206.31521606445312,207.12843187407182,202.3274475728693,205.75672634529082,23733470
2026-06-02,206.3446044921875,209.14681568728278,204.35562404064967,204.78672080488315,29358964
2026-06-03,207.60853576660156,208.19641810630952,203.40522637423723,206.4523861024366,23198930
2026-06-04,206.31521606445312,207.9514701418094,205.08066613808126,206.16823800392513,18939468
2026-06-05,202.5919952392578,206.2466224146788,199.7799764917982,205.16884311070905,35802398
2026-06-08,198.6238250732422,201.063517321306,197.52646066470047,199.32927789315295,31036948
2026-06-09,199.07452392578125,199.87796212623925,196.2919127470383,198.8981681942479,42111455
2026-06-10,195.28271484375,199.29006820458414,193.99918725951196,198.89815663475216,34008938
2026-06-11,193.9600067138672,195.3219196346834,192.08859677972976,193.45050970054598,38292223
2026-06-12,197.86000061035156,200.82000732421875,195.8000030517578,200.0,27622963
2026-06-15,197.27999877929688,200.9499969482422,196.82000732421875,199.9600067138672,27071539
2026-06-16,196.0,197.60000610351562,193.30999755859375,197.50999450683594,29255187
2026-06-17,199.00999450683594,199.5,195.60000610351562,196.7899932861328,22491220
2026-06-18,200.52000427246094,200.6999969482422,198.14999389648438,199.00999450683594,22111931
2026-06-19,198.9600067138672,199.36000061035156,196.5,199.25,31571461
2026-06-22,198.97000122070312,200.66000366210938,198.6999969482422,199.3000030517578,19238506
2026-06-23,193.55999755859375,197.97999572753906,192.72999572753906,197.75,34634510
2026-06-24,190.16000366210938,193.3800048828125,189.58999633789062,192.8000030517578,51305789
2026-06-25,188.7100067138672,190.86000061035156,187.61000061035156,190.0,34151735
2026-06-26,188.7100067138672,188.7100067138672,188.7100067138672,188.7100067138672,0
2026-06-29,189.57000732421875,191.27000427246094,188.60000610351562,188.72999572753906,62549132
2026-06-30,188.05999755859375,190.39999389648438,187.0500030517578,189.5,33686235
2026-07-01,185.1699981689453,188.7100067138672,184.6999969482422,188.5,20614036
2026-07-02,187.6699981689453,188.60000610351562,185.13999938964844,186.0,29139217
2026-07-03,189.8000030517578,192.97999572753906,189.11000061035156,190.60000610351562,28474469
2026-07-06,190.8699951171875,191.4499969482422,189.19000244140625,190.38999938964844,14466645
2026-07-07,189.7899932861328,191.3000030517578,189.0,191.0,22805982
2026-07-08,188.1999969482422,189.7899932861328,186.52000427246094,187.66000366210938,17816943
2026-07-09,187.91000366210938,189.8699951171875,186.6199951171875,189.5,21203724
2026-07-10,191.19000244140625,193.3000030517578,188.74000549316406,189.67999267578125,23145573
2026-07-13,187.11000061035156,189.27000427246094,185.39999389648438,189.0,47597415
2026-07-14,188.27000427246094,190.35000610351562,186.6999969482422,186.6999969482422,24096425
2026-07-15,185.25999450683594,189.3300018310547,184.80999755859375,188.74000549316406,24924570
2026-07-16,185.49000549316406,186.75,184.91000366210938,186.5,13166990
2026-07-17,185.88999938964844,186.58999633789062,183.41000366210938,185.1999969482422,20132684
2026-07-20,186.41000366210938,187.19000244140625,185.75999450683594,186.67999267578125,11188887
2026-07-21,187.24000549316406,188.10000610351562,184.6999969482422,186.75,21618426
2026-07-22,186.52999877929688,187.99000549316406,184.91000366210938,187.99000549316406,16643117
2026-07-23,184.22999572753906,186.0,183.5,186.0,20581098
2026-07-24,182.6699981689453,183.52000427246094,181.1999969482422,183.41000366210938,16117953
2026-07-27,184.25,184.88999938964844,183.3300018310547,183.60000610351562,11857396
2026-07-28,182.6300048828125,185.13999938964844,182.00999450683594,184.30999755859375,19135253
2026-07-29,187.27000427246094,188.6699981689453,183.0399932861328,183.5,24872418
2026-07-30,186.9199981689453,188.99000549316406,186.10000610351562,188.00999450683594,13769746
2026-07-31,189.69000244140625,191.83999633789062,186.30999755859375,188.25,34249584
2026-08-03,191.0,193.5,188.49000549316406,192.94000244140625,27563681
2026-08-04,190.9499969482422,192.60000610351562,189.0,190.6999969482422,22165429
2026-08-05,192.99000549316406,192.99000549316406,189.83999633789062,192.25,22780522
2026-08-06,189.3000030517578,193.64999389648438,188.99000549316406,193.4499969482422,18802510
2026-08-07,187.5500030517578,189.69000244140625,186.75,189.41000366210938,9924021
2026-08-10,190.24000549316406,192.35000610351562,187.5500030517578,187.55999755859375,33338101
2026-08-11,188.25,190.55999755859375,186.77999877929688,190.24000549316406,20973262
2026-08-12,186.1999969482422,188.8800048828125,183.60000610351562,188.35000610351562,36484049
2026-08-13,184.85000610351562,186.66000366210938,183.4600067138672,186.1999969482422,19940424
2026-08-14,183.5,184.19000244140625,180.0,184.0,16131505
2026-08-17,186.0,186.35000610351562,182.05999755859375,183.5,16278106
2026-08-18,185.5,187.11000061035156,184.3300018310547,186.33999633789062,13393441
2026-08-19,184.0,184.9499969482422,182.5,184.16000366210938,15509632
2026-08-20,183.5,185.60000610351562,182.9499969482422,185.0,21782667
2026-08-21,183.0,184.94000244140625,182.0,184.39999389648438,26299054
2026-08-24,186.3000030517578,186.3000030517578,183.05999755859375,184.14999389648438,37800944
2026-08-25,186.94000244140625,187.27000427246094,183.5,186.3000030517578,24578020
2026-08-26,188.00999450683594,189.9499969482422,184.2899932861328,186.49000549316406,32199274
2026-08-27,186.8000030517578,190.25,186.5,188.0500030517578,40921836
2026-08-28,186.5,188.7899932861328,184.0800018310547,187.60000610351562,39370394
2026-08-31,184.35000610351562,185.82000732421875,181.39999389648438,185.35000610351562,36802869
2026-09-01,184.07000732421875,188.67999267578125,182.1199951171875,183.6999969482422,46663321
2026-09-02,183.85000610351562,184.05999755859375,181.44000244140625,182.5,19496175
2026-09-03,184.1999969482422,187.64999389648438,182.0,184.11000061035156,21964971
2026-09-04,188.7899932861328,189.89999389648438,182.83999633789062,184.1999969482422,36500951
2026-09-07,185.61000061035156,190.24000549316406,184.3699951171875,189.0,23695657
2026-09-08,184.14999389648438,186.5,183.61000061035156,185.89999389648438,24272812
2026-09-09,188.75,190.25999450683594,183.41000366210938,184.8000030517578,45985325
2026-09-10,186.77999877929688,189.0,185.0,189.0,23334612
2026-09-11,183.0,184.24000549316406,180.7899932861328,184.0,31510206
2026-09-14,183.0,183.0,183.0,183.0,0
2026-09-15,183.64999389648438,186.49000549316406,182.3800048828125,186.10000610351562,31857708
2026-09-16,183.0,185.39999389648438,180.27999877929688,183.64999389648438,29476234
2026-09-17,187.2899932861328,189.49000549316406,182.8699951171875,183.0,29397693
2026-09-18,185.5399932861328,187.9600067138672,185.5399932861328,186.39999389648438,29014128
2026-09-21,183.39999389648438,186.8699951171875,183.33999633789062,184.5500030517578,9933718
2026-09-22,184.97000122070312,185.49000549316406,183.10000610351562,183.60000610351562,17525509
2026-09-23,190.82000732421875,191.5,184.8699951171875,184.8800048828125,39798327
2026-09-24,188.02000427246094,191.8000030517578,187.72000122070312,188.2100067138672,15701549
2026-09-25,187.97000122070312,190.33999633789062,187.00999450683594,188.57000732421875,15890667
